{"type":"FeatureCollection","features":[{"type":"Feature","properties":{"slug":"loire","name":"Loire","source":"https://doi.org/10.6084/m9.figshare.19312094","sourceIds":["PDO-FR-A0497","PDO-FR-A0494","PDO-FR-A0495","PDO-FR-A0496","PDO-FR-A0275","PDO-FR-A0928","PDO-FR-A0733","PDO-FR-A0820","PDO-FR-A0493","PDO-FR-A0259","PDO-FR-A0405","PDO-FR-A1005","PDO-FR-A1007","PDO-FR-A0150","PDO-FR-A0391","PDO-FR-A0149","PDO-FR-A0826","PDO-FR-A0926","PDO-FR-A0829","PDO-FR-A0158","PDO-FR-A0982","PDO-FR-A0983","PDO-FR-A0260","PDO-FR-A0147","PDO-FR-A0179","PDO-FR-A0257","PDO-FR-A0395","PDO-FR-A0729","PDO-FR-A0585","PDO-FR-A0501","PDO-FR-A0594","PDO-FR-A0146","PDO-FR-A0169","PDO-FR-A0164","PDO-FR-A0304","PDO-FR-A0320","PDO-FR-A0299","PDO-FR-A0393","PDO-FR-A0166","PDO-FR-A0303","PDO-FR-A0400","PDO-FR-A0194","PDO-FR-A0824","PDO-FR-A0825","PDO-FR-A0300","PDO-FR-A0498","PDO-FR-A0727","PDO-FR-A0394","PDO-FR-A0154","PDO-FR-A0726","PDO-FR-A0586","PDO-FR-A0925","PDO-FR-A0201","PDO-FR-A0172"],"resolution":"municipality","sourceYear":2022,"labelLonLat":[-0.43842,47.27382],"scope":"Union of the named PDO geographical areas; not planted-vineyard parcels."},"geometry":{"type":"MultiPolygon","coordinates":[[[[4.030517000014526,45.57328400019525],[4.025918499870398,45.586310999576796],[4.0443244995395276,45.59921499985946],[4.044243999987636,45.607000000110325],[4.028652000169233,45.60858650026518],[4.033107999835558,45.62426649999402],[4.004426000422463,45.63846500031581],[4.014364000406859,45.6468204997889],[4.003480499951815,45.651751999982075],[3.988619500427953,45.65251249981549],[3.9872404995533968,45.65577199988671],[4.00472749945724,45.66541149981556],[3.995880500354332,45.667837999687706],[3.987348499750645,45.676512499745044],[3.990506999725558,45.6812350003686],[3.963279499783998,45.69387200013302],[3.9582370003153473,45.701458500334674],[3.9580605000371265,45.70416099971259],[3.9727454995094593,45.70997599959192],[3.969838499434773,45.71807300008939],[3.9790130001313493,45.726307499897025],[3.980212500186511,45.732094000251486],[3.9721959994978735,45.74336999974936],[3.9691675001898457,45.74309849996248],[3.9672809994273854,45.75531949978384],[3.958480499858351,45.75549150011628],[3.9506545003771323,45.764828000306004],[3.9403719994211768,45.76713500029602],[3.9401199999552268,45.771682999689766],[3.944234999843687,45.77391900016478],[3.9313440006209888,45.7817059996018],[3.941520000570633,45.784441499866894],[3.9617144999944967,45.77794200006493],[3.97008649964246,45.789249000107986],[3.9877660001294135,45.79542449969997],[3.9874190002394903,45.801008499770546],[4.006463999381424,45.805361999791515],[4.010135999679751,45.813991000102995],[4.0069849996047635,45.822497000200556],[3.9935549997721513,45.83169449973488],[3.9748485003458827,45.832507499663535],[3.964606000445373,45.838731000050984],[3.9792074998225693,45.842658000013074],[3.9869724998563667,45.837550000354106],[4.00679899958937,45.8375719999859],[4.013103999428416,45.85012200031509],[4.021474999404925,45.85224649977733],[4.0257499994964485,45.86140650028822],[4.045449500510007,45.848780000477795],[4.038568999488072,45.844924999944865],[4.037898999762913,45.82950149993619],[4.047633000241864,45.827958999588816],[4.054894500207133,45.811110499690336],[4.074147000337485,45.81360449972108],[4.073081999607588,45.79413799981202],[4.081632500199489,45.789955999616],[4.069083999831315,45.78565099966578],[4.065661500362155,45.77499449984552],[4.069435499839694,45.77435199972067],[4.067423499837268,45.76965799967793],[4.0718464994726675,45.7692749996914],[4.070950000017599,45.76325949985776],[4.083384499952864,45.76410149990576],[4.0789875000689,45.75724100008635],[4.081126500461342,45.751673000162654],[4.0708854998511885,45.75102150011782],[4.070754499743323,45.73257599993917],[4.066390499750151,45.732734000322296],[4.063361499422664,45.726300999714304],[4.052251499649203,45.7305204998065],[4.044255000090741,45.72749349962976],[4.040783999854363,45.72952550020074],[4.032596999524572,45.71817650002491],[4.033819499548074,45.71199349987911],[4.0435000006001385,45.71351099965694],[4.047625999896222,45.70989400036089],[4.0583025003895585,45.708336000077544],[4.057981999703882,45.70420099980997],[4.064910000310002,45.70193500043166],[4.061108500143301,45.69331000040068],[4.066243500358461,45.6891809999049],[4.047978500388185,45.686087000012094],[4.048850499370024,45.68314850028956],[4.039617000370731,45.6751900004475],[4.042533000244089,45.665697500378094],[4.046714000260499,45.65776000022355],[4.079585999391913,45.658378000343696],[4.09109850039541,45.65320400045543],[4.090984999434127,45.64560150001944],[4.079050500594449,45.6434930002621],[4.0764590005824966,45.62841550008887],[4.069934500210971,45.6269420000355],[4.068518000615085,45.608336500049504],[4.078904499927044,45.61042500018546],[4.078599000521833,45.60480550012242],[4.1048199995288766,45.59890549962233],[4.107294500580788,45.59612199988269],[4.114975000060921,45.599779500451625],[4.1157565000424325,45.59220800021267],[4.104779499976422,45.57762350032787],[4.096012499886974,45.57798700008459],[4.102255499956925,45.5688455003185],[4.115981500154826,45.56138400005373],[4.105563500283843,45.55210050046463],[4.105116500573852,45.53411000046226],[4.094654999494398,45.52928099977122],[4.084954999436114,45.516070000300715],[4.079846500013788,45.5184445004493],[4.075121000292228,45.52693149999443],[4.076936500576592,45.533787500444404],[4.0703800005370185,45.539063500425144],[4.065485499477685,45.53814899993794],[4.051103500207243,45.54714400038698],[4.039767500207179,45.54709249985275],[4.039774500387364,45.551456499882235],[4.0170714995437224,45.54849999985003],[4.0223740004431745,45.5604490001032],[4.028985000399557,45.563003999712244],[4.032825999404154,45.5691995003402],[4.041349500564836,45.57136399996886],[4.038354500083109,45.57397449972071],[4.030517000014526,45.57328400019525]]],[[[3.8914019999759035,46.029321500393735],[3.876983000616639,46.02650549992928],[3.8696194997247955,46.02188099986304],[3.8658814994891904,46.04532850011792],[3.853695499649652,46.055570499564816],[3.8674935006814315,46.059028499655675],[3.868398999954538,46.06828550006595],[3.8598884998079903,46.083023000081035],[3.8445965005062828,46.091236500438264],[3.8493234997263084,46.10080200035068],[3.846130500315506,46.10696349975452],[3.8521569996174794,46.119031000310514],[3.865660499380409,46.12762250024685],[3.870921000355086,46.14212949968639],[3.862005999988204,46.14274499993979],[3.8623370002651973,46.152279499942736],[3.851412500120143,46.157555499871116],[3.83079150024011,46.156389499653],[3.817977999912004,46.163756999752025],[3.8078789999207165,46.17828649975979],[3.8082330005151164,46.18179149968535],[3.8241529999218775,46.19080699971516],[3.8360564997225106,46.192538999755776],[3.852751999713241,46.20113549964882],[3.879219499530575,46.204511999832796],[3.8901309999276035,46.21448699959338],[3.909450999615136,46.20792050000647],[3.9128874996477796,46.199009000379924],[3.909335999528871,46.18817000014798],[3.9005089999019953,46.18536850041233],[3.899429500057759,46.179308999871076],[3.8952265002737936,46.17729700000537],[3.897491499779589,46.17042699999853],[3.894387500537123,46.16830999990108],[3.898721000213477,46.16811550039339],[3.89940049967915,46.16473100011488],[3.8972655002501413,46.1602614997834],[3.888467499517668,46.1559729997728],[3.9016449994204736,46.154937000044775],[3.937337500137624,46.16879050044139],[3.9462114998564926,46.16663949971229],[3.9198555004920332,46.14658449996525],[3.9217920003452704,46.139673000267784],[3.916325500394509,46.12076250008591],[3.936404999826184,46.11706049980642],[3.9332919995254945,46.09244799966037],[3.941201999640024,46.093145500032605],[3.9413674999166726,46.089949000413554],[3.9454295002576036,46.08953150002187],[3.9421805001002883,46.086787500183085],[3.952850000283884,46.086770500347555],[3.945739499937248,46.07368899965962],[3.954120500425924,46.06447650044018],[3.95613149978246,46.049108499906474],[3.968416999432984,46.049381999580206],[3.969319999416285,46.02115750031024],[3.960088999836882,46.014811500034334],[3.9669785003674853,46.00760349996626],[3.9753080002281536,46.00973250039254],[3.986463500214509,46.00493549977821],[3.9991159998926715,45.99422049998874],[4.017980499758624,46.005189999849044],[4.0197775005317595,46.015332500078436],[4.024007000346729,46.01846300029867],[4.0275799994749395,46.01701500021449],[4.045779000222784,46.0228149998888],[4.058844500243107,46.01721750032256],[4.042423500657531,46.00216799976587],[4.048198000549058,45.99276650035908],[4.047263999360118,45.98558150034803],[4.030124499933456,45.97612149975682],[4.0292220004042845,45.974065500083455],[4.036556999819045,45.97125549967739],[4.031787499669525,45.96520800030907],[4.020998499381457,45.962669500073005],[4.031542499759729,45.942669499875095],[4.027631499640936,45.93714850001627],[4.022676999647313,45.937538500097155],[4.022369000525517,45.93380849985746],[4.033291999584728,45.93251949955776],[4.044782499756135,45.9225815000996],[4.03097199984152,45.91172249974252],[4.0141720004465835,45.91669749984527],[3.995153499551645,45.916619499915214],[3.9882654996511357,45.91910550001624],[3.9818039995717953,45.91645550039401],[3.9710485005224507,45.918952000390185],[3.9625720003877345,45.91574449967295],[3.9544190005906725,45.91685200000806],[3.946043000591862,45.934609000043906],[3.923381000028772,45.95144299990413],[3.93996499956681,45.9582724999105],[3.9316755000178416,45.95942500017008],[3.9256450005549457,45.96499949991942],[3.9329339999709956,45.97159999955381],[3.9258260002704968,45.98461399985499],[3.905686499844696,45.98453549993326],[3.893735500579378,45.990956000455],[3.898362500133618,45.99930499960532],[3.9092090000766593,46.0038340002463],[3.8957695000597905,46.01481849996868],[3.9001865004538017,46.01799699998836],[3.9005405006299294,46.02586599963558],[3.8942985003784365,46.024422000311716],[3.8914019999759035,46.029321500393735]]],[[[3.1343304995789163,46.22399599980306],[3.121681000210781,46.232272000361824],[3.126119999460608,46.23440050016108],[3.123414500549139,46.23558949982543],[3.1260610004881375,46.23930449978893],[3.132249500295477,46.24128549986901],[3.1238844995722816,46.25025150027264],[3.1249154996035196,46.25879200031302],[3.1296765002795177,46.265056999706744],[3.1416265006206356,46.266051999998766],[3.1349679996818733,46.276446499759295],[3.1393010003309727,46.28437900011355],[3.119447000605036,46.29801400030623],[3.115573000107968,46.29489149988057],[3.1116405001388285,46.296808000365345],[3.1095484993947653,46.3049195000803],[3.1189644997636687,46.30962399986158],[3.13345549990585,46.31064749956647],[3.1337985002259656,46.32081249991386],[3.141704499664612,46.31972150015956],[3.143334000497827,46.324523499930066],[3.147163999516936,46.324406999689394],[3.1551255000687526,46.31409199996137],[3.168598999875654,46.307785999595126],[3.1860029997660986,46.32074799992371],[3.1868160005062736,46.32704000019589],[3.1957225002390186,46.33183199959367],[3.2028300003090786,46.3499075001491],[3.2007299995912786,46.3527125002956],[3.213951999669263,46.35872949962032],[3.198268999828367,46.37373999954482],[3.1837619993577926,46.377089000070505],[3.1958329994351313,46.380012499790574],[3.1929934996579723,46.38543200005856],[3.19554300045406,46.3945904997377],[3.2131924998980637,46.40043899976189],[3.2145410002379133,46.41145000041601],[3.2058669996451776,46.422224000133504],[3.214029499863615,46.42409549956674],[3.212618000206031,46.44151650004461],[3.222734999546288,46.45133499976808],[3.2059144999670246,46.46590600004219],[3.1993114993712846,46.48476100008898],[3.2378184999512283,46.52099149990561],[3.257923000356404,46.5151625001057],[3.2670449994397117,46.51508849985632],[3.2773659994525928,46.52022200015248],[3.2795814998168886,46.512691500158226],[3.276504499595327,46.511906499577464],[3.281948999932983,46.510196500378754],[3.280525499571522,46.50701449964163],[3.29288550032706,46.509611000400874],[3.30360199994864,46.50398650005302],[3.309930500323156,46.51176149964985],[3.320670999558566,46.50753000027957],[3.329743499754113,46.50835100003555],[3.3248740005867465,46.489106500277074],[3.3317910001241433,46.46721350010867],[3.3262650002963055,46.456914999640006],[3.333079000566925,46.448667500062044],[3.3247700004682885,46.43555800001031],[3.3266970000233433,46.41633250041532],[3.322884999425548,46.39980949993067],[3.308836999600483,46.388773500413954],[3.3080319998297796,46.380098000315954],[3.315952500364181,46.372291500443524],[3.3096080004998707,46.37005150004231],[3.3084244999235177,46.36569799998213],[3.3145344997751507,46.362091499628],[3.3378749997424664,46.35918900022569],[3.341970000443933,46.35222400013086],[3.3494959999422886,46.348153499659354],[3.3588735003324217,46.332053500302194],[3.351480499719643,46.322133000273205],[3.345326000446627,46.31939900006434],[3.3448474994152724,46.31112499984326],[3.348676500252105,46.30753650034955],[3.3466590004422243,46.29675750009478],[3.327372000353816,46.27474800036244],[3.319244500128313,46.27378449982121],[3.3173880005214156,46.26799650045632],[3.3077834999671505,46.267809500214945],[3.3107744997263246,46.279075499584884],[3.306323499893592,46.28419800021386],[3.300807500282324,46.28415499978813],[3.3003500000264125,46.28033450018176],[3.2830815002874463,46.28722799971121],[3.278515500499247,46.2858715004694],[3.2789130004205544,46.282629499741795],[3.2723649996977637,46.28299849969303],[3.2682465006348678,46.277363999877984],[3.2572385004899016,46.27479949960164],[3.258079500658563,46.27083349993428],[3.2497094997277416,46.26685250007241],[3.2443459999229334,46.268110500140025],[3.240952999991282,46.26300899964299],[3.2482780004818834,46.25494200041242],[3.2372454999583136,46.24666250011922],[3.229267500360539,46.25050499989468],[3.2292139995381453,46.24326250003489],[3.215271999488691,46.24319150005886],[3.2137189999276874,46.23533049957176],[3.211032500477802,46.233551500070284],[3.2085410004877235,46.23586500017239],[3.204650999457659,46.22766250019832],[3.1879844994634365,46.23134249974511],[3.1813045000345728,46.22698399977038],[3.182754000487149,46.22436399966041],[3.1772760003024163,46.22215600008781],[3.1706014996993352,46.22647850031464],[3.1540010000015064,46.2174224995808],[3.1372949996092094,46.227213999907136],[3.1343304995789163,46.22399599980306]]],[[[3.0912254999403896,45.64230600018025],[3.1000140004645544,45.64714949969953],[3.101615500090072,45.65159300018554],[3.0967115001641554,45.672723499874],[3.0997695002628882,45.68048550041033],[3.0504975003028934,45.686612999808844],[3.051561999402057,45.69447800033769],[3.0385174998995605,45.698429500132626],[3.0437519999087965,45.701095500030014],[3.045435500311951,45.70720299971171],[3.027268499906064,45.71257950037209],[3.042861999849038,45.71684650024315],[3.073331500481922,45.71903399977145],[3.075640000343878,45.72356300018232],[3.080596000090412,45.724294999992736],[3.079724999682456,45.7312284999727],[3.089052500521093,45.736879499660915],[3.08793750050154,45.739900500048236],[3.07352799992611,45.743370500132215],[3.0656749994752004,45.751923999748655],[3.077360499522647,45.75594049987574],[3.0702855005302783,45.76511950004714],[3.0761169995824544,45.768648499642715],[3.0708245000670873,45.7814910002967],[3.0660624995567134,45.78116149988262],[3.0604734994382388,45.786371499695896],[3.053202500404446,45.78601300012523],[3.0621930000902813,45.794004500374456],[3.06095049942763,45.79634749965064],[3.077910499926385,45.805715499868754],[3.0707999995158657,45.8133404996687],[3.070650499793964,45.82143950003781],[3.047093500370112,45.81914450040355],[3.0388445000648177,45.834867499773324],[3.023836000031803,45.833746500422485],[3.0212319999864654,45.83655100011888],[3.0012520000723417,45.834151499630686],[2.9788185002317746,45.842019500377106],[2.98641499965444,45.852952000044574],[2.979772499518551,45.8575344999532],[2.9792649997065674,45.86370000036225],[2.983565000405362,45.86794899971645],[2.9796105003223214,45.87111999978014],[2.9813665004096808,45.878127999753666],[3.006627999461257,45.889812500105535],[3.0304450005806522,45.893446500457635],[3.038759999471485,45.88871650027658],[3.044062000285813,45.89520599997599],[3.0649474999465185,45.88701949999498],[3.0722600000755884,45.888817999940926],[3.0767860001217553,45.88249350023678],[3.06550650001502,45.87023750000435],[3.069820000015753,45.86535050025071],[3.0677819996630196,45.86221449982261],[3.08052250038488,45.866270000380055],[3.083712999526125,45.86417950032348],[3.0899345000407705,45.867062500231214],[3.0986664997738136,45.865248999558396],[3.096844499562507,45.8824914996952],[3.0898254994832333,45.88262800032115],[3.0988835005767066,45.88544599966618],[3.097054499796376,45.89755999996785],[3.0905009996583126,45.90358699967866],[3.073847499784797,45.90153799989177],[3.073232500204695,45.90370150001314],[3.0601509998450718,45.9036514996587],[3.0583100000550574,45.90087450023441],[3.04929099963154,45.905970000197925],[3.032889500305174,45.90328350014002],[3.0305599996030077,45.90757149952599],[3.036402500530277,45.91599200020328],[3.0506580000078363,45.9168925002216],[3.0494129999081157,45.92526750040537],[3.034969999955618,45.925043500354484],[3.031141000425687,45.93320949969637],[3.0453225005693505,45.93303150006093],[3.0481250001502205,45.93535299985685],[3.051329999625507,45.93888649987767],[3.0462425003836673,45.93941399988824],[3.0450909994808257,45.94504449981639],[3.091020000285803,45.9554975001722],[3.088805499711018,45.96338500004184],[3.0834739999862752,45.964995500147566],[3.0916819997984826,45.97078799998709],[3.127143500069172,45.978192999629805],[3.135309000159665,45.976201499605885],[3.137703499458471,45.967816999682455],[3.133888499679849,45.96721449989379],[3.1323719998120056,45.960566999856475],[3.127921500298513,45.96055299988641],[3.126093500626835,45.954537999648004],[3.1073154994145136,45.95390299996502],[3.1019845005901923,45.946201500309265],[3.107297499587637,45.9434659997676],[3.1029700002038605,45.93827699959865],[3.1076190005980315,45.934151999812805],[3.1022124995119222,45.93486399975769],[3.1025684994755918,45.93261149974367],[3.0888345004273137,45.927801000129755],[3.0910039995841614,45.921533500119914],[3.100751500134502,45.91786849984665],[3.114924999438485,45.92195599954788],[3.115560499780844,45.916822499757885],[3.1224135006530616,45.91825949959184],[3.122855500603058,45.92212500022615],[3.1369444999381924,45.920181500397064],[3.1402035000466215,45.92272250025168],[3.1496960000558607,45.910822999944195],[3.156093999956592,45.90781300031211],[3.1693370001378725,45.907611999623676],[3.17708900043726,45.902569999874515],[3.1785725000666187,45.885913000253716],[3.1838719993601936,45.88699850008674],[3.18412550026054,45.87840349981472],[3.171874499852719,45.87746049980321],[3.169953000475852,45.86969200000889],[3.1564955001566757,45.86979150000047],[3.1586410000447382,45.858303500233106],[3.1552300001248312,45.84969150027149],[3.1377615000056025,45.8481080001568],[3.121242500513823,45.81835349976721],[3.1392924997215386,45.80887150040366],[3.156195999432044,45.810951000090355],[3.1563724997537626,45.80550650003709],[3.1623704994114856,45.806587499766316],[3.1583440005159926,45.78673300035094],[3.162586999348544,45.77810900011127],[3.181319499387134,45.788047500135995],[3.2051794999876817,45.78831549998325],[3.2219000004100375,45.78035750028498],[3.242932000394715,45.77695100009978],[3.247417500327687,45.77997300036734],[3.24439150051186,45.78751049970125],[3.267819499779654,45.78681999988251],[3.2859815003295507,45.790406000089824],[3.2874700000584474,45.79466699991016],[3.30213050015951,45.794542499908076],[3.30961899952918,45.78521000024973],[3.30811049963843,45.77986949960228],[3.303741000259149,45.780042499689515],[3.313240000281928,45.76821850001953],[3.3074549993326574,45.768268500207974],[3.300342999867493,45.76221199978012],[3.2965700004832903,45.76332449973199],[3.2961530000955785,45.754150000012636],[3.305083499763327,45.757717499945514],[3.3180449997409514,45.752926500379814],[3.338664000361693,45.73825850006457],[3.3454265004683497,45.73918799965121],[3.363410000151836,45.718196000391444],[3.3629805001971835,45.715860500216884],[3.3556389995196545,45.718176500044386],[3.3557645003966456,45.71453149975011],[3.3504275003488684,45.71417450028941],[3.3539340001919182,45.70928499959539],[3.340383500516669,45.70922650029774],[3.3392870004280186,45.70545799968621],[3.3220590000205625,45.71150399968239],[3.3177660001849647,45.70839200024044],[3.3072885004000323,45.71281649991712],[3.2982165003033432,45.71127400029161],[3.2843994995168004,45.72469399980902],[3.284284500403393,45.71430349963985],[3.2778245006013944,45.7008164996387],[3.2653099997728554,45.701100500164806],[3.2587765001543647,45.70578849971876],[3.2557859997811427,45.70360799994754],[3.2488859997308155,45.705688999564885],[3.2441210001558045,45.70091449985111],[3.2481525003849008,45.68459700010059],[3.2567544994377946,45.68088200040194],[3.2720535002104936,45.68606450000568],[3.2803234997797595,45.68550000002859],[3.286802500248301,45.67410899971618],[3.2975195001229736,45.66677449986875],[3.3039555001745367,45.62767150022083],[3.2892379999345103,45.62937200009645],[3.2857714996951204,45.62544299994474],[3.27615050029966,45.625208500305355],[3.2660014995809568,45.62790300019379],[3.2513549993782442,45.62617899997598],[3.24652750003924,45.628917000022994],[3.247279499866447,45.62405300009128],[3.2388950002967962,45.62488499980838],[3.24067549983237,45.62788500024297],[3.228185000373893,45.63657750042443],[3.221360999793277,45.634966499870366],[3.219678999927919,45.629986500009],[3.203013999789035,45.63452499954838],[3.1855895000522003,45.62379300013917],[3.1806985002916344,45.613551999896295],[3.194077500273256,45.599999999999866],[3.2183664996100094,45.604084999911876],[3.218423500388783,45.59963100002326],[3.227635000056517,45.5946549998517],[3.247150000553681,45.58900999988666],[3.239766499568869,45.57629400028068],[3.251092499749677,45.57170300012445],[3.2491255002129993,45.56506200045822],[3.2161259999887384,45.561111999716545],[3.2004315000315895,45.56357800031861],[3.189659499877241,45.57190450030531],[3.196925000517401,45.570962500416286],[3.198684499484236,45.57437399957686],[3.194720000285332,45.579526500241045],[3.1933935004227014,45.59915749963349],[3.163472499496998,45.584665500394934],[3.166682499869464,45.572315499594644],[3.1607409994580133,45.564757499952776],[3.1531090003621727,45.56836700019722],[3.1427905001873824,45.58108199997468],[3.1488564995628696,45.5884155000296],[3.148675500367716,45.59795400008167],[3.1293155005919355,45.60632500030805],[3.130486000153719,45.61189499959401],[3.1252994997181847,45.6151670002702],[3.1242294995563746,45.622690999537376],[3.118637999812365,45.62623849968036],[3.110103499441162,45.621079499867186],[3.0851590004629545,45.63011100017343],[3.0799999994363065,45.62789599985003],[3.076199500402135,45.63615350020422],[3.0919564996466002,45.63946700021124],[3.0912254999403896,45.64230600018025]],[[3.1996180003086505,45.720699500039146],[3.1843544994578905,45.73044250010314],[3.176615499835481,45.72006399958628],[3.1806850005334604,45.71168599997325],[3.1911799999033836,45.71047999972663],[3.194705999792914,45.70224699977315],[3.2021839994140264,45.71235700011553],[3.2124394993777514,45.71520199999945],[3.212568499710204,45.719249500369514],[3.208949000191639,45.72597999975378],[3.1996180003086505,45.720699500039146]],[[3.208949000191639,45.72597999975378],[3.227986000379458,45.7195324999039],[3.2571669998938937,45.72096200038068],[3.2571609995979514,45.73207300001517],[3.2211719995031483,45.73515150038955],[3.2160160000471474,45.73406750044835],[3.208949000191639,45.72597999975378]]],[[[2.446481500072248,47.14102950013008],[2.4337679998034396,47.14666350023867],[2.4390649998914617,47.15794849960166],[2.4263455001426264,47.16259199959153],[2.4225969995897234,47.169116999917016],[2.4361460003505737,47.18421900008719],[2.4449839997941365,47.18286150042851],[2.4494090002867615,47.185331499675684],[2.4411945006059965,47.20207099988898],[2.4244994999498375,47.203163999657846],[2.4253935000906086,47.224843000379416],[2.4338559998531752,47.230593499685995],[2.435451499718542,47.236754000353024],[2.4424575002513524,47.23976150007673],[2.4378789996424994,47.26360400001754],[2.4493664995366315,47.25896049981711],[2.465222999527756,47.259393999825534],[2.470731000322518,47.26914750017298],[2.477809499310835,47.27192750023802],[2.476403500602064,47.29037000004727],[2.494933500013691,47.29709249963513],[2.4999890001603666,47.28566149982165],[2.49831949959803,47.28026699990163],[2.517393999523397,47.272098000291216],[2.523577999377487,47.283376500088096],[2.548339000588246,47.276768000033655],[2.556767000365666,47.28538700009749],[2.575062999881338,47.282248000181696],[2.577125000339839,47.28503199996738],[2.581011999575285,47.282280500116244],[2.5926559995066283,47.28463900010093],[2.592755000329896,47.2914750001946],[2.600983500327172,47.29775300004488],[2.6337599993740954,47.28301050015363],[2.674474499546157,47.27228400041085],[2.6772675002815176,47.26467450037157],[2.699578999516196,47.26145849970417],[2.7139390000812518,47.264740000456904],[2.7189440005123493,47.2716510002407],[2.7252299999925818,47.27284349964153],[2.73507749997935,47.28176099991901],[2.730343999377086,47.285150499857515],[2.733213500256396,47.28891949994703],[2.72159950057325,47.291701500216774],[2.7060599997684296,47.31010400022108],[2.7123845005565363,47.31624500012184],[2.7270304999377375,47.32024400037074],[2.728845999996371,47.324285999709005],[2.7363799999653913,47.32336099986882],[2.736797000460172,47.325878000221344],[2.7170235002259226,47.33602000035822],[2.7174599997550453,47.35072549964847],[2.7134249996303206,47.35100900039767],[2.718548000483763,47.35486050036043],[2.709178000422122,47.36393150021417],[2.7323799994210813,47.372579499811906],[2.7352984994030978,47.38219449993945],[2.755888000542873,47.373036499845504],[2.7664159998211137,47.37317799981726],[2.7776725001901292,47.38932650007324],[2.7823834998363486,47.390388499550326],[2.78792750014978,47.40372450003736],[2.8072125006588173,47.41201300002847],[2.8173529995714603,47.412465999670104],[2.8242445001569094,47.419632999826305],[2.8335535002633603,47.42310150023189],[2.8403935001625307,47.42460100020785],[2.84535700026532,47.40996250038331],[2.852957999325128,47.40129350014026],[2.8650810001004383,47.407939999762156],[2.919767000485315,47.41046600041404],[2.920091000579521,47.42184300006704],[2.9311370004107555,47.431952000435125],[2.9315689994275167,47.44085500039855],[2.914060499344118,47.470897000326204],[2.8985259994782027,47.481606499849434],[2.8895700005243374,47.50776149959449],[2.874630499714087,47.52042499954502],[2.839222500522443,47.51122850022501],[2.825352500381415,47.497211000221306],[2.8064809995548106,47.494455500239276],[2.803458000248505,47.49775150040646],[2.7932370000922857,47.49770249989656],[2.7963570002074545,47.50551500041801],[2.7838499998367943,47.50992649975172],[2.785294000250903,47.515948000296504],[2.7742920004995937,47.518193500043424],[2.76711199947667,47.52510150031932],[2.7505705002495398,47.523992499757036],[2.738520000442854,47.528487000187425],[2.7317575006539125,47.53889949986859],[2.803125499404824,47.580953999900665],[2.77609200041739,47.58941249970491],[2.7441315003252216,47.6079630001355],[2.7337695005562432,47.631648999893606],[2.7028870002966654,47.65754049964458],[2.6504254994187795,47.67137200026327],[2.6386490006063976,47.6800309997211],[2.6352204996486286,47.67446349975035],[2.6315170002100263,47.67888000013093],[2.6239294994921174,47.67948399969527],[2.6275489998695147,47.68388199970102],[2.5897100000305437,47.6953484996019],[2.5920175004176085,47.70411250046334],[2.6079135000978897,47.71203600001518],[2.6216560003500233,47.72751750010837],[2.6247655001432464,47.7355150001226],[2.6220435002960865,47.737589499568855],[2.630952500165881,47.74507800011928],[2.6292825005895812,47.75681800046198],[2.636087500057159,47.76889750022959],[2.6518664995333365,47.75271199987789],[2.6636460004828724,47.74894749966708],[2.6725899996120823,47.760882999755175],[2.7036839999424767,47.753414500340135],[2.693315499993498,47.73874249978047],[2.7153255005387544,47.712095000075],[2.7357370005149693,47.706270499776764],[2.7478640001412065,47.70649799993136],[2.7429705002880826,47.679852499881406],[2.7560745001728835,47.66621999956523],[2.766269499660748,47.667397499545395],[2.7721695005181153,47.656177500069326],[2.7709685001196696,47.647682000136406],[2.777908999696229,47.64203450003147],[2.792177499734576,47.637482000043526],[2.7953704996844997,47.62204449966142],[2.8099355003746562,47.62167149971872],[2.814751500172211,47.62461999997056],[2.8220364995265954,47.61393150016689],[2.8204710002374758,47.60998049992922],[2.8322469997926616,47.603275000038316],[2.83756949953613,47.60361199979999],[2.842146499316524,47.59545150023659],[2.867059000535618,47.58670550021468],[2.8781809997392744,47.58876800032354],[2.882601000521027,47.5918959996074],[2.877976999388477,47.59484100035582],[2.8946760002840604,47.59588600029201],[2.9081579996370626,47.60719450032116],[2.908669499384107,47.615437499705266],[2.9153575003941063,47.614543499669786],[2.9117015001752824,47.59643200038586],[2.9221755001959173,47.587520000303314],[2.9093764995567204,47.5596105002201],[2.9194029995740256,47.55294999973481],[2.917428499561948,47.54248050022352],[2.910081000185033,47.538603500112664],[2.9121475004940516,47.52096399962533],[2.9409349998276646,47.49518199965522],[2.951213000566759,47.49449799961264],[2.9670040002279388,47.50538749977033],[2.9693000004668275,47.49754849980987],[2.9777329999240965,47.49790699972459],[2.9881269995791038,47.490473499868905],[2.983901000220558,47.486674000316526],[2.989777499399085,47.484303000231805],[2.98602150055432,47.481085000060865],[3.011002000120897,47.483821000359775],[3.026294500306276,47.46070399984846],[3.0324380000106728,47.458868000069316],[3.0414654999914363,47.459442999612655],[3.0485425003452042,47.467990000121226],[3.057053499913051,47.46955700038872],[3.0606985005697567,47.46445199987834],[3.0781895006668534,47.463126499739495],[3.0873035005697984,47.47449199990399],[3.124564999978837,47.45967250007895],[3.1185460005943124,47.44729949968105],[3.119702000598535,47.44023050024848],[3.1131254995920914,47.439330499982404],[3.1113540000716067,47.43601400020867],[3.114064499504348,47.43095850040267],[3.1109050004241006,47.42792099993262],[3.1202990004853985,47.426732999598656],[3.116702500195738,47.42095599986861],[3.104771499598136,47.42544299975983],[3.0789745001384072,47.419539000124004],[3.041051499983382,47.41815700042672],[3.0489105006986055,47.406280499685344],[3.049466999394327,47.39831499971059],[3.0571830004672407,47.39093650022901],[3.053535000125419,47.38556199967534],[3.0595560000690116,47.38030749987102],[3.056547999881199,47.37825700041839],[3.061740000353011,47.37530099996857],[3.042479500247433,47.37591450011308],[3.0398799997509878,47.36954399992344],[3.0461785005866733,47.36523200017371],[3.0431545000148623,47.36192249996005],[3.027128500363157,47.356217000210194],[3.0311329996712764,47.35403950024737],[3.0146889998741484,47.351388000350866],[3.0070485005322123,47.34374099960725],[2.995230999828709,47.340615499732785],[3.00397300050827,47.335932999685106],[2.997108499681837,47.32652700041722],[3.0009479999395325,47.31616000021806],[3.0200805001796964,47.29171499958963],[3.0278499998096993,47.294412500123705],[3.0442339999071426,47.30852649966528],[3.0573345001888326,47.299225000237755],[3.0600720001520356,47.30114200044325],[3.0801249994042443,47.29300799988024],[3.0763885004751597,47.28570049980353],[3.082646000398606,47.27936299966496],[3.0771359995800993,47.272876999763135],[3.0872035000987794,47.26975299968139],[3.082670499523944,47.266993499940924],[3.0846855000398086,47.259828999786876],[3.07339299996097,47.25059099963694],[3.0681260000740274,47.251929000251515],[3.0665454996432877,47.247485499696985],[3.0585449999297967,47.251764499563755],[3.0422954997279805,47.24682700043312],[3.042338999755387,47.2551480004286],[3.0370769995446247,47.26201700009973],[3.0163889998302835,47.2613305002522],[3.0141459993539677,47.256441500112516],[3.0210185002312664,47.2514079998865],[3.0203284994415274,47.24390100028359],[3.012800999937154,47.24412449957071],[3.010914500010344,47.230687500053676],[3.0398719995312846,47.218234499872835],[3.0383729998423905,47.20969799992942],[2.997734500249966,47.200851999734695],[2.978875000226953,47.22956499979336],[2.9830809998816443,47.260802999778946],[2.9735445000232703,47.26994150011694],[2.9400895005082512,47.28595349982032],[2.91296400044834,47.30831149965261],[2.9024044996722336,47.30404600031434],[2.894512500027524,47.295447999776336],[2.8731745005860088,47.29051249991633],[2.8733210003994154,47.285473999893284],[2.8643125002113807,47.28349149991297],[2.864901000529947,47.26940999967363],[2.8714424994536576,47.2628584997871],[2.8678650000495955,47.24848200029163],[2.85207099943058,47.26150749970065],[2.8454434998532268,47.25937800020407],[2.841507000141188,47.276306999660505],[2.828549500287759,47.27582349976845],[2.816614000521671,47.27146599989264],[2.8112110003390423,47.26586550010267],[2.8031665005570434,47.26783300009727],[2.7966920004178593,47.26025699982988],[2.78499749955196,47.260168500235444],[2.763136500278008,47.24459899977125],[2.7361154998589448,47.23493550003538],[2.734148999980322,47.2191094998448],[2.7304999997918142,47.21660299992238],[2.7122714998973425,47.21549500009547],[2.671638000342853,47.199428000016304],[2.654923999815574,47.207525999946085],[2.6459869997139003,47.202872500141424],[2.642004500320612,47.21057449979975],[2.623294499984229,47.217233999765924],[2.5956365000946233,47.20416599987412],[2.587351999432667,47.21093150015222],[2.571210999531424,47.20277899999109],[2.570031999609102,47.20471600004042],[2.566790500512587,47.20319300043982],[2.555430500594847,47.217158500360284],[2.5446524999372593,47.212770000369424],[2.531192999983177,47.19651199991479],[2.536984499768419,47.19209399997519],[2.5414170004203864,47.178008000374305],[2.5349079997433277,47.16600950020051],[2.5149625001234743,47.15754150044618],[2.490663500593444,47.16909050000845],[2.463718999611237,47.15495549981894],[2.465885000399417,47.150679999651274],[2.4536074997309867,47.143946000316994],[2.446481500072248,47.14102950013008]]],[[[3.11283500061327,45.45061550022166],[3.1158435001197495,45.45095450039898],[3.1175494998962323,45.458724499868794],[3.0998214999293907,45.45709299992941],[3.1139895002302906,45.46455249999009],[3.1094505003082524,45.46917200009007],[3.1123800003033253,45.477518999737484],[3.122470499431825,45.4766384997985],[3.130207500502806,45.47217550001052],[3.1388525006388,45.4731034999787],[3.140678000338934,45.466747500051575],[3.149457499945056,45.472577500072155],[3.1574229998216983,45.47080950029757],[3.1674255002558143,45.47267000024063],[3.189832999631255,45.46633799997745],[3.2082105006274917,45.484415000079224],[3.2240959996236613,45.46611649966828],[3.219263499847322,45.45171499963764],[3.1970129999542145,45.43875249961853],[3.191198499756287,45.44293649998044],[3.175023999850999,45.43824550042182],[3.1657810004786433,45.44393749989844],[3.1514575004599403,45.44332300014688],[3.1509850004884425,45.44593599974008],[3.1426730004598307,45.44127249977729],[3.1309020004579295,45.444865500011126],[3.1248229995336083,45.45318549992809],[3.117735499571376,45.44923199990665],[3.11283500061327,45.45061550022166]]],[[[2.4905129993909143,46.57766150038794],[2.487448999853834,46.54168550007806],[2.493379499457498,46.54091300001199],[2.4829275003220372,46.532694499767416],[2.4498544994320297,46.520676999509924],[2.4438584994534236,46.52032299961208],[2.441717500559453,46.5249579998093],[2.4300534998435404,46.526542000275505],[2.422036000275798,46.52573900035506],[2.416944499568585,46.52056949959183],[2.3840985006359254,46.51829300008781],[2.381109000350992,46.52783099998888],[2.375767000623626,46.5318819997507],[2.38287199983338,46.532598499775105],[2.3851590000422584,46.53786150044628],[2.3803360002953244,46.53970749992175],[2.381447999339593,46.544385500090954],[2.3954044998875372,46.54905749981437],[2.3930620005331975,46.55265700033569],[2.4018655004647735,46.552967000151945],[2.40278749999979,46.561019499971735],[2.4109479996750776,46.56740199993881],[2.4079864997997324,46.580997999637596],[2.4293780006902717,46.5885759997211],[2.4235770004326875,46.592674000453755],[2.431355499364419,46.600315000319114],[2.437928499543072,46.59077300035673],[2.4719785005830635,46.58583399989206],[2.4905129993909143,46.57766150038794]]],[[[2.1580494997501782,46.516093499607344],[2.1378479995341944,46.51650949982823],[2.1316294999802476,46.506782000003476],[2.1350290004720636,46.503594000112095],[2.1262445005278434,46.50220399972237],[2.120929500400925,46.49394099977257],[2.1214775002715967,46.487285000016605],[2.1151060001599706,46.4847079997635],[2.10467850019751,46.48644150024293],[2.102746499700216,46.49633449976144],[2.0808764995559486,46.50676899992716],[2.0715029995604666,46.518352999655654],[2.0805640004534993,46.53164449976743],[2.090386999678663,46.53584949981609],[2.0911394996250245,46.55667950041898],[2.092761499538163,46.558661499551505],[2.100205499937354,46.556203499774554],[2.0992774996386387,46.559575000207325],[2.108270999815963,46.561348000254654],[2.107998000070748,46.56422650020509],[2.111596499518456,46.56131000027269],[2.1139864999045903,46.58277199982798],[2.1295984999620328,46.59503649983757],[2.1464825000083794,46.599789499759964],[2.16343200054622,46.58551200048745],[2.168817999764563,46.594742000352284],[2.1795640000792016,46.60226999989808],[2.1840854996909402,46.595932999569456],[2.1812435004592063,46.58571750002755],[2.1844470000357488,46.5832029996624],[2.2034289998661793,46.58471150021551],[2.2174660002572635,46.58036349977846],[2.2256165002485475,46.582396500271734],[2.240755499896018,46.57319300033296],[2.254144500111214,46.57153400024177],[2.262754499425643,46.57181049974482],[2.2576554999446397,46.57958899963999],[2.259407500112454,46.585573500021695],[2.2705660005051045,46.58481549985102],[2.268856499690238,46.59484599971338],[2.273611999747031,46.601730500077934],[2.2808690003213785,46.590488999948015],[2.301482999671575,46.597514999622746],[2.30435099967636,46.60399349970532],[2.3121835005065186,46.60318500014718],[2.3114025000843035,46.59882200027901],[2.322954500032989,46.5948650002072],[2.3190404996135157,46.58892649986766],[2.3217860003613953,46.57174299973815],[2.3101785006475777,46.56458900000947],[2.3068589997368822,46.55325149988751],[2.2871215005015504,46.53165200031476],[2.249883999328061,46.543641000315965],[2.234128500438477,46.53220200001644],[2.2331605000164387,46.527163000153095],[2.227882500424658,46.52621350008192],[2.2188794996118566,46.53065749956871],[2.1973980005593043,46.51974700042679],[2.1931060000177047,46.51650300033197],[2.1946959994740194,46.50624849998433],[2.1911165000552404,46.50507399964415],[2.1834174996311986,46.50897800031145],[2.1827540004932455,46.513295499760694],[2.1688134998497954,46.512150500437635],[2.1580494997501782,46.516093499607344]]],[[[-1.5138885001958238,46.880028499540366],[-1.5269650004361495,46.87278750025089],[-1.5385515005705712,46.875908999830706],[-1.5488565005242878,46.872181999854334],[-1.5453519994437699,46.863653500413506],[-1.5485094996798732,46.860077999820106],[-1.541230500333677,46.85564100012313],[-1.5532985003723676,46.84730550000575],[-1.5631110003127757,46.84773700010002],[-1.5656134993797826,46.84422849979449],[-1.577264500167513,46.842775000345746],[-1.5655494999161208,46.83427699989722],[-1.5771234994721872,46.823749000176676],[-1.5774034999748854,46.81495599972348],[-1.5990420000458834,46.810295499747156],[-1.6047610001187904,46.814061999676106],[-1.6057189993934236,46.82087549971241],[-1.6097415005629856,46.82114149976536],[-1.6243425002619833,46.815366999656284],[-1.6239330004638004,46.8088959998947],[-1.6311104993723038,46.80391750009454],[-1.6347915000333635,46.81293300001178],[-1.6280004996993371,46.832987000132164],[-1.6346460004454604,46.838566499780065],[-1.6241519994592881,46.849379500155855],[-1.6227900005128861,46.86122749970554],[-1.6096015006661166,46.871230500133024],[-1.64048099975805,46.87849500000654],[-1.641767999835137,46.88790899983375],[-1.6312135002118702,46.90516499982981],[-1.6398985001903936,46.91418699968191],[-1.6347994993549813,46.92436300001663],[-1.6396535005304662,46.9268965003593],[-1.6485769998876332,46.92487550046316],[-1.656530500471458,46.926625500133646],[-1.661804499871397,46.93301799963467],[-1.6600455004175387,46.93942950011291],[-1.6673545001762458,46.94485000018743],[-1.6798485004009036,46.941305499605186],[-1.6866420000311404,46.945076000107704],[-1.6876594994828538,46.95341749976825],[-1.6790430004928458,46.963989499897096],[-1.690923500060965,46.968886999694064],[-1.689890000519999,46.98495849969948],[-1.677811500209495,47.004748500327594],[-1.6933574999217678,47.00573600018251],[-1.7074004996549763,47.015601500257354],[-1.7165560000363056,47.026087499638614],[-1.709014500071931,47.03177650041897],[-1.7237669999704,47.03506550031379],[-1.727021499571329,47.032582500095444],[-1.733110999965762,47.036275999660546],[-1.7359389996475227,47.0315275004389],[-1.7507675004145977,47.02987499985168],[-1.7610174997645658,47.02261849964753],[-1.7689264994419107,47.02269649987749],[-1.7741049999690155,47.025798999899465],[-1.7721410003157592,47.034562499908034],[-1.7768975002730958,47.038175499932315],[-1.7727295001887744,47.04827999965282],[-1.7834550004555219,47.051498499594906],[-1.7867455003626151,47.06088500008228],[-1.7937065001209194,47.06396800030327],[-1.7942605003514405,47.060029500354986],[-1.8191190003163353,47.04962499978713],[-1.8186234998176816,47.04014300020548],[-1.8339394997506993,47.023551999825905],[-1.8352619993864274,47.010890499969406],[-1.8420420002956932,47.006635500352395],[-1.853615000096318,47.00810499989515],[-1.8774944997571963,47.00106000014528],[-1.886162000276192,47.003263999936266],[-1.887867500607936,46.99923750013213],[-1.8915164994704785,47.00090250008906],[-1.8947390000719504,46.997632500029574],[-1.9117764999408884,47.00159799964488],[-1.9162504996594139,46.992147999804416],[-1.9281725000204537,46.99247599971437],[-1.9350955000493284,46.99591200004057],[-1.9405630003977379,46.9934564999359],[-1.9489555004464651,46.999629500137786],[-1.9679384999198664,47.02698550008916],[-1.9836199996317365,47.02945999972416],[-2.004579999638004,47.061330500456755],[-2.0317760003008654,47.07309400031932],[-2.048845000326619,47.08667999964673],[-2.0535540000663834,47.09454099996029],[-2.040361999374643,47.103567500004466],[-2.010518500136949,47.08173899993558],[-1.9896524994784306,47.074056499831414],[-1.9705660000706722,47.072977499604555],[-1.9558454999928323,47.066900500172544],[-1.9487969998687935,47.06779400033728],[-1.9425759994300287,47.073296000280436],[-1.9358189995212527,47.07206150011668],[-1.9362115005754714,47.10609249962465],[-1.9482970005241036,47.105292500013505],[-1.9560549995032779,47.11153499968353],[-1.9562210003403295,47.11607899985559],[-1.9696714996065194,47.1151254999223],[-1.9863874996971114,47.1235524998942],[-1.9809724996784166,47.12515300003295],[-1.9799479995104654,47.13046149990268],[-1.9741919999243533,47.13112800039454],[-1.9726319995796515,47.13469999972781],[-1.971918000207755,47.16112450034539],[-1.9794844999907188,47.17142750021633],[-1.9721180000530312,47.175938000316684],[-1.977378499638903,47.17727249960169],[-1.9733425001676401,47.18129800018058],[-1.9768695003157544,47.186525999667005],[-1.994416499472634,47.1902374996695],[-1.9895039996933626,47.195692500112216],[-1.997171499751874,47.19734150020007],[-1.9936460002516796,47.205222000302044],[-1.9779759993770567,47.2059899998322],[-1.964370000498472,47.201446499773475],[-1.9593235004784466,47.20502049955594],[-1.9518554994646844,47.204217000265245],[-1.9449719993650139,47.20740150013439],[-1.9227790001751985,47.20678300006672],[-1.9226184996074058,47.20228400042721],[-1.9362284995032353,47.19470250043116],[-1.9387310004327765,47.174795000032326],[-1.9265599995403484,47.17128200002802],[-1.9221680003551334,47.16504849978032],[-1.9096999999896305,47.171904999854895],[-1.8960524996061658,47.17474949984138],[-1.894778499669334,47.17200350016883],[-1.8916295000504015,47.17311000016374],[-1.864127000255261,47.16396399978155],[-1.864490999474993,47.15725699962711],[-1.8556005003333373,47.15672499993762],[-1.8445605001801308,47.14388350007734],[-1.8480444995308596,47.13776649961837],[-1.8337695005104961,47.130762500102854],[-1.8154584999943815,47.13210049958993],[-1.800548999919021,47.14673550017336],[-1.8063680002447704,47.145985999578656],[-1.802736999450923,47.15026049989436],[-1.8086114993308875,47.15621999967068],[-1.8027075000774917,47.17039500040184],[-1.7975740001482419,47.16976849975776],[-1.796186999761182,47.17234099995313],[-1.7731550002347858,47.17001249955759],[-1.7634155001946887,47.18342150043246],[-1.7584424996937438,47.18404800008419],[-1.7237889999214204,47.18356350006598],[-1.7035619994245088,47.176392500267546],[-1.6796425003288684,47.17277050037297],[-1.6749760001583374,47.168654500262676],[-1.6722589995450319,47.172625499799665],[-1.6683695001423071,47.17240999977765],[-1.6577080003731177,47.16736349997455],[-1.655942500166384,47.15697600005846],[-1.6430274998105046,47.150217499579924],[-1.6366644994351662,47.15165299977924],[-1.632019000466362,47.14866050012134],[-1.6085540000037701,47.15005250039552],[-1.5937514998101803,47.15704400001572],[-1.5723260006382194,47.15115300020449],[-1.5580029997137799,47.15573700035494],[-1.5478595006061888,47.14878400022448],[-1.5346859994066695,47.15282999985856],[-1.5192279996460092,47.16645400006937],[-1.5236160004251038,47.173286499923535],[-1.5129370005390235,47.18918050022229],[-1.4741904996847046,47.18682150001233],[-1.4761035006886203,47.200604000380544],[-1.4852105003124296,47.21721299955006],[-1.4809480003011495,47.2263455002885],[-1.443772000318781,47.25356299999494],[-1.459152500299075,47.26355600034322],[-1.4626184994379792,47.27789649965467],[-1.5056269993232894,47.25797349987709],[-1.5080165004805361,47.26204599962369],[-1.4995215001656443,47.272083000150865],[-1.5096479994091687,47.27489750018272],[-1.5095410004328713,47.29548100005068],[-1.5324300005302922,47.295016499966444],[-1.5291474994931413,47.30298100032914],[-1.531856499343319,47.31007149988992],[-1.525907000406218,47.31677450032894],[-1.5274449994336554,47.32495349974081],[-1.5202905003276113,47.3261034996375],[-1.513238499816587,47.32291649984526],[-1.498880999948216,47.32587100042656],[-1.4912970004433304,47.32172700012911],[-1.478738499605372,47.32085999987011],[-1.4726469994329006,47.32205600045903],[-1.4697599998960782,47.326270000406645],[-1.4510565000734805,47.327629000339],[-1.4441800005502847,47.33807599974189],[-1.4340230001192418,47.34246099963373],[-1.4034614996929935,47.34404000027182],[-1.388013999801517,47.361918999848456],[-1.429381499505731,47.379040500366045],[-1.4158245004361554,47.40118500026984],[-1.4209784998631094,47.40655549971736],[-1.4192519994871111,47.40935850031581],[-1.4297534997496557,47.41248400002344],[-1.428096500466537,47.42942349966899],[-1.4059824995364387,47.42725850022291],[-1.3900929997698803,47.42966200015627],[-1.380238000607236,47.437723500252005],[-1.377092999606122,47.44687449966308],[-1.364868499985291,47.44783449995184],[-1.3642794998803034,47.43962100036938],[-1.35432749953919,47.44017350048231],[-1.3647859999907994,47.42354050007215],[-1.3553455001889043,47.42325699980391],[-1.3440474996111471,47.41816899992975],[-1.331584999298872,47.41931299980847],[-1.3165370004616417,47.41651900014584],[-1.3111119999318368,47.41867100020606],[-1.2998040000025044,47.415289999751785],[-1.29570550000411,47.42816050023657],[-1.2915540005466584,47.42761499954546],[-1.2897019994040397,47.431590499747806],[-1.2929610002099527,47.43851199968653],[-1.279793999805558,47.43811300000157],[-1.276247499925058,47.44160100039213],[-1.261526500287966,47.44079900005268],[-1.238608500213833,47.44835199972955],[-1.2453950005343737,47.45575149953062],[-1.2207545006844494,47.46128250010086],[-1.217835000055498,47.46905199954011],[-1.2118640000037693,47.46335549998276],[-1.1811410001984741,47.45853050020688],[-1.1656990005110712,47.44477249979725],[-1.1722285004445223,47.43408550016666],[-1.1651815007101014,47.42376400027373],[-1.1701205005498732,47.42221849995752],[-1.1669465001443482,47.419342999727164],[-1.1692284993966822,47.41602049974094],[-1.1651445003252208,47.41007850003877],[-1.1585920004181776,47.41027650021032],[-1.1497335000349755,47.41882750020675],[-1.1376035001456055,47.42099350023492],[-1.1312199993687349,47.4278919997999],[-1.1140145005083133,47.43574499953676],[-1.1146275001784804,47.44009350014642],[-1.1106154996271513,47.441653000213805],[-1.116358999672273,47.44427349973968],[-1.1125855001277916,47.44749249981238],[-1.1166365003951129,47.449576999858685],[-1.0925015007004137,47.47365850028345],[-1.091617999746965,47.480218499669625],[-1.0783569999264189,47.47983850011307],[-1.079493000075101,47.48925849991584],[-1.0726375000962356,47.501480499593576],[-1.0444600001697788,47.50550100001673],[-1.0239300001571074,47.500201499969144],[-1.0128385002419702,47.48967350018269],[-1.0061625004685404,47.48806599980371],[-0.9654854997115958,47.491797500081894],[-0.9589869996991128,47.48122399979318],[-0.9674645005656964,47.47445600016034],[-0.9682315001651645,47.468626999871184],[-0.9528130004443902,47.452230499820914],[-0.9530379993343281,47.43543349973335],[-0.9469274996412024,47.428855000009314],[-0.9475129997841791,47.4200599998181],[-0.9431789998762563,47.4186080000763],[-0.9368249998947332,47.42531450017915],[-0.9227769993359123,47.42661149990373],[-0.9179984997052096,47.43853900001779],[-0.922697999738387,47.44052299973531],[-0.9205875005925083,47.45593150037933],[-0.9251469997698953,47.458362499597804],[-0.9248964993880764,47.46326149977409],[-0.9091835001901627,47.460482999931855],[-0.9127665001207973,47.458267000144545],[-0.907916999467081,47.449489999609206],[-0.9042475003849832,47.460081500403206],[-0.8913909995345747,47.46135600017204],[-0.8867919997149332,47.456786999602855],[-0.8651925003309762,47.45076900039669],[-0.8474194993258237,47.451538499881366],[-0.8264190005369044,47.44786299998424],[-0.8240129997113308,47.436731500386976],[-0.8219475002310739,47.43881350029876],[-0.7973595006639798,47.43133400032594],[-0.7894570007008416,47.4334385002019],[-0.777403499445651,47.431512499772936],[-0.7592979997958081,47.44002450037218],[-0.7585255003064164,47.4319740001064],[-0.743372499558344,47.433772999677316],[-0.7433190001862394,47.43053400013323],[-0.7314105007342127,47.42301800030598],[-0.7087410002568757,47.423211499586735],[-0.7029430002748953,47.41922299991904],[-0.7011584996049609,47.42516649976137],[-0.6917909994368273,47.42487199976246],[-0.6857775003353901,47.429934499907354],[-0.6609684998756089,47.43814099972009],[-0.6503899999749233,47.45416699958041],[-0.6307954999967086,47.446658999551715],[-0.6189570002703447,47.45092300026728],[-0.613553499369462,47.45493149965079],[-0.6165604996243478,47.462053999938334],[-0.6056440004269092,47.46523850005426],[-0.6133889997218739,47.471407999648555],[-0.6018045002607183,47.473187500163654],[-0.6085090003297694,47.47558299994393],[-0.6096395002303402,47.48883099976774],[-0.5995899999196753,47.48359500035982],[-0.581588499597744,47.48098950026751],[-0.574559500246891,47.50320700032627],[-0.5663744995984238,47.50634900002559],[-0.5693824993948969,47.51401499970721],[-0.5632965003031584,47.51448250008327],[-0.5638859996168674,47.51919250047591],[-0.5414110004769165,47.51759250009212],[-0.530904000337794,47.526043500269374],[-0.52653499939371,47.52385550030945],[-0.5236870003700637,47.512900499973895],[-0.5336134994378969,47.49987399975429],[-0.5085470001391482,47.48937600024819],[-0.5200594994810059,47.46758049977265],[-0.519521999588869,47.46369800039638],[-0.5145184993737578,47.46200100006729],[-0.5176079994575982,47.453275500426486],[-0.5091785002452264,47.450251999570696],[-0.5094389995455039,47.447679500192855],[-0.5201820000779748,47.45128549962586],[-0.5330770005432622,47.44309099996327],[-0.552139500584093,47.441087000176786],[-0.5538175001982267,47.43532899957485],[-0.5478109993959106,47.43340900016516],[-0.5447859996718265,47.423945999759404],[-0.5372774994893155,47.4250300001005],[-0.5248374999952983,47.42129800013886],[-0.5453920000549478,47.418121999616424],[-0.5374495000481081,47.40486250031361],[-0.525703499625831,47.40708950029297],[-0.5123380000198915,47.402603000437026],[-0.5124954996154483,47.40862900009898],[-0.5031410005584992,47.40791500020725],[-0.4987944993482807,47.41094699965189],[-0.4977864999981185,47.41443649999338],[-0.5051055002655008,47.41866749955094],[-0.46040449994857957,47.41719200042912],[-0.42488700052023765,47.41250899979083],[-0.4138115003662897,47.41371799951999],[-0.4145324994145782,47.41695250033875],[-0.3904785001251826,47.41768950014251],[-0.3040610003624916,47.405112999710404],[-0.27686399960744773,47.39119500047818],[-0.26664150053904356,47.3786005002651],[-0.25620499973002353,47.384189499730496],[-0.2506454995064927,47.382110000270906],[-0.23569050006698827,47.39211800025121],[-0.22114799954739076,47.41498550018789],[-0.19645899950896525,47.397663500022325],[-0.19784449990924577,47.38359299971508],[-0.1907489996022062,47.37645900017316],[-0.2010054999620595,47.360889499582626],[-0.192462000351103,47.35531600004031],[-0.19141549981033082,47.3499840001264],[-0.19897749990244742,47.34887349975469],[-0.20784750038707492,47.33769899993888],[-0.17661449976653995,47.322497499841774],[-0.15277900034834027,47.34357799992576],[-0.12169449989165988,47.328448000455616],[-0.11603700008469954,47.32089150016361],[-0.07787599943444465,47.31222750044005],[-0.07317949935203935,47.3056744996304],[-0.05450250050839717,47.301508999634564],[-0.046962499627826955,47.29410550022342],[-0.03701850051870291,47.2921049998327],[-0.02586900020874882,47.30767850014644],[-0.012668500561104652,47.314426999851655],[0.01629349975287173,47.34835450012093],[0.04063200019649278,47.34276600008764],[0.04483399935818077,47.3358750002081],[0.054199999527289676,47.33354099957593],[0.06432749990923553,47.33351550014817],[0.06608050053273809,47.33741899980563],[0.08445399947337667,47.33809350013389],[0.09058499945515668,47.34338749984455],[0.09849950023923386,47.342506500320354],[0.11391399944034691,47.33159949958874],[0.12696800006659964,47.33279450013277],[0.13801450033803708,47.336155500431786],[0.14729949956275756,47.34537499989721],[0.14040150067607268,47.36180249975562],[0.15359749999603833,47.36359249987889],[0.15604950020659988,47.36133400014398],[0.16420150025197816,47.3644110001435],[0.17059149947645214,47.35706250017893],[0.17673599973810275,47.359022500410695],[0.19875500016694994,47.34818300044391],[0.20313750039389122,47.339579999715134],[0.21051500036230694,47.33881600031215],[0.21660449951229685,47.33379899957989],[0.22768450059572082,47.33310199998381],[0.2306959994850849,47.33729599966849],[0.23039150065893207,47.33495099984172],[0.23610700050916897,47.33604500000333],[0.24287499971853665,47.332207999592924],[0.250006999976344,47.33431649990709],[0.2567574999475158,47.32242549979522],[0.2660595005804114,47.323132499837385],[0.2809769993743884,47.33095750032564],[0.28652499958510547,47.33985250010679],[0.2846014995770213,47.34685949952757],[0.2946355003637826,47.35797049992623],[0.3034609996797111,47.360959499950134],[0.3021490004933954,47.36930499996522],[0.30957150035660136,47.38311249990676],[0.3135874995895553,47.38790349965531],[0.3215130006071271,47.38974150017346],[0.34097250030644116,47.386628500395936],[0.34453650021668497,47.38340499963943],[0.35155899965498383,47.38694600020959],[0.36464899998789163,47.38586449967518],[0.3728629996163535,47.39311249976796],[0.3800210001815959,47.380367000270006],[0.3941404998384096,47.37642099960741],[0.3909289997284563,47.37366749972609],[0.3946659998748692,47.367432000319525],[0.45464599968863645,47.37350699985686],[0.4567765004912577,47.37133700032266],[0.4881149999198087,47.370897499672196],[0.48707999949004843,47.37974399995525],[0.478816500266867,47.38690000017791],[0.4800000006351047,47.39857050003222],[0.46321850036644024,47.41233700019199],[0.46640849988449634,47.412072999862225],[0.4637780000179852,47.41904900038478],[0.4770649997008398,47.427676000316644],[0.4918719994352151,47.42314400007154],[0.5064865005702499,47.433858500370185],[0.5247534995219,47.43284100041091],[0.5327835002227073,47.438499999689846],[0.5356814996630306,47.446911999679656],[0.5423590003572752,47.44751050020507],[0.5482444995330782,47.45394449995269],[0.560185000025901,47.45786299991639],[0.5705345006497152,47.449788499650744],[0.5697729997907979,47.44275850006772],[0.5646584994600735,47.43903649999848],[0.5674254997798016,47.43156599963669],[0.5723265002536273,47.42970699961845],[0.5930089993289386,47.42975050030076],[0.5826614997574855,47.448083000387946],[0.604063000358486,47.44660549961067],[0.6066379998630834,47.43877200036887],[0.6190154998656405,47.437381499756],[0.631454499565539,47.431167999602],[0.635623999884019,47.427297500082865],[0.6308200002664147,47.42280050024047],[0.6401004995569167,47.41861849953065],[0.637698999377174,47.40868650021232],[0.6530574997350799,47.39869849995056],[0.6464949998733263,47.39671399991952],[0.6479415004831062,47.39162049978354],[0.522029500144993,47.36668850011981],[0.49436249958782646,47.35871550036763],[0.4797665000551296,47.34435549959576],[0.45135999989676534,47.32589999980112],[0.396501000455019,47.31693850015855],[0.36495499953822613,47.30047699980068],[0.3435419998376413,47.29471050041044],[0.314644999777525,47.27364650024738],[0.32628400041781797,47.26300700048192],[0.3520965004862034,47.28163100039006],[0.36848849999773764,47.2853304996364],[0.37640200008788066,47.28411500030417],[0.38057750007210955,47.27658300001704],[0.3907234993299647,47.273919500308935],[0.39173050023968403,47.277130500065276],[0.38132000037056984,47.28703299997797],[0.38563299988570804,47.29385499965384],[0.39722300042676006,47.297020000045364],[0.40330700036225203,47.30252100012993],[0.41598999991285956,47.302956999563555],[0.42772399995969,47.30962999982441],[0.43579249943074977,47.30967349986794],[0.43614750018811244,47.313996500011044],[0.4451614995515134,47.31783499994442],[0.45627999968998295,47.32148099952522],[0.458959500190283,47.318212499878314],[0.46212100002562984,47.31905650016693],[0.47420000055197464,47.32937449977307],[0.4830854993535664,47.32690750000491],[0.4903275006094549,47.314562000216156],[0.5035960000929094,47.313467999651714],[0.5082070001426591,47.3101669999707],[0.5027135002949411,47.29676300019315],[0.49168399992174544,47.284845999753166],[0.50681250014759,47.27554800018011],[0.5228209997108473,47.27134699969647],[0.5461945000999913,47.27801000041568],[0.5649989999420127,47.28909749966566],[0.5745004999247919,47.29572150026602],[0.5792495001829603,47.306141500046465],[0.6101619997151605,47.30539250026528],[0.6097090003932002,47.31118950001989],[0.619561999868059,47.325732000323185],[0.6271689994257198,47.32989400000049],[0.626972000426003,47.33812350023091],[0.6238800004226763,47.33758299992621],[0.6217300000439284,47.34474950025084],[0.6405675004320529,47.35393449979682],[0.6410204995449712,47.373014999808525],[0.6566809994951776,47.37409849956307],[0.6647760001749162,47.377815000175296],[0.6684604996990575,47.39131899956286],[0.6641080006227958,47.39701450018643],[0.6801599998365071,47.40070950006391],[0.6782975002306226,47.41584249982055],[0.6727734996557919,47.425075499566745],[0.6752990000442017,47.43550350032791],[0.6832234994651392,47.439595499974644],[0.6909880000993932,47.439091499745864],[0.6931395004279388,47.435585000483684],[0.7104049994135744,47.43874549995132],[0.7321505003564247,47.4608214998043],[0.7250870003446385,47.46189350018463],[0.7328504994088141,47.470637500065905],[0.7253949997640327,47.47368400013909],[0.7155680005137587,47.46738399967262],[0.7060730006435189,47.469814000081726],[0.7007175006511431,47.45844799986162],[0.6850075004482464,47.4517019999232],[0.6756035003561444,47.4619144998794],[0.6728004995108671,47.46034450024184],[0.6629100000788086,47.47324799960265],[0.6633519998521161,47.482385500037985],[0.7101070001973332,47.49632200002544],[0.7094874999335932,47.49923749964487],[0.7272055006232827,47.49939449997304],[0.7284680005941091,47.496545499904194],[0.7338024994877157,47.496928499823674],[0.7380985000881352,47.490324000358896],[0.7363494999674448,47.480042500123965],[0.7621170005270003,47.47931599994966],[0.7597084999148797,47.473256000315],[0.7659899997499028,47.464973499625415],[0.7863409997101696,47.46542800023903],[0.8046649999496893,47.469494999683874],[0.8190515003104089,47.46050849977083],[0.8234300001359897,47.46983249992336],[0.8196404998601495,47.47477549982664],[0.8211614997767757,47.48892050034361],[0.824627000511755,47.500120500126435],[0.8331024999609594,47.50086150021959],[0.8301080006399516,47.50347649972968],[0.8360600000144125,47.51605799990415],[0.8471779999096536,47.51737150025544],[0.8672629997523633,47.513759000163994],[0.8714340006955132,47.52384249984448],[0.9102489994162212,47.516641999627446],[0.9152260004045254,47.52515250015656],[0.930765500317211,47.52264250028987],[0.9511465002588502,47.530489999918466],[0.9649555005352534,47.528135000211854],[0.9655140006115097,47.514152500001394],[0.9775979996192167,47.51415949953625],[0.9935260001197211,47.5064739997834],[0.9982290002575558,47.49631750034823],[1.0042699995812254,47.50034999962618],[1.0194644994386506,47.50182299983764],[1.042366000359142,47.50995299990448],[1.0358224994621388,47.52778099966715],[1.0423195000981478,47.52825849995854],[1.0464305003189014,47.536716000010195],[1.0643990001417272,47.532506499948326],[1.0794090005641783,47.53806799985513],[1.098336000477811,47.535392499663175],[1.1031365002890685,47.54601349976829],[1.1097340000451832,47.55089650022903],[1.1181735004546554,47.54788150012073],[1.1275709997115688,47.55238799996419],[1.143550499514018,47.553813000284244],[1.1479525005240412,47.56199899967663],[1.153224999804314,47.56398699966174],[1.1456479998988844,47.566968000305316],[1.1485059995198355,47.57293400037785],[1.1349869997745723,47.57999199989648],[1.1288350005867855,47.590363000041094],[1.1385374995431246,47.590553500239594],[1.1483890001617256,47.596007000156334],[1.1516434995752756,47.60512499954875],[1.1658204996009143,47.60760749984219],[1.1874684998702512,47.60607049965698],[1.2168694998729968,47.593178999732466],[1.2294994992718478,47.60288000038683],[1.2318510005564844,47.60173250025852],[1.2262479998186926,47.592999000217645],[1.2394750000477388,47.593169500054955],[1.2424834997691416,47.589149499828935],[1.2511944997770654,47.589096999741415],[1.2541204998726858,47.582467499800416],[1.2597689998688664,47.582565500043486],[1.2599125004061968,47.591920999710894],[1.2734099999465314,47.59191100004131],[1.3174814998725368,47.6165929999551],[1.340953500016436,47.620619000028285],[1.3392534997897567,47.60352000005726],[1.3461269995732865,47.60001949962845],[1.3497950000057448,47.603019000408594],[1.3500889995850878,47.59789449997722],[1.3558864996589128,47.59362599973939],[1.3676500004889602,47.60119049969692],[1.3748010005116469,47.610804000120126],[1.432436500628605,47.65086999968226],[1.4703174993574817,47.65439700027079],[1.4976359993744128,47.66107300023676],[1.5026485001728385,47.66825999969143],[1.541072499972904,47.681121500403314],[1.5383724998876203,47.683487000385306],[1.5418805003903708,47.68935700030736],[1.5600979994229338,47.69159399994573],[1.5755744997327217,47.69929650000647],[1.5792699994794024,47.7036779998728],[1.5723694998179674,47.718343999978345],[1.5746909993717626,47.7237114999097],[1.608596999431954,47.73393250021207],[1.6217874996126402,47.743816999812324],[1.6227285002336431,47.755078500419536],[1.6287464996591918,47.76460000025338],[1.613656999442019,47.774282499689555],[1.6202605005557833,47.77926999959087],[1.607240500280186,47.7800435001378],[1.6142700001009838,47.79186850002859],[1.6087494993493379,47.79507150028706],[1.6218635000495307,47.80652799956071],[1.6405605002324533,47.79315400003507],[1.6488960002205262,47.79374299999501],[1.6553714998808435,47.798727499834506],[1.6515405004776664,47.800818499627134],[1.6545734993829244,47.80371449982438],[1.6434635006045397,47.805987999894754],[1.6477290005660257,47.81158900033884],[1.641732500390983,47.81573499975659],[1.6405664996672145,47.82323899986022],[1.6594490000397013,47.82878150043325],[1.6765120002610916,47.8404485004149],[1.6729750004381287,47.85328649994563],[1.6493359996545816,47.86780999977264],[1.6569374999496607,47.86915850018562],[1.6642104994516642,47.864747999705486],[1.677199500352355,47.86279900007566],[1.681661500057766,47.85859699967998],[1.7039925005806424,47.85741650021191],[1.7082084997673246,47.86252049995047],[1.7129330000557625,47.862226000395644],[1.725967499912317,47.86991800028579],[1.7351254995324557,47.88256450028315],[1.7438274998128824,47.88514700027428],[1.7486304995400688,47.87496250000544],[1.7593065005747992,47.87667849988806],[1.7647130002025844,47.87121899994831],[1.7787224995432136,47.87358100017249],[1.7840209999473395,47.864949000295944],[1.8099159998602041,47.86349250027531],[1.8291715004787983,47.86791950013133],[1.836211000157169,47.87253699960489],[1.8672320004553769,47.871496500328895],[1.8671329998375874,47.87513799994934],[1.8766185001033597,47.87431050022457],[1.8852969994930684,47.879778999669526],[1.8809360006014504,47.880245999902606],[1.8783874994455947,47.88468249971599],[1.8874874997476343,47.886595499690344],[1.8863114999704782,47.89603949991588],[1.8769115006464643,47.89581749988113],[1.8758030004772586,47.899062499927986],[1.885601999930952,47.91167900004971],[1.8881039994240587,47.92125850007482],[1.8852725001343653,47.92678699985167],[1.8943190000953365,47.93298100044846],[1.897897499719857,47.92112399984574],[1.9178460006650067,47.91935400003496],[1.9369385002401496,47.93335999986515],[1.9436434994723877,47.931583500212255],[1.9437710002627808,47.923355500031136],[1.956964500374666,47.92124049967766],[1.9639555003360003,47.92602950037971],[1.9637900004818327,47.93052549969984],[1.982098499705066,47.934000000147286],[1.9935205000645912,47.942725999757144],[2.0094874994537513,47.94122900026321],[1.9922219998645019,47.9333765001587],[1.9969304998145878,47.927164000430714],[1.9943994998696097,47.925403000287105],[2.0045794994103696,47.92367850004436],[2.006849000151283,47.918040500385416],[2.011218000041,47.92117950016224],[2.0354929993723894,47.922368499996985],[2.0451295006700536,47.93399349960917],[2.0633470004153938,47.93071050013799],[2.061623000342892,47.9275589998914],[2.0683874995819744,47.92613599968846],[2.064137499449697,47.92028450030148],[2.0705910004805492,47.91364050035934],[2.0706625005252897,47.90595499967578],[2.075936499915385,47.90110700043191],[2.0806795002940217,47.90228599963905],[2.0837260005237734,47.894378999861246],[2.0900084994778823,47.89644549985216],[2.0966539995280224,47.89466349990838],[2.1073840000124617,47.8812975002665],[2.109075500377051,47.876579500162535],[2.1014314998145642,47.8757634996125],[2.10013999954926,47.872020499623744],[2.0760859997708203,47.870890000429775],[2.0580780001826,47.876559499919885],[2.058603499456695,47.8818550001888],[2.0492135005567724,47.88380800042052],[2.030045499609359,47.88130049988552],[2.019655999487771,47.88603900021224],[1.9983110003555913,47.88908200029847],[1.991864500144154,47.893469499933786],[1.9962155006573,47.90324049960837],[1.9905874995514032,47.90484199997131],[1.975277999471923,47.9040320003926],[1.9728899994186717,47.901325999894276],[1.9445304994945933,47.9021339998192],[1.9151879994963315,47.89597500015931],[1.9116154993324683,47.892915000393074],[1.9125129996268646,47.88176449999816],[1.9183484999130687,47.88214750024233],[1.9292544995566718,47.87118949952043],[1.9294350002663518,47.86520950040238],[1.9368634997651728,47.863751499686686],[1.9392359994749644,47.85921750031369],[1.9364229993768967,47.860107500122886],[1.932937499505486,47.85272050020573],[1.9434504998984072,47.84951949963547],[1.941070000145535,47.84631799995234],[1.9466350004288868,47.8435489996608],[1.9476759997155875,47.82007900002322],[1.940640999711005,47.814300000368895],[1.9287625001333966,47.81371949961286],[1.919271000431554,47.8304299996999],[1.9145949996917948,47.83166750015418],[1.9180135002936602,47.832449000031154],[1.9156254994079338,47.83705600014351],[1.9001594994875541,47.833491499864316],[1.887914000522294,47.8363230004772],[1.8881534998269842,47.831782500282294],[1.8608574994463167,47.832644500389534],[1.8614474996855532,47.82645050020449],[1.84933150008166,47.81957500035384],[1.8459615001560006,47.78714000012487],[1.8174075001117758,47.77968450020765],[1.8082304999739793,47.78324099971769],[1.8004015002307268,47.77897799981819],[1.792379999470063,47.78690049960513],[1.7803475000082956,47.78257199970956],[1.7764940002096878,47.78736499982494],[1.769601999685779,47.78297000029671],[1.7633059997595677,47.78701649991638],[1.7541074998706472,47.80245549999955],[1.7283394999627775,47.82023950024256],[1.7079445003101126,47.811659000375975],[1.6931470002561007,47.809735000382055],[1.6835265005245983,47.79412150009374],[1.662654999587268,47.78513400041193],[1.6610640002821224,47.776230500117464],[1.6662594996496516,47.77167350027536],[1.661377500145943,47.767328500388636],[1.665017000166526,47.7590744997266],[1.6547749997095562,47.751684500238156],[1.6557000004559321,47.74719349992269],[1.6752764995735019,47.738626499666516],[1.6960749999154348,47.73874300038167],[1.706473999847103,47.733222999594076],[1.713538500553908,47.73335050020203],[1.7128709996376863,47.72205950024014],[1.7280580004860855,47.699564499916136],[1.7125415001133808,47.6934559998128],[1.702263999326342,47.71174900018408],[1.6620914996797265,47.711298000322806],[1.644614499347123,47.70764300014864],[1.6359570000437558,47.702238999877544],[1.630656499888287,47.705085499667746],[1.6258485005936618,47.702964000452546],[1.611428000533841,47.693409500425545],[1.6149604998157228,47.68344800026091],[1.6104569993687636,47.68162100035848],[1.608818000553808,47.67009749988675],[1.5760339998867647,47.653292499799086],[1.5782325007167404,47.63918449969292],[1.5690374999736578,47.630804500071186],[1.576182499926732,47.62437499991412],[1.5969769997215872,47.626308499749854],[1.6008764996651428,47.61850750006609],[1.5998765004709008,47.58994299993441],[1.5922734994870442,47.58692600036018],[1.5302405002483825,47.58313900040242],[1.5359300004081482,47.55848700028428],[1.528360499655463,47.5581645000623],[1.5344879995563714,47.55276549990166],[1.5317990005573177,47.54604499973662],[1.5388469994468092,47.54119099990272],[1.5548980000793033,47.54723750009942],[1.5553004999569788,47.54247249984878],[1.563441500179227,47.54446099977926],[1.5649554997304165,47.53619550025816],[1.5459455003915874,47.537282500064485],[1.5238474994876043,47.5186890001986],[1.520784500131904,47.51929750024546],[1.5274315003520507,47.514351499690065],[1.528900000139811,47.50073399960667],[1.5010210000478752,47.46289050001138],[1.4841739994545289,47.4504889996789],[1.49097799991029,47.447885500222114],[1.4996390000593711,47.449477499911964],[1.5317215003033509,47.441340000376606],[1.5641284998212002,47.45586299987987],[1.5683245001802655,47.449998500296935],[1.5580794995032037,47.4432285003304],[1.5612415002665507,47.440146500151265],[1.5582665005233218,47.434954000057914],[1.561586999537803,47.41635549954421],[1.5577429999860521,47.407288999697876],[1.5609494994369493,47.40551199988533],[1.5559084994421786,47.40138549992434],[1.565505500294592,47.39276900033006],[1.5535075002277472,47.38441250035964],[1.552821000643368,47.37703100003111],[1.534108500464535,47.37797149996528],[1.5257180004921505,47.374055999830674],[1.5309305001708398,47.35771999984461],[1.5269259994771616,47.33803649968321],[1.5191180002571234,47.32910099999235],[1.5097170005561522,47.32846899986518],[1.50435850023282,47.3240260003337],[1.4960844994693991,47.32610349959256],[1.4945344997683556,47.32302300000828],[1.5108789997312995,47.30175949973916],[1.5260295003300972,47.29246599959588],[1.5287504998952588,47.28303950000092],[1.5447055003941763,47.2947099995911],[1.556106000528866,47.2972615001105],[1.5626039999717272,47.296000499848226],[1.5857509998240664,47.3002019998683],[1.5962680005265397,47.2951865003975],[1.6093640001226752,47.29963249969252],[1.6145804993838133,47.295257999892506],[1.6076444994391559,47.27542299975866],[1.6127744993711477,47.2772999998905],[1.6186584995680127,47.2720849996856],[1.627497500623505,47.27551050002257],[1.6435785004643042,47.27173150022684],[1.651691499611198,47.27299399966531],[1.6524049996222379,47.26881549995897],[1.6446674995914767,47.26422599990808],[1.6680165003793161,47.257032500205064],[1.6706789995279976,47.260645499525964],[1.6784899993319164,47.25947600030379],[1.683007000375496,47.26296499995685],[1.7045229995995115,47.26497400026704],[1.7052435004901851,47.27114049960926],[1.7158160001376779,47.2768195000205],[1.7500449993020375,47.247313000289566],[1.7414325000940882,47.243625499935725],[1.7343489999267,47.245117999637806],[1.723206500525433,47.231700499607626],[1.6735414995905993,47.23227999976694],[1.680197000522443,47.22809000016099],[1.674806000159567,47.21020250013106],[1.6784060002375747,47.201946500069134],[1.6902059996873644,47.19751550034917],[1.6887810005694053,47.18985999992888],[1.7017824994875752,47.189617500231805],[1.6960935003996884,47.1853139996612],[1.6950905001797978,47.16996949958698],[1.699187000450613,47.1638300004081],[1.7213090001220177,47.155628500384424],[1.6747014998681156,47.13854749954036],[1.6594459996853805,47.11461900009596],[1.6515859998340225,47.110929000365395],[1.6520339998587494,47.09649300015791],[1.6402435003433444,47.1066774997021],[1.6289035001285006,47.10728300017756],[1.6253719996310532,47.115268500193615],[1.6022559996113548,47.119125999976994],[1.5724219994753206,47.13647549977425],[1.5570450005860217,47.13317800027916],[1.556979999431449,47.119549000115526],[1.5514744996407286,47.11294350042149],[1.5449895006100152,47.11487849967248],[1.5143489993217898,47.11057000033365],[1.4974674995780257,47.119940000408604],[1.4856430000607115,47.121742500114735],[1.4645679993679277,47.09248100037036],[1.4701980005643398,47.082401999631124],[1.4623784994321338,47.06925300026948],[1.4318350004370775,47.06892599974138],[1.394289500204053,47.077486500207804],[1.3912475006543583,47.08569399998993],[1.3796000004176712,47.09625900032613],[1.355662999516709,47.108471999718674],[1.3658839997209946,47.1225485002191],[1.3637464996745243,47.13508100028495],[1.3513010000008,47.15224900013786],[1.3434530005809204,47.17368249996777],[1.3236659996005802,47.18750049992353],[1.3218500004772202,47.19625550027127],[1.303544499830712,47.21808949960309],[1.2945859996041353,47.23735149953079],[1.2801100002863333,47.24797049993877],[1.2764334996241464,47.25684299970403],[1.2658865002058721,47.255665500173976],[1.2602235001551385,47.26451950022047],[1.243315999727147,47.273851999663336],[1.2413734994731165,47.28800249991967],[1.2233299994870717,47.29417199961741],[1.2156965003849063,47.292388999876],[1.2155690003903037,47.28901399990823],[1.2038050000647826,47.28885400011666],[1.1940814998997036,47.282956500222284],[1.1910454996565016,47.2858050002952],[1.1831394998780365,47.284556999751615],[1.1741274997045865,47.28860449960413],[1.1620589995176722,47.2721984999059],[1.1519190006100786,47.27052049984088],[1.1553635004114042,47.26713699963308],[1.152781499852877,47.26436650016079],[1.1428574998431178,47.26489399958116],[1.1185360002553812,47.256363499971854],[1.106773000616026,47.250706000280566],[1.1102334997980938,47.24673850038794],[1.0730644997739223,47.22618549957533],[1.090976999753255,47.21623950008799],[1.0893405000839675,47.213835000419145],[1.114410500015379,47.22001799988956],[1.1320190000515644,47.21215149964245],[1.1437334996912767,47.21969550003221],[1.1717455002719934,47.21588849967744],[1.1831759999149671,47.21847699974555],[1.1910719995863734,47.2105035003375],[1.1868899997521327,47.1962025002208],[1.1684044994065232,47.187424499836474],[1.1782625004383882,47.18010199964054],[1.1905444992845187,47.15494400031583],[1.1994585003796274,47.14819400027405],[1.1955209994216824,47.14113799975281],[1.1882464995414905,47.1390864997171],[1.1905224998689572,47.134385500079155],[1.1866665006226336,47.135921499853566],[1.177794499450154,47.134662999698016],[1.1754264995205734,47.131400000056274],[1.1559175004265554,47.13129199974994],[1.1476414994433328,47.12693300038158],[1.1257125003715056,47.12899849993605],[1.1303375006162484,47.13440099969599],[1.1196965002651367,47.141441000292645],[1.0950244998935295,47.133485500404795],[1.069942999917257,47.15161149979742],[1.0359099994374539,47.16819199997661],[1.0514050004914692,47.1794314996581],[1.045975499608225,47.18022599959238],[1.0547969996829687,47.1921109996446],[1.0607600000326693,47.19109700045091],[1.0520545005197555,47.20188700026799],[1.0618765003080466,47.20240050004962],[1.0651109993777599,47.1968584999494],[1.0743939994340939,47.20622749972253],[1.0744145001936944,47.213739000272234],[1.0666839995680224,47.21680349999728],[1.0717819994700446,47.218973499592785],[1.064335000229259,47.2239300002738],[1.0657324995964998,47.22907400022052],[1.031242999542061,47.24330800003005],[1.0238209998600738,47.24970149976738],[1.0122160000620148,47.26481850043421],[1.008805999473664,47.28236849993429],[0.9960830005183299,47.28361550012329],[0.9903694995210418,47.29441150016846],[0.9844845002617163,47.292656500247695],[0.9740995003669579,47.29797800027251],[0.9632215000571772,47.28898750002358],[0.9520984998330582,47.294746999930226],[0.9365625001512884,47.29464999980401],[0.926943000016995,47.28333149990359],[0.9236794999786531,47.281761999945985],[0.9192975003501319,47.28494750027839],[0.9105700005198643,47.28002649996817],[0.8828714995457662,47.29223200028826],[0.8775064998765147,47.2974274996501],[0.8459399993665577,47.300713000257645],[0.8464945003877506,47.30926799986753],[0.834534499404783,47.31122650002847],[0.8273235000304153,47.30892899964711],[0.8243410000697737,47.2951239999669],[0.8303050001627297,47.27590349989674],[0.8230944994876332,47.27841799954186],[0.8183779993796122,47.27691650021696],[0.8186554999602177,47.26018549976584],[0.8042890006496437,47.25648699976512],[0.8012749996162928,47.25329749976116],[0.8053994999293007,47.250023500037884],[0.7849449998003034,47.253663999660695],[0.765483499338849,47.2638825003142],[0.7740280005879525,47.2835674998347],[0.7511375005645913,47.28860900023919],[0.7556405000199293,47.30850950033795],[0.7497909994352973,47.31171399959172],[0.754648500578496,47.31740350006877],[0.7512015006954887,47.31875549981392],[0.7315834995978484,47.318884999714285],[0.7303950003234554,47.31441449991303],[0.7194230001559334,47.316331499660265],[0.7036304995350575,47.311430500067516],[0.6987189994292743,47.314457500247734],[0.6916064997181175,47.31375000024958],[0.6642194995380329,47.29958700027271],[0.649596500075596,47.30321150045396],[0.6353140000335928,47.301735000356985],[0.6151380002131084,47.304882499960044],[0.6151225005400002,47.29718900047764],[0.6112000004998954,47.29780500012128],[0.6089444994149923,47.28985350033495],[0.6136799998716439,47.286505500029264],[0.6043270000523344,47.279301999829805],[0.6108770001762595,47.27503600013269],[0.6100629994520743,47.26953549971635],[0.6274889997919363,47.26273000003462],[0.6273230005105543,47.25683549967082],[0.6341924995674644,47.248614000152656],[0.6440069994898451,47.245384499508454],[0.6485894999559549,47.2257915003298],[0.6404755001060083,47.221309000159025],[0.6373829997703817,47.20641700037577],[0.6185844995719996,47.21000699957973],[0.6146199995770277,47.208057999876054],[0.6091840004681797,47.18827150030448],[0.6120674995065492,47.1848054999944],[0.5688330003260548,47.18909950037764],[0.567572499731318,47.191284999805546],[0.5594560004869373,47.189270499993306],[0.5636484993978201,47.21214499968416],[0.5564209997431041,47.21306800041563],[0.5459399999930312,47.202694000284765],[0.5263125002596427,47.20333200023489],[0.5193455002650982,47.2004780003478],[0.5091484998155325,47.20572500006916],[0.5059150002480137,47.19941050012278],[0.49694549994297244,47.19917749983757],[0.48875600018733595,47.18397499965104],[0.4885299996473542,47.165659500019885],[0.4742139999979488,47.15238199954949],[0.4738669998823026,47.145312500168345],[0.5045309996849949,47.14530950023581],[0.5064499996198052,47.14124549971066],[0.4969300001908417,47.134300500460434],[0.4997749998883037,47.12629199977349],[0.4873090006030205,47.11502449965841],[0.46639650028617996,47.11369599972581],[0.45331400043301695,47.12027699996315],[0.44436700026420506,47.119770999961716],[0.45588050049525125,47.11285000049234],[0.4515769994409879,47.107786000356576],[0.4582005000003368,47.09930049989877],[0.4495835002583021,47.093265500031],[0.4495880006846319,47.08377199975323],[0.438730999980466,47.08345800031237],[0.43869500049307836,47.090071999897006],[0.42563200011365354,47.08873150044355],[0.41487600041950795,47.07820299966338],[0.4023204998363636,47.086676499955615],[0.3805429994427163,47.071460500206406],[0.37510150032366707,47.07438249958372],[0.3708359995691591,47.06859499972239],[0.35697000002483736,47.06601750031467],[0.3476550001532388,47.07040199997109],[0.3514019998223393,47.07591099963113],[0.34696099960115884,47.080242499721585],[0.3147035003002038,47.07801550038497],[0.30529350061450355,47.074294999692476],[0.3016580004296574,47.0798560001557],[0.2858944994905577,47.08385049965668],[0.2595659994459295,47.08162249981996],[0.2446924998121308,47.08634700007639],[0.23295600070762204,47.073174499686026],[0.2332474996497501,47.06404550019822],[0.21381500035405498,47.054238999886735],[0.20819199979052302,47.05323499968161],[0.19223500010155287,47.06540300010811],[0.18868000018638936,47.06043149981719],[0.17970950015180576,47.0591834997247],[0.17569600039778666,47.06072749963028],[0.17439950055176437,47.07168299991534],[0.20095299945836376,47.09125800034187],[0.18571850029478687,47.10150300034846],[0.18352400055181972,47.11385100050237],[0.17369250063828046,47.112121999820246],[0.1619204996869647,47.10011049985985],[0.13471649969847044,47.10787250008973],[0.13343449966675788,47.11500300042144],[0.14068849967880753,47.12459050040617],[0.12716650005982594,47.119966999642905],[0.12351899975135029,47.128492000236214],[0.11098299972856476,47.13027499962843],[0.10435900042924946,47.124701999937976],[0.10471950063472496,47.12079400001871],[0.09027300061356598,47.12258249996721],[0.08134549983730552,47.118538500113246],[0.07637100049443928,47.12393099997377],[0.08197700000643172,47.13646000034449],[0.0783954994602082,47.146334999656325],[0.06560600041093592,47.143068000031285],[0.061542499503879376,47.154912499899645],[0.049204500034318414,47.16888699955546],[0.03663749981658067,47.16035799984342],[0.03922999990683191,47.14295000010708],[0.04287950066478668,47.142572999850515],[0.027801500454145936,47.12962650039691],[0.03196700035910609,47.12782000003454],[0.02349100060364718,47.11797549970471],[0.00855600042894758,47.11578349991316],[0.0013550000448219971,47.119147499626024],[0.0030825002134712088,47.12188250033366],[-0.0003869999704450481,47.122847999651],[-0.006981500570929489,47.11834849962609],[-0.01282849963430504,47.123898999947514],[-0.0164659995631483,47.11815550023139],[-0.03443999989098374,47.12062100001338],[-0.04098450034204839,47.113555999637114],[-0.03941399997934139,47.10787350007386],[-0.02653500038254533,47.10579850017764],[-0.03531499944373981,47.08671699969122],[-0.019169000307287784,47.09564449962621],[-0.0035800004205395744,47.091003500051045],[-0.0008210003235280932,47.09345350016981],[0.005174500193873373,47.08741049970636],[0.021666000361111423,47.102189000158596],[0.031670500661524034,47.094829499733656],[0.045305500582655076,47.09186199977027],[0.05152450045273049,47.08505550019755],[0.05117199940744526,47.07321349993768],[0.023724000022282053,47.045260000346936],[0.036030500475522864,47.03614700037553],[0.042130499355079926,47.03973350013504],[0.04549850059799786,47.03791149996346],[0.04868750021350697,47.02951499963636],[0.03878450038229196,47.033321999844404],[0.02854150030192921,47.02200149978168],[0.005399499610857713,47.030624500082055],[-0.0022064995656032693,47.02844499970199],[0.023931999764024454,47.019028999928366],[0.02343500047884502,47.01222399984121],[0.017023000621706714,47.01443400021723],[0.007178999970954514,47.010815000279],[0.00822700006243634,46.998776000088874],[-0.00627599954834597,46.98592600038222],[-0.016446499660984572,46.986932500332045],[-0.028961500145355708,46.98289500002499],[-0.031212500593667293,46.984739000361635],[-0.033119500533480846,46.98024499953867],[-0.03842850023807902,46.99030549996894],[-0.05102000048530356,46.99098949998369],[-0.055325499654641314,46.99463450002654],[-0.07057499939043385,46.99292150003848],[-0.08647599976726218,46.98529600030871],[-0.09237649950382125,47.00528749984313],[-0.11844899948199572,47.007163499634615],[-0.12341749997512717,47.01367250036074],[-0.12530000005232333,47.01169699968235],[-0.13908799946303327,47.0167559998317],[-0.14910799934859106,47.028555500044604],[-0.1592879997125406,47.02383499969787],[-0.16356849978581559,47.0168109998171],[-0.15685149985186317,46.996839999804244],[-0.17436950020445163,46.984621999649846],[-0.16402350010648276,46.977107499618256],[-0.15833100012931023,46.96494500025155],[-0.14412100019548454,46.95472250029788],[-0.1402579995159991,46.96646149981689],[-0.12411649973858768,46.95564800002293],[-0.12511449977530145,46.961657000469046],[-0.1156984994080705,46.971399999967595],[-0.09984549963225782,46.9726820000784],[-0.0937060001878848,46.96628650012213],[-0.07703799977174793,46.96987900035268],[-0.07437499980270397,46.96471450023866],[-0.04625300042160105,46.96651700001078],[-0.04548049986078702,46.959468000039294],[-0.0323399996430971,46.95060399978244],[-0.030735500331075936,46.94177500024997],[-0.022563000283571513,46.938969999998946],[-0.015596000482112111,46.926872999942184],[-0.009121500126099993,46.907924499968665],[-0.013369000063926221,46.90144650014432],[-0.022991000513079007,46.89625399971484],[-0.02630649927905008,46.88056999961932],[-0.0392574992908036,46.872111499704516],[-0.053703999668338956,46.853090000460845],[-0.04905650058858735,46.85035149979824],[-0.056299500113516976,46.84655499967199],[-0.055576000568156786,46.852419999568994],[-0.06356799987074382,46.85216349958639],[-0.10026349957925912,46.84400800047711],[-0.09245399979033149,46.851193999629984],[-0.08803200058715475,46.86226899995743],[-0.07181199984656614,46.87516749992918],[-0.0661705005646053,46.88406100014481],[-0.06873149988726415,46.888508000060156],[-0.08659350045821249,46.89447750036435],[-0.10551400049846112,46.8918700003513],[-0.10827549938222968,46.899192500081185],[-0.1168445005702426,46.9050619995868],[-0.14479250009030772,46.90943349963602],[-0.15198649975351225,46.90594700003447],[-0.1596355005673751,46.90663600015024],[-0.1620785004196609,46.92107450031685],[-0.17273500050417603,46.92844699992006],[-0.17437500023662084,46.935431999663365],[-0.19973800021680052,46.94522550037877],[-0.2085039996163157,46.95551749975293],[-0.19853250038778028,46.96289399955296],[-0.20431499953758683,46.972576999691206],[-0.21436849957817647,46.9724439999964],[-0.21349749948230562,46.96796300013355],[-0.21775150063228602,46.96755350017229],[-0.22182799935022138,46.981369499864826],[-0.2427924995189805,46.98247499983695],[-0.25390699982608317,46.955176500404036],[-0.23565600015919608,46.96251800023906],[-0.2280814994481784,46.958051499915385],[-0.22820699995496804,46.952423500254504],[-0.25716700006440935,46.924633499905454],[-0.2752000003759488,46.93480049984414],[-0.28775549969956327,46.93221899975102],[-0.2945274993603931,46.93903999991714],[-0.3101120001246878,46.943271999807635],[-0.3094300006399557,46.949453500360846],[-0.31985950002113184,46.94768199962048],[-0.3223034995350344,46.95325199995087],[-0.32777100062704473,46.9521795002319],[-0.31897549951561616,46.9644004996356],[-0.3239469997915308,46.97054200034977],[-0.3311480000343284,46.96726899972608],[-0.3346499997723624,46.97290349967805],[-0.33086549967397255,46.97614200022231],[-0.34606499964708165,46.98028849991431],[-0.3566989994653081,46.97463849965204],[-0.36056700032394534,46.97702299988225],[-0.3569644996739082,46.97994300012322],[-0.3721714996814367,46.989396999819],[-0.36952349937612905,46.994275499700926],[-0.38933450009854326,46.99322100040353],[-0.4094194994057971,47.006515500170664],[-0.40149749955021974,47.016336999895984],[-0.3851885003846827,47.011368000401255],[-0.37810649940331553,47.017071999670215],[-0.37195799988783584,47.017802000458346],[-0.38335649967349794,47.02846999977295],[-0.37970000058508724,47.03035700006686],[-0.39120999982793875,47.03534950024606],[-0.4000795000886262,47.03630900010756],[-0.4074239993789714,47.031858500213595],[-0.41240900057782826,47.03538450033989],[-0.3986495001712101,47.04957550018297],[-0.4037160002072444,47.05337049973073],[-0.40106700014181346,47.05437850027791],[-0.40390000050824176,47.062142500062926],[-0.3972725002350252,47.065225999554386],[-0.4007819996468148,47.070768500453404],[-0.4086575004079332,47.066305000103505],[-0.4179019997097842,47.07189049975883],[-0.42299999969316976,47.06983250009205],[-0.4268510000782442,47.072980500315275],[-0.44081549960900235,47.06782800004461],[-0.4609590000846909,47.06882499978049],[-0.48038550033681554,47.053632499623234],[-0.4855380005609349,47.06520899951127],[-0.4788785001611313,47.07135850037739],[-0.46429999984180775,47.07435000005297],[-0.4595580002276642,47.0824070000507],[-0.4687289999329514,47.08389400034153],[-0.48768849974883416,47.081044999832145],[-0.49314900043816334,47.08338599997846],[-0.5151314994370033,47.077936500089365],[-0.5066549993858511,47.082107000093984],[-0.510076000181236,47.09566099958439],[-0.5027615000908788,47.10191749973904],[-0.4850760001724385,47.10905949997154],[-0.4951084997274637,47.11677900002541],[-0.5097605004801613,47.12078399984667],[-0.524602499936642,47.11469949975784],[-0.520965000196229,47.113259999676494],[-0.5229599999775346,47.108619500228606],[-0.5490579995570845,47.108462500227795],[-0.5585780003479773,47.101607000374706],[-0.56406499990098,47.104350000018144],[-0.5925164999755509,47.07729700006035],[-0.6006000000533941,47.081727000038654],[-0.6041600001677692,47.08897299987262],[-0.5988255001548537,47.09986699997535],[-0.603510000327021,47.10235799982307],[-0.607313499753212,47.117609999631405],[-0.6035420004798046,47.12099199979716],[-0.6006244997718513,47.118276499983025],[-0.5924209994357289,47.12141099982954],[-0.5873179994093368,47.12698699989376],[-0.6071794996420864,47.13678799968018],[-0.6083984996989068,47.146974500402905],[-0.613577499925063,47.14877750025759],[-0.6427394999028012,47.15113249998233],[-0.656038000361006,47.14115499983177],[-0.6615440004732668,47.14234449969904],[-0.6595515001489201,47.136743000326696],[-0.678505499950451,47.130081499628616],[-0.6849345005340522,47.131802999749745],[-0.7013929999740294,47.12776950031395],[-0.7057160005535178,47.131886000224576],[-0.7159220000533562,47.13274150016129],[-0.7215249998667531,47.128046000415345],[-0.7401754993928217,47.130069499878964],[-0.7548670002041435,47.1263449996918],[-0.7652005000649909,47.132819500140435],[-0.762523499370636,47.14355999968527],[-0.7842939995749982,47.14238749969522],[-0.7879139998100025,47.14904149999105],[-0.796481499915751,47.147728500185856],[-0.8024935004181943,47.15688249968384],[-0.8187799994206374,47.154411500040425],[-0.8283440003524549,47.159912000274154],[-0.8191164995896293,47.15786899986233],[-0.8120505000692894,47.16004249958709],[-0.8096310005673121,47.16380050001701],[-0.816342500527018,47.1656875002314],[-0.8064264999800791,47.17667250027177],[-0.8132059996761218,47.18418450043779],[-0.8087544995885119,47.187097500252264],[-0.8146094998287641,47.193464500118054],[-0.807021999330253,47.19470749980106],[-0.8139380004407368,47.19663399973037],[-0.8102510003615645,47.19907549968093],[-0.8120909993806796,47.209603499796714],[-0.827480500406526,47.20787749963417],[-0.8315900003342427,47.21212699970739],[-0.8107619998090219,47.21787750037044],[-0.8028035004461574,47.22300149975352],[-0.8091605004382041,47.22435799975396],[-0.8081685003773801,47.22659099967099],[-0.8027035000349202,47.2257949999125],[-0.8116554999550929,47.23644450000939],[-0.8054259994349151,47.23503900022882],[-0.7988449996999512,47.240034500275264],[-0.8086459995134988,47.24372899964192],[-0.8088605004660723,47.251870500217684],[-0.8232309996153825,47.25116300037752],[-0.8581609996144897,47.2559630000714],[-0.8632479992817131,47.268065999748856],[-0.8766015005350435,47.26575999992589],[-0.8828644994313339,47.27094199999967],[-0.8868124995643497,47.26511500048918],[-0.889553499483101,47.266703999920274],[-0.8866240006134005,47.27187249981978],[-0.8955455002554848,47.26955249962173],[-0.9079470002345738,47.27339100006799],[-0.9158575007117609,47.27078250032713],[-0.9174965003184903,47.27271699956437],[-0.9195665001510352,47.2697775000487],[-0.923493000166804,47.27452900039583],[-0.9203010000989954,47.26881150012839],[-0.9323279994675272,47.26432999973573],[-0.9402540005116825,47.26739099966978],[-0.9480394997487621,47.26064249973756],[-0.9423129993214305,47.25891499990577],[-0.946029999468348,47.25376700013976],[-0.9297920002397477,47.25310249959753],[-0.9232994996375261,47.24747900041895],[-0.9325754994155051,47.24347999963902],[-0.9275819995389907,47.241820500158674],[-0.9276984996689412,47.23830550002698],[-0.937128500528156,47.232546499685995],[-0.928763000321904,47.229767499756406],[-0.9297040000183704,47.2278499999644],[-0.9366965004580977,47.23089250003168],[-0.9378895003649143,47.227707999757534],[-0.9400480000622794,47.231431499579955],[-0.9660559997861838,47.226859500295156],[-0.9639315004942639,47.23205249973019],[-0.9744445007236043,47.23638850034375],[-0.9804245002776308,47.23369499957556],[-0.9884380001980604,47.23715599967184],[-0.9972594998401183,47.235505999843],[-1.005136499537185,47.242030500110936],[-1.0120389995213697,47.241425999760544],[-1.0115929997775412,47.2374769997438],[-1.0172289995325274,47.24091450033102],[-1.0236570004178258,47.2390614998792],[-1.026274500116236,47.23759049984052],[-1.0206914999336305,47.23077450006628],[-1.025920000322873,47.22877649951936],[-1.0199390006037494,47.2240434997746],[-1.03316199959594,47.22518850048499],[-1.022978500322441,47.21877750039907],[-1.0363555002537554,47.219241999843106],[-1.042196500033144,47.20709599961243],[-1.0231555005992257,47.20895800003517],[-1.0279424998441116,47.20103050045813],[-1.0392214994786604,47.19867400003713],[-1.0379124997522253,47.19362550035823],[-1.0292680000360146,47.19374300026883],[-1.0335375003408,47.191277500033124],[-1.0316275001181168,47.18714599976572],[-1.0449100002507905,47.18729700037155],[-1.054553499566822,47.183142000198316],[-1.064908999517669,47.18504250018334],[-1.071694499782899,47.17750349989543],[-1.0725779999740515,47.18517650021477],[-1.076003500628376,47.18502950034142],[-1.0801955004730739,47.1938200000839],[-1.0756609999216447,47.19625000021206],[-1.0783990003270694,47.20188699977596],[-1.0945515004826205,47.20550399972779],[-1.0939944995341204,47.214344499969094],[-1.1153594999299519,47.21469799958008],[-1.1223950003976266,47.220294999647926],[-1.1337250000038874,47.21464149955897],[-1.1343469993934778,47.2058889998592],[-1.1458765003887663,47.191178499785664],[-1.1497594993914249,47.19299650020827],[-1.1541260001434888,47.18701149986408],[-1.15745500061829,47.18844200023273],[-1.1587829999490646,47.185520000073524],[-1.1627754997312854,47.185984000064316],[-1.161636999897457,47.17764450034421],[-1.1673350003086078,47.17693099979543],[-1.169556999269253,47.17051449969048],[-1.1594829994084361,47.17194650014404],[-1.1487144994264646,47.16677999999831],[-1.1362215002529157,47.16756249997025],[-1.1260335000859427,47.16007949985898],[-1.1281630005965693,47.15524349983418],[-1.124890499380997,47.15056900021021],[-1.116608999545117,47.15108850025007],[-1.1108195001551318,47.14626399991173],[-1.1045240005964467,47.14816450008848],[-1.10076900050727,47.15417349969463],[-1.0936680002377264,47.15253900029434],[-1.0896609995568987,47.15796300015922],[-1.0824009998215733,47.15593599977587],[-1.0831649995508645,47.15033049998189],[-1.0764575005986485,47.151745000019396],[-1.0738004995784503,47.14732150046376],[-1.0789145002834444,47.137489999563456],[-1.0750724993129734,47.13103099971863],[-1.0503605005434808,47.13981949957267],[-1.043444500575616,47.1462799995858],[-1.0239949993179938,47.14446399970105],[-1.0147224996098356,47.14811000003952],[-1.012983500427178,47.143524499915635],[-1.003809500399784,47.146671999629355],[-1.010492999555615,47.14908900002435],[-1.0050524998243175,47.15284899988996],[-0.9957695005392747,47.15320800035901],[-0.995348499758829,47.14961850035556],[-0.9879135002788321,47.15104900015512],[-0.9840474999138645,47.146163000141414],[-0.9706465005247541,47.14821500013128],[-0.9554010002878524,47.14387950038813],[-0.9576140001001747,47.13712000024446],[-0.9443395002134022,47.13174049990258],[-0.9501799998656174,47.129552499882216],[-0.9470165001752625,47.12764200005175],[-0.9522209994417348,47.120019999769944],[-0.9462630006138077,47.119649500128844],[-0.953339500491946,47.11458599964443],[-0.96541750057799,47.11581550008859],[-0.9695369994315933,47.101336000287425],[-0.9785615003423184,47.100129999532804],[-0.9931675001688267,47.089038499646115],[-0.9982755007138375,47.09060200029041],[-0.996953500354047,47.08312100035415],[-1.0084280001444512,47.080041500204636],[-1.013866999581837,47.07533649981436],[-1.0269459994038979,47.077925499664],[-1.0329139994709624,47.07009700015173],[-1.0398274998573735,47.06791349982467],[-1.0360444993697373,47.0706354997688],[-1.039505500054322,47.073280500074326],[-1.0462664992667376,47.06866949962609],[-1.0430360005405876,47.05921949989526],[-1.0387514996669833,47.061281500172065],[-1.031962500038124,47.05598800038052],[-1.0441729994572493,47.05216250006266],[-1.0412254999940609,47.04720750008166],[-1.0336779997887278,47.04450199999111],[-1.0284864997704348,47.04676999977176],[-1.0283865004097428,47.04308100026212],[-1.0224144995497788,47.0444719996071],[-1.0170644997522846,47.035803999628726],[-1.0117849998108233,47.03456250035836],[-1.0122705005702843,47.03706849964219],[-1.0088984999474553,47.036852500144406],[-1.0032040005497989,47.03422650010761],[-1.003813999551629,47.02921099976127],[-1.0087875004511486,47.027671000004204],[-1.003713500386614,47.02547700026386],[-1.000832500356694,47.02785699973108],[-0.9956719995490226,47.024269999984256],[-1.0001880004504657,47.02278850038404],[-1.000761500207937,47.02565349975048],[-1.0077079996204799,47.016672500319835],[-1.0064904996012263,47.01297050007795],[-1.0161110003956335,47.00364099952678],[-1.036557499508827,47.004346999971375],[-1.0389944995074025,47.00648200020553],[-1.0438610001498108,47.004313000158234],[-1.0475975001516766,47.00721899977963],[-1.054722999602095,47.00435250041536],[-1.0592799998367315,47.00876500001793],[-1.0640419995785788,47.00808400017725],[-1.0667230001839592,47.01300200026493],[-1.0741249995451272,47.008279999763175],[-1.0813489993841108,47.01319799975083],[-1.1106710003204041,47.015698499582726],[-1.1180244999603726,47.020520500228955],[-1.1437265000804249,47.02496799975129],[-1.1485670000020738,47.02954899992759],[-1.117048000177622,47.040135000252654],[-1.1214785004997498,47.055760499977005],[-1.114706499386604,47.062132500046076],[-1.150120499687777,47.069709500102114],[-1.16190050028899,47.07957199958867],[-1.1699599996516892,47.07581500005727],[-1.1856074999243205,47.07623699959147],[-1.2098499996339065,47.05548549978896],[-1.2168580000433384,47.053481999897244],[-1.2093545000463435,47.049617000225076],[-1.2184205000430663,47.04325750023129],[-1.222627000477161,47.04510900026992],[-1.23841450007697,47.04083649978537],[-1.2492280000665033,47.04198599957866],[-1.2636100005965616,47.04919049970284],[-1.2643295004131612,47.058939500316086],[-1.2717065001952723,47.062805500346684],[-1.2806054995407874,47.05797800030714],[-1.287283000475889,47.05830750008491],[-1.297819000591576,47.051400999938494],[-1.2974924995894566,47.045051000091725],[-1.3049254996390924,47.0405940003683],[-1.296470999504776,47.04315800041333],[-1.2946399995325972,47.03947899977467],[-1.298731000481881,47.03471149964246],[-1.2904220001412243,47.02772400029876],[-1.2921989994556338,47.02285000022379],[-1.2826649995134944,47.019143499872854],[-1.2838874998160505,47.013837000209364],[-1.2774575003671003,47.01025700009093],[-1.277320000628836,47.00233549987263],[-1.289424999909502,46.99542449963725],[-1.2782530005372168,46.99244100036148],[-1.253572499986711,46.99565100018978],[-1.2398655001938375,46.98618449957355],[-1.2413989993989163,46.984366500012776],[-1.2260895003632017,46.97917150014609],[-1.2188500006407703,46.96620350008922],[-1.2061134998289122,46.96056349960695],[-1.2105145006338287,46.95250249986534],[-1.2159270002365257,46.95580200019405],[-1.2284690003615817,46.94460650035628],[-1.223203000227176,46.945115999773115],[-1.2208035004183322,46.94104849987786],[-1.2313495006983086,46.93452050018641],[-1.232033000159264,46.93094200028375],[-1.2274505004346623,46.93022900030825],[-1.2310430004485158,46.9229580000298],[-1.2419600001930673,46.917123999526474],[-1.2653030002814376,46.911440000338224],[-1.2801309994776522,46.911107999724884],[-1.2906759996466075,46.91451150009051],[-1.2941835002357431,46.91291449968341],[-1.2951689993669464,46.902211499969425],[-1.3021314994576754,46.903161499889684],[-1.3047610003602976,46.9060950003416],[-1.3011214996009177,46.91057800012133],[-1.3160160006498043,46.91798500038517],[-1.3304880006562683,46.932653500320264],[-1.3395569996175098,46.936461000358335],[-1.3527404999932018,46.934100499567116],[-1.3560955006022266,46.94178350019809],[-1.3764360003105296,46.94594499998797],[-1.3733750001179188,46.952078499694],[-1.376709999572686,46.95467250007839],[-1.391441499432358,46.94707900036229],[-1.413089499847854,46.945383499957956],[-1.4482819998892844,46.927789500116],[-1.4624625004709917,46.92660050014141],[-1.4717369998809413,46.93318249977054],[-1.4809494993559773,46.90364899980487],[-1.4896975003232265,46.89822250022534],[-1.4849595002557456,46.89257100041792],[-1.4955565001476274,46.889155000277775],[-1.5016569998685385,46.88107500032738],[-1.5138885001958238,46.880028499540366]],[[1.3636795001674584,47.576161000441374],[1.3687314996828057,47.577981000068554],[1.3534550002933021,47.58132650032841],[1.3485360000397206,47.57768700000435],[1.3527114992853198,47.57479850028006],[1.3496410002487202,47.571894999800826],[1.3260034997778896,47.556714499676104],[1.330068000071747,47.55616499989072],[1.3420979998006493,47.56296999992553],[1.3447965004066251,47.546531500444935],[1.3908729999600018,47.55006450006801],[1.3868439997358482,47.56154549962456],[1.3785340005989493,47.56179249997329],[1.3636795001674584,47.576161000441374]],[[0.7304370000787664,47.37685650011918],[0.7361669993418333,47.38012900029621],[0.7398080000038479,47.36911299955408],[0.7506240001656038,47.37502000036937],[0.7579130003250085,47.370396999891945],[0.7658005000419188,47.37014449965772],[0.7676704998804508,47.378626999859165],[0.7887150002271602,47.37426349974095],[0.7881519997178805,47.380681500019925],[0.7920889994648559,47.38366349959733],[0.7909510000301289,47.404850999581036],[0.7724425002929272,47.40788649992929],[0.7295319997139422,47.40032600001213],[0.7008854995407745,47.39940350008067],[0.7057690006259275,47.397369499846974],[0.7151284998204649,47.37718250005739],[0.7264994999374034,47.38004049981163],[0.7304370000787664,47.37685650011918]],[[0.002271999609270467,47.26928299965694],[-0.01236950004349574,47.27299000000378],[-0.025624499522946622,47.282709000034046],[-0.03559600056767574,47.27939999984449],[-0.04861800024052133,47.25856749973333],[-0.03847999974737994,47.25074550042992],[-0.007866999709865352,47.245815500381354],[0.005314500072431988,47.26011950038641],[0.002271999609270467,47.26928299965694]],[[-0.22028749982647725,47.265691999882925],[-0.19813149981344522,47.26132099981499],[-0.1945720005375427,47.24328100023679],[-0.1807445001177172,47.243025500090184],[-0.16965499998942554,47.25316699957322],[-0.16202499992097058,47.25112749973646],[-0.16177949993925653,47.25860349977891],[-0.15435050003303968,47.266548500194475],[-0.15650350068185714,47.275863000331256],[-0.15990499974564712,47.27650899976299],[-0.15845700008874905,47.286575499773555],[-0.17709150064009996,47.28342650014069],[-0.18561100041089099,47.284590000372916],[-0.1917889998736392,47.28936049959515],[-0.21910949985265332,47.282549000340005],[-0.22570449955484137,47.270115000456364],[-0.21970250038638922,47.268675000090866],[-0.22028749982647725,47.265691999882925]],[[-0.5880590001994842,47.41142600023862],[-0.5806750005462707,47.41098250016515],[-0.5784949994325641,47.40748199985374],[-0.5660580002627368,47.41161999976724],[-0.584982499924,47.41577949967996],[-0.6018885005276493,47.414541500235856],[-0.599938999507149,47.40441900031939],[-0.5875110004103256,47.405048499913114],[-0.5880590001994842,47.41142600023862]],[[-0.6279609999835639,47.393861999742256],[-0.650331500194559,47.37733999990383],[-0.6627874996749058,47.377332500215175],[-0.6789225001460866,47.37003849990498],[-0.6650884999144081,47.36876550039128],[-0.6501069997928148,47.373339500271435],[-0.6344174996386712,47.38310499971145],[-0.6279609999835639,47.393861999742256]]],[[[2.180725999646018,47.10539750032273],[2.1749370006942916,47.10255499962447],[2.1754780002030634,47.09760800025387],[2.195479999905804,47.08130750038684],[2.184565000400282,47.07553550022786],[2.1809905000771277,47.07652399979345],[2.1729515001850266,47.067974999900535],[2.1695039998154244,47.07011699999815],[2.1596320000339295,47.069112500442614],[2.154335999752961,47.077785999894914],[2.1578769995829337,47.08237949975894],[2.146539000641867,47.08559949961617],[2.1418389996172342,47.092338500265214],[2.1316315001899175,47.092320500036955],[2.1345729998553415,47.097948500082005],[2.140430500402852,47.09957750037978],[2.132439500505559,47.10469150046189],[2.135264500476587,47.10672050039439],[2.131336000241416,47.11786899966385],[2.1254225002374385,47.11340450042354],[2.1170945004325854,47.11982099969239],[2.1222745003283148,47.142815999791424],[2.11135650050026,47.1369480001178],[2.0832244999920912,47.13392000001178],[2.08297450001511,47.11705249973655],[2.076822000030864,47.108402499599634],[2.086918499830816,47.09079300040765],[2.0816540004515165,47.089881500245646],[2.0797164995360427,47.08191599976471],[2.106418499778272,47.0739660001343],[2.102874000007345,47.07148500013944],[2.105865500042137,47.058284500002436],[2.1273865002019154,47.06590950036475],[2.1325330000316187,47.062994999812894],[2.1300714995332766,47.052465499805464],[2.12455399934502,47.049622000234976],[2.126490000304795,47.042563500060965],[2.1146594999126296,47.03934799994873],[2.1022034996523744,47.04422550040371],[2.088839500643464,47.04536699996916],[2.053474999894129,47.0382234999576],[2.051481000373534,47.04213200008207],[2.0343690006640864,47.042852499820334],[2.0314100000495188,47.042349999833135],[2.038238500305089,47.0332364997604],[2.031949000607466,47.028542499922004],[1.9979669996218719,47.02421850011829],[1.994673499793972,47.024882999777276],[1.9927395000670614,47.039316000298214],[1.9780599999485131,47.04026149982498],[1.9642069994314415,47.035989000407454],[1.96957250055213,47.04977000026303],[1.9799069996121224,47.0593380001749],[1.9472324997932953,47.063100499900195],[1.950732000344576,47.07084849984456],[1.9582054994725855,47.07528249982384],[1.9678250001234867,47.07441349974506],[1.9676749995635026,47.077022499755195],[1.9880845002140934,47.087476000105326],[2.0003764993899504,47.112116500335325],[2.0003669999086804,47.12417150001087],[1.9966589997228938,47.126994499534085],[2.0105629996457424,47.127304500241024],[2.0369310001063696,47.13799199981568],[2.0358010005218845,47.151347499723826],[2.041394500330147,47.15343149966188],[2.06441350037091,47.15186849984177],[2.079598999806483,47.16148450011444],[2.080751999430737,47.16854899959469],[2.0756654999309734,47.17038100029505],[2.072871999775661,47.177961499913714],[2.0760295003274885,47.17801700038186],[2.079157499492108,47.1849169997021],[2.0903495002379486,47.18984500004983],[2.0989265004476865,47.190177500209174],[2.100296499444861,47.19377849953574],[2.094542500454722,47.19694699989592],[2.106348999717231,47.19788400010593],[2.1098629996135814,47.1941130002392],[2.1168459994168596,47.19686999980312],[2.1240549993723006,47.19279049983957],[2.1255425003881814,47.18348300023181],[2.133595000002087,47.18277750030601],[2.13540100007587,47.175899000317465],[2.1414724994406984,47.175234499854916],[2.1549635003279994,47.165181499682745],[2.1514129996758506,47.16193799965303],[2.1536694998707353,47.157802999936116],[2.1613834996402783,47.15785999968471],[2.1624510000524912,47.15408350000596],[2.175239499681686,47.15536200004492],[2.1779490002950523,47.15311600020697],[2.179292000486783,47.144842500097994],[2.1853675000911537,47.14143150029966],[2.1991409995929816,47.117115499752096],[2.19664199974133,47.11531300035137],[2.189119499831585,47.119216500190134],[2.175562999621294,47.11335149952789],[2.1806390006906837,47.1125039997704],[2.180725999646018,47.10539750032273]]],[[[0.4338049998978323,47.56431950029973],[0.4038849999477305,47.579255499939606],[0.3923335002792633,47.576993500445155],[0.37848499999848495,47.56852799997793],[0.36262100039317646,47.57505200000182],[0.3391110005840235,47.57973349991552],[0.33844649946916405,47.585030500249275],[0.32210150013051814,47.595230499965986],[0.27772649983655656,47.59737700016658],[0.2679429999844534,47.60264599999159],[0.26784199942872444,47.60867249984661],[0.25911899970693153,47.61229550013756],[0.2583339997359242,47.62684949954154],[0.24908599988169877,47.63735449961309],[0.2564295005346771,47.64189449999845],[0.25146249998748216,47.644640000406724],[0.2339230001822951,47.64544899959007],[0.23009650032830153,47.64960850002989],[0.23170449969198556,47.65607050007403],[0.23844549963795517,47.653987499950546],[0.2527440000926588,47.65608900027522],[0.26258149954069826,47.64798750027026],[0.31541500054460403,47.65391199985332],[0.3290735002696482,47.63426399973002],[0.33814799961591935,47.63190199999318],[0.3682515005125482,47.63761849981931],[0.3807844994552055,47.64826599982361],[0.3797094995053583,47.657184000272466],[0.3735239996608455,47.663474000358015],[0.3770715002023737,47.67171050040638],[0.36078300050319195,47.68537099970324],[0.37704599955141527,47.688517499773084],[0.38616400027198045,47.69443649976959],[0.4074115006375327,47.69031949971746],[0.4055515001892929,47.69592449992467],[0.41499350009084557,47.70207400011523],[0.4200460004791521,47.71575750031016],[0.4312639996320574,47.72671999981033],[0.4268724999150062,47.72408150041084],[0.41495399941548144,47.73472600039163],[0.4225844994649044,47.74128450033634],[0.415610999479386,47.75340450020476],[0.4232664996808238,47.75748900040106],[0.42336949982935745,47.76387749958397],[0.42857599970920446,47.76193899988106],[0.43583399988035804,47.75117199953831],[0.43334749967819985,47.74613850029939],[0.43766550035499663,47.739147000170625],[0.4505115006058562,47.741694500268444],[0.4537815001424818,47.74539099956265],[0.4584894997706126,47.74051900006757],[0.459794500487506,47.74319400036235],[0.4712235005176793,47.74247800022102],[0.48076050023981876,47.74816299969038],[0.4938665001487106,47.7798129999997],[0.5009739994387612,47.77497700033827],[0.5097370002637716,47.774350499711254],[0.5445854998442532,47.78370749958928],[0.5736685006464493,47.78212749962917],[0.5827030007059988,47.785411999679056],[0.5829795004131675,47.79720049962313],[0.5912529998887193,47.799349499907024],[0.5937315006261475,47.803119000093055],[0.6024359996630064,47.802349500026075],[0.6004575001123086,47.80771799965771],[0.6050194996783756,47.80706550034621],[0.5990395005325352,47.82447350030027],[0.6171824997384334,47.83958549986293],[0.62948649980225,47.8288815001941],[0.638544500521091,47.829688000455846],[0.6460905006271865,47.806723499824955],[0.6521725000715246,47.808656500103076],[0.645695999879653,47.812835000116635],[0.6548919995120422,47.81760149968219],[0.6494844997848018,47.82175099974069],[0.6516189997417358,47.82394050012878],[0.6711024996872783,47.826604499919405],[0.6777339994727551,47.823865499747484],[0.6900955002645258,47.82795349969952],[0.6929415005241214,47.818053999784794],[0.7012184998756534,47.809534500188825],[0.7031484995584705,47.79458399974287],[0.7128184999986149,47.79049100028955],[0.714521000443802,47.793752999597096],[0.7194910004808638,47.79274350025491],[0.7321884999264446,47.80767050036599],[0.7486530002207059,47.79296349972688],[0.7569189994481098,47.79330100007857],[0.7844485005509548,47.803655500280556],[0.7810534994248506,47.8215110001288],[0.7919969998588047,47.81266099961388],[0.800778999647737,47.811427999741035],[0.8248440001157656,47.81650550009958],[0.8408865000058591,47.82868050030721],[0.8699000002565711,47.842181499925516],[0.8780335005698093,47.85006350027049],[0.8930465004509103,47.850835000320636],[0.9071715005295572,47.834998500160644],[0.9232770003551436,47.82471499968339],[0.9331524996731357,47.837607499946564],[0.9217239998505274,47.8478130000598],[0.9195145002852304,47.857995500053214],[0.9096035002527675,47.871142000148765],[0.9139245002337424,47.86953100036943],[0.9299564997563607,47.872423000016205],[0.939341499321322,47.86884850023914],[0.9578479999933571,47.87428500012128],[0.9616084996744444,47.8787369998326],[0.9711390001172258,47.87990550029842],[0.9726825000185979,47.89262850027885],[0.9782639994136685,47.89660599995357],[0.992802500158847,47.89556000012936],[0.9920124997968375,47.88718550034164],[1.0057384993670488,47.883745500170484],[1.0067665004257154,47.88006949998851],[1.0259875006993948,47.873315499751925],[1.0269084999298992,47.868514499943004],[1.0316905004457386,47.86699350014365],[1.0307309995995606,47.85713349953948],[1.0353555004667885,47.84841549968099],[1.0467689999512237,47.846158500406816],[1.0556135004769356,47.85057349987667],[1.0627495001498801,47.84557000036584],[1.0687184996186847,47.84743399999755],[1.0842744999386227,47.845037499788305],[1.0825395004521776,47.83930800004656],[1.0899209998433241,47.83506950021358],[1.0858615002701366,47.823153000310406],[1.0949054998720833,47.81047749955909],[1.0849819994243448,47.803849999707055],[1.0818120003298968,47.79396700023802],[1.0993650003690194,47.79392900031225],[1.1079859995734336,47.78480100029727],[1.1010154993132448,47.78324350027331],[1.1027725000353303,47.776605499634314],[1.1098205003393211,47.77186750026448],[1.1066874997939964,47.76315450015847],[1.100388499430326,47.75868050028162],[1.085338000370886,47.771832500012394],[1.080656000024905,47.76948800023328],[1.0751325004020211,47.774510999974424],[1.0685764996842262,47.77436099973595],[1.0659755001151436,47.772433000347434],[1.0713065003541398,47.767138500370656],[1.0695860004492308,47.76095850013214],[1.0738614998809124,47.75790150001055],[1.063486999542801,47.74551000002403],[1.0258995003657039,47.73389450033072],[1.012793999723216,47.732756999775695],[1.0088255004692166,47.742157000128486],[1.003311500116673,47.73867599974152],[1.0044620000556947,47.73536049955918],[0.9854880004400421,47.72906999992611],[0.985786500281126,47.725204999873824],[0.9740205006899394,47.72911649989515],[0.9742200000159242,47.73433599978967],[0.9627390001820623,47.73487600043067],[0.9626314999058386,47.728758000181344],[0.9549250005234337,47.7226395001739],[0.9567219993597244,47.71505999998327],[0.9468585005507575,47.709950000405534],[0.9406064998367727,47.71455249961812],[0.9333954993306635,47.73020800014075],[0.9297144994994535,47.72822949972603],[0.929504499502621,47.733624500369615],[0.9267259997602327,47.73530049969608],[0.922747999729897,47.73196849973407],[0.9186520003776836,47.73556199989834],[0.9175779994535506,47.74332950031639],[0.9147260005887349,47.7377630001005],[0.9072075003565246,47.7372209996136],[0.9049865000150711,47.73305549977749],[0.9086405005842412,47.72608450025076],[0.9020875002535571,47.71943700026866],[0.8855695002716327,47.73119649974368],[0.8780229999622627,47.726828999937375],[0.8713360005671084,47.72759999980446],[0.8632379993817243,47.71436399995659],[0.8460240005274234,47.69844699962358],[0.8442910000437996,47.68187300001534],[0.834174500630858,47.676930000028406],[0.8117790002182983,47.68221600047098],[0.8172150004541775,47.69006850046262],[0.8038174993737797,47.69956400000017],[0.789704999569866,47.72200099971909],[0.773130999642327,47.721194999596484],[0.7684050004385351,47.71420499984867],[0.7547794995753597,47.7085329995729],[0.7429219998152403,47.71723249955743],[0.7427749995379397,47.728789999668315],[0.723493000016187,47.72492549970313],[0.7164274997505162,47.71951999986775],[0.7063649996360003,47.72045900036413],[0.6992035000471123,47.725710999630124],[0.6938839998686002,47.72311749971688],[0.6722189998854905,47.69555149981858],[0.6542584994713644,47.68418299961493],[0.643427999707817,47.685420499841136],[0.6541274996449198,47.698799500301305],[0.6433594997309742,47.700083499979534],[0.639987000168863,47.70970449966317],[0.6306015005842502,47.70934250045191],[0.6166719994207814,47.69910649960938],[0.6144324995521285,47.694215499735556],[0.619069499822934,47.69091050003062],[0.6148040000291937,47.68275099980056],[0.6078230004808638,47.68237749972198],[0.5968774997399211,47.67285850042403],[0.5864854999129492,47.66892300001094],[0.5710489994856756,47.66851049987288],[0.5484504993707907,47.673158000372744],[0.5332964994709792,47.67814249963844],[0.5284950002675122,47.68418550035785],[0.5234950004198197,47.682353000343625],[0.5037479996244947,47.6870814995426],[0.49337649946488604,47.684578499710874],[0.48142400049459183,47.68920150009484],[0.47019649951873943,47.68074549991812],[0.4497430004350989,47.684599000028165],[0.4256630002680776,47.678720500330954],[0.41797450033032835,47.67152899974246],[0.4207079998303157,47.66775000018984],[0.41746000019864504,47.66549199962936],[0.4253825004250977,47.654466500020014],[0.4356475001123227,47.65040649974826],[0.4574980003138733,47.649952000033046],[0.46187149974538105,47.64341600002349],[0.4760764995086711,47.648011500170654],[0.47916550032541744,47.6433280004201],[0.49682499947218894,47.64662249984032],[0.4984195006966699,47.64475849985841],[0.5161169997356849,47.656642500319336],[0.5229629998770807,47.653105499780324],[0.5437589995876063,47.65630750008339],[0.5596069994123702,47.66617699966063],[0.5660030006064025,47.66407050027068],[0.5629780002591254,47.65696200024882],[0.55211800052703,47.6552209997256],[0.5476185004761914,47.65240800043881],[0.5489164994569752,47.64747950027647],[0.5368760005603811,47.64329099992261],[0.5429115000558138,47.63411749974078],[0.5224879997392083,47.62804249975559],[0.5181259996558262,47.615514000324474],[0.532542500096175,47.59846500022804],[0.5289349993646417,47.59503499990751],[0.5337100003142796,47.591465499929825],[0.525406000067469,47.589311999735386],[0.5263054995676997,47.57848450000211],[0.5137105004486422,47.57743250008454],[0.5171484996113168,47.57024450037096],[0.5057740005311665,47.562732999818095],[0.5026035001522781,47.55251549990626],[0.49166150066597464,47.548068499829945],[0.48440200041845,47.54853800013661],[0.4768355000074618,47.55404050010368],[0.47382699973048126,47.55075299981108],[0.45045800054481655,47.54830599973102],[0.4378275005912018,47.552193499808794],[0.4338049998978323,47.56431950029973]],[[0.7874574998136012,47.77383150023598],[0.7877925002706881,47.76920250017985],[0.7769869993039104,47.762356500225245],[0.7858584994645598,47.75550350024558],[0.8037519994246258,47.77332700023914],[0.7874574998136012,47.77383150023598]]],[[[1.009383999919096,46.832911999937174],[1.0081340000475603,46.811798499677046],[1.0032530000340034,46.8141004999834],[0.9928850005333272,46.805726500083104],[0.9836299993319804,46.803773000134996],[0.9872425003649514,46.7981919997688],[1.0038735002631984,46.79325800036294],[1.0047640002615337,46.78638500020672],[0.9991974996638385,46.781056000094864],[1.0111964995878786,46.767159500021116],[1.0116875000439873,46.75780749989161],[0.9831175002881041,46.764175999987565],[0.979589500316233,46.7560359996188],[0.9660105005773673,46.77265549988566],[0.9604605005804201,46.772003999829785],[0.9585985004852967,46.775715500160345],[0.9551164995300337,46.77355899955254],[0.9466449995404322,46.77705500000855],[0.9433220001369991,46.80175949967128],[0.9242290002054461,46.80283050020795],[0.9165495005907305,46.81582749984433],[0.9389525005439778,46.821231499641954],[0.9458360002692334,46.83895149960044],[0.9322029996501169,46.85138199980796],[0.9434954998357249,46.85849349965161],[0.9402585003796358,46.85939850012821],[0.9523350002670544,46.87695650004646],[0.9554589994787769,46.87537450015615],[0.9623040001780953,46.879686000288245],[0.9810544993967069,46.875005000205114],[1.0019554995740203,46.878759500066934],[1.0129399999447195,46.87497349961337],[1.0255534994893145,46.87966199982079],[1.0227245003248477,46.86383849998908],[1.0168145006268934,46.85607750001294],[1.0226440004159052,46.84561650018354],[1.015843999704709,46.84378950024122],[1.009383999919096,46.832911999937174]]],[[[0.6072679997986541,47.05952500031896],[0.6151560006414604,47.064008499604434],[0.6141774999615836,47.06988699968218],[0.596414000062303,47.07551299960511],[0.58544699973268,47.08263550042171],[0.5920855005084263,47.08912500048486],[0.5855484998750008,47.100697000039155],[0.5861849996631816,47.11252100040063],[0.5907740005043586,47.115289999711216],[0.5843705002643262,47.11762249986832],[0.5934290002382596,47.12689349961401],[0.6215709998226472,47.13734800039913],[0.6348195000692556,47.1375000000106],[0.6490534998344573,47.145442499952544],[0.6656184998194921,47.14145999969085],[0.670801500530077,47.14441400014791],[0.6878584995655688,47.134357000053726],[0.7103764996020384,47.13967100026883],[0.7139399993807262,47.13085899981192],[0.704457000410502,47.12402149962313],[0.6824564998894584,47.117138499839875],[0.6838319993373889,47.10883550025633],[0.671308500178256,47.10685550037604],[0.6521569999478367,47.093484500038485],[0.656159499599125,47.0918784996668],[0.6524470003060754,47.08844999992248],[0.6572685001135994,47.083841499584985],[0.6520480000960729,47.07805149984089],[0.6578295001361477,47.07219699981175],[0.6590519996787038,47.06047300015056],[0.6484740002496105,47.04299650020067],[0.6344974996222817,47.03752649963891],[0.6221694995166303,47.044406000111486],[0.6185950001942419,47.04295899969546],[0.6124049993819893,47.04718499987265],[0.6106624997927668,47.054267499946306],[0.6064664993770813,47.0537545002177],[0.6072679997986541,47.05952500031896]]],[[[0.5819854999897427,47.33965450007143],[0.5679884999343922,47.33462700031738],[0.5651264998357743,47.32716050037048],[0.5571620003436905,47.321908499719285],[0.5377854999440442,47.32363300036609],[0.5333274997855251,47.328287499552125],[0.5293045005797292,47.34748000008111],[0.524868000289865,47.34750100012079],[0.5210964996973336,47.35328999958883],[0.5425585006669086,47.36039549965692],[0.587246999787127,47.368975999705974],[0.5937614996404293,47.35275300015508],[0.5867584997448374,47.35125299963616],[0.5819854999897427,47.33965450007143]]],[[[0.19207200051023937,46.67190200032299],[0.1880535005882036,46.67400100025829],[0.1917519996407097,46.67829049961812],[0.17543000054599991,46.6848200001212],[0.17777000014253716,46.68861749997434],[0.16891749993189456,46.69259100003543],[0.16515500011465092,46.690017499918866],[0.1638140005142873,46.69200250033389],[0.15785850014427824,46.68542649962407],[0.15477700057824945,46.68627199984087],[0.15056750018378062,46.67953250002761],[0.1296269993120007,46.68009950034838],[0.12570699994921125,46.681910499877404],[0.1255709996126209,46.68703750002885],[0.11299599947247135,46.69262949988196],[0.10589250018437671,46.686700500150025],[0.08340650061755345,46.69588899998843],[0.0537090004955224,46.67275250005094],[0.04971550033026669,46.67595850019716],[0.045608500067226096,46.672591000306575],[0.03835650018282958,46.67708050034418],[0.031492499729339124,46.67244199996564],[0.0035200001795597895,46.675552499955394],[-0.002140500635333379,46.68066799996879],[-0.015280999795956414,46.67009199959923],[-0.031658500007393925,46.66934850020355],[-0.006569000591773852,46.68327750032168],[-0.021195499923567552,46.693281500069425],[-0.015904999705632618,46.69645099975753],[4.7500196809705566e-05,46.69812899976704],[0.0038294993302857385,46.705991500223114],[-0.002027500272483044,46.715862499782105],[0.00378349940897684,46.71764649991218],[0.002350000294479524,46.72054300002462],[-0.0067685005399197255,46.7301214996925],[-0.007974500098861952,46.73981749957442],[-0.013661500027560173,46.741141000185245],[-0.013153499908583461,46.7445270002628],[-0.017827499978837542,46.7465910004322],[-0.019497500102927237,46.751867000228735],[-0.012664999832349401,46.754347499749805],[-0.02313200026041666,46.769117499604604],[-0.017618499402028604,46.771842499685526],[-0.021875500266111264,46.77634449959017],[-0.01741549997770784,46.780711499614405],[-0.026276999393093085,46.78858400005131],[-0.018757999628675262,46.790449500176685],[-0.0070614995832589764,46.801761000132394],[1.6500225302581934e-05,46.79569549993294],[-0.003095999648780528,46.793426499778086],[0.0015120003818850304,46.78838999979765],[0.004984499432866176,46.79143150018552],[0.011160999564512527,46.788001500322174],[0.021346999543958307,46.79032300008076],[0.028169999721659778,46.78398099958166],[0.03275849997694488,46.788528999990824],[0.038295500461734536,46.787740000401726],[0.04384850011726577,46.777321000253515],[0.04863100061539951,46.77885700008565],[0.04928749953276302,46.77418950000063],[0.07052150010573897,46.770787500116896],[0.07141349939629053,46.77296549994558],[0.0795924997955916,46.772971500290005],[0.08523449996596127,46.771382500139474],[0.0838350000089311,46.76889499997707],[0.09087749956480194,46.77093700020938],[0.09070999999675869,46.76796850032344],[0.0975919994967789,46.76713500019279],[0.09937650037982636,46.774640499850435],[0.09202150050520512,46.789876999853966],[0.0997709999108645,46.783857999600734],[0.11230249992660002,46.78524299999585],[0.11381949954942251,46.78180800026416],[0.12310700036751696,46.78755849970257],[0.10183299961352855,46.799169499837284],[0.11349949963451088,46.79912700019481],[0.1194024997920994,46.80378599975363],[0.11884400017614878,46.82056050044091],[0.13481300001939941,46.82280349966738],[0.13948649966225973,46.819113500209305],[0.14031749983847863,46.83253950041501],[0.15904649965053336,46.83636250015253],[0.16045449941055384,46.84048400036894],[0.17113099999458736,46.844061999750814],[0.1749054993030883,46.84314300038878],[0.1887460000577981,46.854608500116306],[0.19205849950424972,46.852150999645126],[0.19611150048027642,46.85411649999535],[0.19744500008289723,46.8585520004117],[0.20341849985550073,46.86010249955873],[0.21415899957904175,46.85557749957941],[0.22244950029869023,46.8632904996048],[0.2354410001582251,46.853135500146884],[0.24396149997802288,46.83304199981671],[0.236770000104204,46.82913050017812],[0.2537149994295692,46.81310549960819],[0.2600445002760793,46.812140999747996],[0.27006699955456337,46.82253749990257],[0.27916049980655033,46.82648099954348],[0.2870715003225994,46.823563000173856],[0.2956619996215783,46.8113870003761],[0.297421999879957,46.81335350018101],[0.3035600002606396,46.81049249965703],[0.3199900002393807,46.8110530004419],[0.3187989996099342,46.81661199971829],[0.3257374996773279,46.829153500033584],[0.33471849972571055,46.830975499617125],[0.3373120005725847,46.82112200024979],[0.3297469995429719,46.811270000248264],[0.3480045005311523,46.7960199998464],[0.33422800030244915,46.78412449988419],[0.34238449983705294,46.77967749976514],[0.3317139994291615,46.77247150009357],[0.35362250009663343,46.755484500130244],[0.35977400061149506,46.75914599981502],[0.37099799959426766,46.758393999625085],[0.37474850009562816,46.7704729997681],[0.3812169994357124,46.770898999777955],[0.3844599995730953,46.78445350001224],[0.3889495005940367,46.785295500122274],[0.3955830002619586,46.78297849968198],[0.3832024997908176,46.7667034998176],[0.396648500582737,46.756987500401365],[0.39540999980145697,46.75318649977443],[0.40925149940272826,46.75423100030242],[0.41328799938392036,46.76221849978169],[0.42637799986403857,46.76423750030665],[0.43699550015155586,46.769543999907135],[0.45765749981519976,46.76669099996149],[0.4614209996306949,46.76013849980613],[0.45534350045809097,46.75603349960553],[0.46484549944534254,46.750114999888204],[0.47643549954229686,46.74814550025197],[0.47472950053597096,46.74636200044752],[0.4830485000608327,46.74046850010309],[0.4790415000950144,46.737073499946305],[0.48697899928781424,46.73270250033076],[0.48580400056088935,46.72881400016195],[0.49528549935842886,46.72707700039215],[0.4994750002396979,46.72318499973842],[0.4869849998315283,46.71533400030436],[0.5050970003820282,46.707886999641524],[0.5109124993826318,46.70033099991467],[0.5078405002966881,46.69254199987462],[0.4921305004098336,46.6814900003245],[0.49244799981632525,46.67407099978298],[0.5062934994573772,46.65517099970241],[0.4934729999897363,46.649789499912956],[0.4677799998849433,46.64829149994843],[0.4589284994695596,46.64351200025049],[0.4430224996633491,46.64063950035826],[0.42390000004382705,46.649319500375746],[0.4199884999091188,46.64725649972846],[0.4034304995675158,46.64982950013977],[0.39978449994573745,46.640317999694524],[0.38590850027525603,46.64467150016483],[0.38573699977225384,46.649437999749786],[0.3793119997579511,46.65180299966508],[0.38785450026252977,46.6631984998748],[0.3860230003293329,46.6705015003619],[0.3760604995358348,46.6730310000407],[0.3733984995448474,46.668935499808725],[0.3605434998766919,46.67010800009579],[0.35258049967118055,46.67334549957191],[0.3587204996558825,46.677052000236195],[0.3543129999720795,46.67958449995511],[0.3241484999540539,46.671451999912726],[0.33915200068737555,46.66168199962264],[0.3337875003462959,46.65123799991055],[0.33013350051442136,46.65283849989722],[0.32542499948252057,46.64942599988426],[0.30964350053482853,46.65729150041892],[0.30169250057500363,46.65499000018431],[0.2935785006027026,46.64314499987328],[0.2849714997333359,46.65473549965981],[0.2748015004249137,46.648926999764896],[0.27804049988080715,46.64624100026852],[0.2756185005242255,46.64291200043528],[0.27261350028084225,46.644612500184046],[0.2640344999170162,46.640001500062795],[0.26200749986886446,46.64176499997871],[0.24225600007473166,46.63213399989964],[0.24990749972210735,46.63024899954817],[0.24898299961085849,46.62370749995136],[0.23545649992204434,46.627238999883126],[0.23418700048844796,46.63302050038675],[0.20638850013871082,46.63722949972163],[0.21525800047373736,46.64248000022424],[0.21158449969438117,46.646326500234515],[0.21316099936583743,46.6511265001653],[0.19287600010465192,46.6616820003299],[0.18896999987609134,46.66914200029003],[0.19207200051023937,46.67190200032299]]],[[[0.3867365001366199,46.95169949982174],[0.38213749998706903,46.962555500205646],[0.3723309996224733,46.96292799997553],[0.3510260002583315,46.977454999993455],[0.3509149999750586,46.98046750021344],[0.3590405006468966,46.98299249966237],[0.3663870000113789,46.99063300022294],[0.3892474997779317,46.978560000121355],[0.40239199943923915,46.98782549971022],[0.4123930004293126,46.989478999822104],[0.41515549945936675,46.987589499730376],[0.4223809992875217,46.993334500315505],[0.43478300057342134,46.98854650005857],[0.4365009995868491,46.99014950012308],[0.4388419997520624,46.98159399968566],[0.42464550008628205,46.970335499599145],[0.41424449966728427,46.97079100004753],[0.39422150027611497,46.950071500256975],[0.3867365001366199,46.95169949982174]]],[[[-0.22724299929917607,47.51555799962878],[-0.2266344997042357,47.50567099995743],[-0.23893799962088758,47.5046789995946],[-0.25231150013370646,47.49290650001903],[-0.25227349953162986,47.4893975003377],[-0.23612649998016239,47.48765599988256],[-0.23178749958882008,47.48170800010721],[-0.2448804996807316,47.48069800007039],[-0.2427914997630523,47.46769449964238],[-0.2521314992912784,47.45240599968469],[-0.26085900040420335,47.45037100034294],[-0.2570775000891135,47.447620500102985],[-0.277991999745515,47.42231000000718],[-0.30653849978176995,47.43237199968448],[-0.3167209999833541,47.439745000007164],[-0.3260554994454729,47.442050500416926],[-0.3324685003780211,47.43897750041499],[-0.3291369993250996,47.4598904998443],[-0.3156675003515345,47.47406949960346],[-0.30119949935919244,47.47456900010172],[-0.2982670005641261,47.48908100027412],[-0.2820079994265884,47.490574499949744],[-0.27428099985391,47.49682400044616],[-0.27472449986580005,47.50855900022234],[-0.282699499590626,47.51139399972506],[-0.3022634998721865,47.509464999938956],[-0.3060824996532091,47.523508000243],[-0.31075799981919744,47.52533650004941],[-0.31546499994580307,47.53715350014368],[-0.3233605004238421,47.538232499670265],[-0.3213920005800576,47.55335200016964],[-0.29911599979076775,47.55588550034072],[-0.2831079994211989,47.572312500097766],[-0.2793200000910375,47.57100300000329],[-0.27602050070729267,47.574227000281816],[-0.271597999424265,47.57216650007789],[-0.2668900003659862,47.57515200040672],[-0.26476800035061926,47.58613349991727],[-0.2727289995099206,47.59657450040268],[-0.2704105004658703,47.60490599977376],[-0.25061950003117184,47.612458000266706],[-0.23523350044354327,47.60942500027856],[-0.23350450044323806,47.60532349990451],[-0.2425990000982293,47.59940749986608],[-0.23884250002500657,47.58779149980231],[-0.22993400048067072,47.59199349999114],[-0.21791549950038508,47.59104349993126],[-0.2179025005555272,47.5866339995959],[-0.20687449989592696,47.58273599979167],[-0.2067839993790025,47.57805850012724],[-0.19928249953101482,47.57273349972639],[-0.20424049987414322,47.565200000394775],[-0.19984299970075403,47.559401999916],[-0.20773850054962828,47.547979999641136],[-0.19579299963299907,47.54135699958172],[-0.189039000090495,47.53210000009815],[-0.19089649971971298,47.52782950045378],[-0.19843050006178836,47.52838499965312],[-0.22323649956914537,47.53720049970832],[-0.22556999969254918,47.533234000154486],[-0.23599400012189992,47.53169799964934],[-0.23986650039712037,47.52522200015745],[-0.2338414996005929,47.52252750022474],[-0.23578899959820618,47.51778399973828],[-0.22724299929917607,47.51555799962878]]],[[[-0.3410170006354181,47.63290900006882],[-0.3286875002463129,47.64322650007507],[-0.3255389994905363,47.6574730004567],[-0.32994650023594957,47.65903649994427],[-0.3244035002253664,47.662719000207694],[-0.327204500601019,47.66544449989652],[-0.31910350030756673,47.665944000055646],[-0.3264725006555226,47.68139000030969],[-0.3186949996978263,47.68039800028559],[-0.3125665006789675,47.68310200035893],[-0.3091784993680577,47.673955499763544],[-0.30077199948734507,47.6750460000495],[-0.2940559997245979,47.67128350028647],[-0.29391650000286484,47.663097000245564],[-0.28941249936012314,47.66090399964568],[-0.28763350055268605,47.66265399970888],[-0.28010249945011373,47.65715450015862],[-0.2784639999009782,47.650936499865],[-0.262755500084307,47.66195250011243],[-0.25699550027013973,47.66266650025438],[-0.25267600003601776,47.65601299961107],[-0.24578100040494705,47.65531149952357],[-0.26611499978877445,47.651663500234555],[-0.2691224994971617,47.64511649968884],[-0.28264649963114824,47.637163499930075],[-0.2817244998273448,47.62521500019621],[-0.28777300041613824,47.619678999740636],[-0.2983549998617082,47.62236450000225],[-0.298405999713793,47.6193484995811],[-0.3039435006594502,47.61962800018588],[-0.31481749951020876,47.62415050029872],[-0.3173234994869411,47.622337499706966],[-0.32999949989728533,47.633566999947654],[-0.33881299995950104,47.63012500000693],[-0.3410170006354181,47.63290900006882]]],[[[-0.4515070002041158,47.54377400011639],[-0.46011650005703797,47.5495079995554],[-0.46531250008119446,47.54779450008136],[-0.46387699966902773,47.53888700014248],[-0.4717095003948596,47.533656499669],[-0.4778070005015618,47.53337400035828],[-0.4939360005705297,47.54301699989377],[-0.4935860001602235,47.54892099962116],[-0.5005730004387514,47.55905600018129],[-0.4939619998861358,47.56974749984459],[-0.47894900059420564,47.57002250029708],[-0.4679064997243404,47.57371049979871],[-0.46710350020148317,47.57741949984016],[-0.46219050001020223,47.57884300016985],[-0.4619834994762131,47.58827999964223],[-0.4272825000351857,47.61095499998719],[-0.41136849995185365,47.60174749971148],[-0.38829199984455204,47.56953049967459],[-0.3947124994424372,47.565059999936395],[-0.3946485005705225,47.55993149970981],[-0.4015350000993111,47.55810449979978],[-0.39820549956592516,47.54378250035999],[-0.40267250052167164,47.537602000190134],[-0.41863100053164204,47.52880900012039],[-0.41733449934191014,47.51916499976444],[-0.4106660004211625,47.516922499663],[-0.4212469994716527,47.50363599995698],[-0.426548500233339,47.50515600025769],[-0.4242995005004057,47.51512849990405],[-0.436192500299772,47.515866000296846],[-0.43477000015063444,47.533779999574],[-0.44883449939842757,47.53335299971671],[-0.4515070002041158,47.54377400011639]]],[[[-0.8262544994746198,46.336756999655],[-0.8314570002019018,46.34186350035551],[-0.8398844998943117,46.34036700025037],[-0.8486555005647677,46.332512500253415],[-0.8447310000045722,46.32541949981509],[-0.8494819993950105,46.31776700001724],[-0.8630135006048493,46.31914149987888],[-0.8604049997907073,46.32452850031737],[-0.8630275000015105,46.327111000168365],[-0.8714399994079276,46.32209999979059],[-0.8832364995873432,46.32379200009362],[-0.8893614994157665,46.331721999791434],[-0.8851035002492962,46.34544050008318],[-0.8788819996155645,46.34795799987622],[-0.8888995002372406,46.37545299956803],[-0.8854939996370377,46.38275250043118],[-0.907749499683312,46.38612550007401],[-0.9179504999480905,46.392407499809266],[-0.914811499413866,46.39542399970939],[-0.9264280001866944,46.40355500028252],[-0.9382900000308666,46.40060200006833],[-0.9514209999817403,46.40895700028532],[-0.9460189999963704,46.41541649986274],[-0.9355675005620333,46.416979500050715],[-0.9245330001733747,46.429453499898905],[-0.9248520003814484,46.43475600026741],[-0.8995184996821459,46.46181499968069],[-0.8947640000445727,46.460988999618415],[-0.8941630002227436,46.46659999988295],[-0.8885694998211343,46.46636250034663],[-0.8935135004232142,46.470238500353474],[-0.8832270005639935,46.48182650032426],[-0.8806845000951439,46.48063349991026],[-0.8736659997288513,46.486934500208115],[-0.8672599999871241,46.48312349955775],[-0.860927999867267,46.488213999917924],[-0.855437000124511,46.487963499881005],[-0.8529295005816067,46.48411649979873],[-0.8491259996127304,46.48780899963235],[-0.8457880005457405,46.48571200013286],[-0.8301525005508541,46.49141650013216],[-0.8158484998407572,46.51112799990932],[-0.8185735000812618,46.515374999551376],[-0.8072525003579047,46.52625299981408],[-0.7962825001872451,46.531388000071566],[-0.7928509995176366,46.527295500085636],[-0.7948329995351106,46.51531000037339],[-0.7829329996807375,46.5102344999165],[-0.7844795005720102,46.504249499764775],[-0.780586499728024,46.50003399999448],[-0.7932024994487091,46.503540499755815],[-0.8017379994431166,46.49152899982489],[-0.7940210005054693,46.483221500210476],[-0.7974864997304579,46.48111149987609],[-0.8038089996118519,46.483368500437244],[-0.807327499781697,46.47548199973481],[-0.8169650001285736,46.47760150037937],[-0.8220240002835486,46.48502400006807],[-0.8362070004823492,46.47679549970957],[-0.8398565002482572,46.470120499943015],[-0.8358659996959096,46.46649550008524],[-0.8401990000168871,46.46371799990241],[-0.836091000533317,46.46144649989028],[-0.8392564996074823,46.4465009996642],[-0.8534660002203194,46.441150500352954],[-0.835643000143758,46.43260000003138],[-0.8428675005594274,46.421412499780764],[-0.8391099998637789,46.412828500452996],[-0.8686664998215778,46.400788000173854],[-0.8625310002209299,46.39825950034551],[-0.8642870005682926,46.38433449993955],[-0.8170190004828704,46.36864799967887],[-0.8177705005897998,46.348045999700645],[-0.8262544994746198,46.336756999655]]],[[[-1.0188439998682486,46.63046749967279],[-1.0456260001486775,46.63713049999575],[-1.058477000225738,46.643998000041925],[-1.0684939996338525,46.6317674999907],[-1.0714100006290055,46.63550750013592],[-1.0781704994396213,46.62765100014299],[-1.0801099998005383,46.63250000010245],[-1.085198000044561,46.62820549990315],[-1.0850829995147808,46.634647499984744],[-1.0923329997108813,46.64176949986689],[-1.1098509998252812,46.636603000083355],[-1.1144755000870585,46.63840000011053],[-1.1124084998483654,46.65723850017244],[-1.1237020000227707,46.65284449992582],[-1.1282970001205073,46.65617200000128],[-1.1161385003008821,46.66239449986215],[-1.1243295004411507,46.66264100010802],[-1.125818999751461,46.66547800034961],[-1.1115689993668258,46.670727499909745],[-1.1125905001729053,46.67956750033478],[-1.1175879999571914,46.67995600028942],[-1.1180809998678063,46.6825529995992],[-1.112742000332416,46.68604650039817],[-1.1159100004328177,46.68955299965907],[-1.1101684994865306,46.693913499670884],[-1.0858725003085932,46.70500099989198],[-1.0815100005722966,46.71053550007425],[-1.0681209995037257,46.70580249963198],[-1.063681000414903,46.70701500040656],[-1.066309499768165,46.71097350044838],[-1.0450154998571497,46.7172945001283],[-1.0431079995842665,46.71505450047585],[-1.049195000481341,46.710867499677626],[-1.0359170005548008,46.704731499976546],[-1.033772500603263,46.71546649992158],[-1.0306645001091135,46.71497249998733],[-1.029015999994245,46.71056300012205],[-1.0243074994800925,46.71169299987283],[-1.0251575000567659,46.7085155001157],[-1.0182530003685348,46.706962999965896],[-1.0069009993314892,46.69275249990674],[-0.9952689999027974,46.702548499722404],[-0.9799835001412892,46.698761499916344],[-0.9747640004610979,46.691528999833835],[-0.9613344994210301,46.688046000287294],[-0.9722094998232179,46.68827100025488],[-0.9750804998649235,46.68174950017117],[-0.9843405003312384,46.675941999990826],[-0.9836205002567464,46.67168549959951],[-0.9777655003364389,46.673251999552406],[-0.9717149999960119,46.670590499694626],[-0.9670720002595968,46.662036000300475],[-0.9865375002199278,46.630809000355285],[-1.0140439998613808,46.622214000128785],[-1.0188439998682486,46.63046749967279]]],[[[-1.3312554998058725,46.493603999831265],[-1.3430704994742622,46.50245400000807],[-1.3519794997956303,46.503021499891425],[-1.3653539996474575,46.51073850028561],[-1.384209499916228,46.51598499989266],[-1.3848405000040174,46.52982699961768],[-1.3907009997809752,46.540956500100926],[-1.3885264997093179,46.54610000015697],[-1.3934550006705468,46.55488300006528],[-1.389521000613468,46.56056900013492],[-1.375723499677169,46.56786500035342],[-1.3806429998436784,46.57581100030206],[-1.3783615006708063,46.57872300008413],[-1.385625500239049,46.581773499695366],[-1.385642000280215,46.58582549964058],[-1.395926500079746,46.5928745003108],[-1.391631999501315,46.59787950001146],[-1.3765324994165042,46.60157000026409],[-1.3782095001873111,46.60507249961369],[-1.3841615004051708,46.60514849997122],[-1.378033499812151,46.611632999669176],[-1.3883219994531792,46.618452499695],[-1.3860129999708701,46.620670499640596],[-1.3614230004174366,46.63002699990949],[-1.3395524996615078,46.64392950033614],[-1.322780000249008,46.63086950006955],[-1.3159234993048226,46.619069499764876],[-1.294222500316701,46.61641549979598],[-1.2867814997596903,46.61195300041047],[-1.2845130004161198,46.60714749996816],[-1.2901339996725232,46.59732700030792],[-1.2786460005414408,46.58526300027537],[-1.2735979995491187,46.58638849969114],[-1.2729894996311006,46.583191499663585],[-1.2680729999830034,46.58586799971128],[-1.2647490000444506,46.594799499551925],[-1.257366499949871,46.60070650036987],[-1.2552374999494218,46.59816250023048],[-1.2452694998825746,46.5989844998841],[-1.2354665003751124,46.602475999910546],[-1.235662499475905,46.605442499766134],[-1.2273589997662586,46.595590499874284],[-1.221763499384639,46.597770999691896],[-1.201905500421051,46.58879849987579],[-1.2051815000644828,46.585949500175836],[-1.1996050003940453,46.582565500108466],[-1.1968054995709088,46.57171000035445],[-1.2020095007012797,46.572403500201744],[-1.2106840002304857,46.56727099999837],[-1.2150415006491078,46.55739550012642],[-1.2123475002338049,46.55403400027982],[-1.2073055006191,46.5594739998611],[-1.2004070006772658,46.552865500357534],[-1.1992119994209511,46.542545999841096],[-1.2050244994741093,46.5396180000848],[-1.202265000388784,46.53533549962535],[-1.1909919996123222,46.532578499872436],[-1.1818874997900402,46.53704850031614],[-1.1753160002402094,46.53130749991509],[-1.1764895001351043,46.5232554997051],[-1.1820549998533643,46.52456950007876],[-1.1878225004263285,46.52096899995457],[-1.1940689996894418,46.51370550044081],[-1.1914414996582057,46.50941899981442],[-1.1979069994781635,46.50854300021859],[-1.1986779996144183,46.50536700045877],[-1.2047849994233977,46.50499600005553],[-1.209837500046814,46.509477500161104],[-1.2119885000498136,46.51742600040225],[-1.2156720003392385,46.51091599969327],[-1.2479990001225625,46.51449599976047],[-1.2507229999852705,46.51229400037805],[-1.2483249998371675,46.50660449965781],[-1.2609114994934298,46.502650500190086],[-1.27003750043987,46.51240349951762],[-1.2793245001636353,46.51571149975863],[-1.2852820002465675,46.514080499963136],[-1.2911659997911944,46.506462499777946],[-1.289126000328762,46.49450399956614],[-1.293448499863829,46.48211700034378],[-1.308281999623561,46.49330699979162],[-1.3312554998058725,46.493603999831265]]],[[[-1.7294789994128155,46.54348200009335],[-1.7122689994457847,46.52459100017435],[-1.714114000175056,46.52132800037585],[-1.6991325004915319,46.51906749966396],[-1.7015545000603407,46.51303499994063],[-1.685944500604384,46.514579500295014],[-1.674724500343224,46.5040310001623],[-1.6793499994261885,46.48368750037368],[-1.7015285001236105,46.480288999804195],[-1.7060884998887167,46.475847999858345],[-1.7038805001988544,46.468088499561986],[-1.7068269994625498,46.463884500337414],[-1.7222279999490782,46.4580209999623],[-1.7326094997951413,46.46607299993162],[-1.7573180004169162,46.47559050034074],[-1.777811500294381,46.49304999972975],[-1.7899379997749676,46.49468249986007],[-1.7937030004661436,46.492743499666986],[-1.7949354996181592,46.496077499637],[-1.7868585000693633,46.497947499604415],[-1.796096000086837,46.497611999688175],[-1.787764500615526,46.50210150036847],[-1.78941449954971,46.50446049990858],[-1.7960379999672127,46.50198350010911],[-1.796845499756281,46.49717900020616],[-1.7935144994475063,46.48941649966916],[-1.8036564998867866,46.489047999585225],[-1.8126895002197116,46.493673499721865],[-1.8187124999092519,46.518636000223744],[-1.85623099990497,46.608842999748816],[-1.8710364995530906,46.617668499986465],[-1.875897000103414,46.62802999965874],[-1.8982614998828176,46.639725499848666],[-1.922604499417018,46.67158699979674],[-1.9184879993900992,46.676498500180685],[-1.9057554998634556,46.670216000412346],[-1.9012799996216607,46.66321950039926],[-1.8884440005179506,46.66225399965446],[-1.8809980005507525,46.65739399997624],[-1.8643714999554506,46.65980900010273],[-1.8496064996553538,46.65418099979554],[-1.8450300005204954,46.65844850007932],[-1.8317299997288208,46.656502500120446],[-1.830032499380142,46.6514745001072],[-1.8381915000183031,46.64360749978652],[-1.8201500003320845,46.64120350037671],[-1.822291999696595,46.625673999631346],[-1.8070515003347551,46.63073400001153],[-1.7753780005353659,46.628238500294685],[-1.7603434997935459,46.63219700041426],[-1.6956780005439043,46.61476199948677],[-1.693376999408112,46.60665700005993],[-1.698647500284443,46.60633500006953],[-1.6968999993533356,46.603063999758476],[-1.7019804998806796,46.599324999971415],[-1.7075370002244918,46.60110949998437],[-1.7085829997461026,46.59760450042105],[-1.7223999993724384,46.597112999658094],[-1.7221949999504775,46.59351649990465],[-1.7283835006087966,46.592394999902425],[-1.727857499502091,46.58799949962948],[-1.7352555001755767,46.58733000015573],[-1.7345409994971954,46.58303150050366],[-1.7393524997446141,46.57925549990981],[-1.7383285004763325,46.57433650016059],[-1.7465945003721493,46.56354500021899],[-1.7459864999717878,46.56068399979123],[-1.7376000002779783,46.560308999857625],[-1.7420190003553473,46.55569150038482],[-1.7383205004728437,46.54992250025785],[-1.744690499437314,46.54780300000464],[-1.7294789994128155,46.54348200009335]]]]}},{"type":"Feature","properties":{"slug":"champagne","name":"Champagne","source":"https://doi.org/10.6084/m9.figshare.19312094","sourceIds":["PDO-FR-A1359"],"resolution":"municipality","sourceYear":2022,"labelLonLat":[4.53667,48.11774],"scope":"Union of the named PDO geographical areas; not planted-vineyard parcels."},"geometry":{"type":"MultiPolygon","coordinates":[[[[4.273151499801149,47.92403200040841],[4.2454540005858,47.92975000022225],[4.237146999951212,47.9406805000221],[4.22214050046069,47.94969299969938],[4.228103000159564,47.96102200008321],[4.2253210004957635,47.98147100005943],[4.213254499478449,47.98221999970345],[4.226243000097708,47.9838994996017],[4.232005500575412,47.99136299968631],[4.243788999966755,47.996703499847165],[4.240973499751383,48.009657500098506],[4.24896049933496,48.021041000206594],[4.280819000031373,48.03598900008822],[4.280566000222022,48.04184000019987],[4.291933500399346,48.044529500046764],[4.316589999542212,48.058125500114706],[4.328393499783245,48.059792000347045],[4.315236999503108,48.065006500056164],[4.3227129998983385,48.07284100026535],[4.33548050035803,48.07860650045287],[4.338238000429198,48.084045999695924],[4.326321500363641,48.088431499844404],[4.331356000190076,48.09019000029333],[4.329617000406848,48.093907500095305],[4.333606500009842,48.09644800003441],[4.328975999704302,48.09828149976673],[4.341233000115327,48.11687199957453],[4.350454999880449,48.11743400015768],[4.358717000031935,48.125328999671325],[4.3653659993344975,48.124418000042496],[4.395483499439028,48.13873550031317],[4.397643000502099,48.144139499714996],[4.406095000059011,48.14884850025111],[4.428226999746959,48.14431800004081],[4.449512500223435,48.157249999641095],[4.471250499516925,48.151279500142856],[4.4842525001261535,48.16188149978011],[4.5084609997361005,48.163685000340514],[4.533930499811938,48.16181699967264],[4.533338499590977,48.16857450019512],[4.543023999479826,48.17986249958361],[4.539252000399328,48.1845205000518],[4.561585499609254,48.190980500283004],[4.566478499795418,48.19848900031711],[4.56349050049848,48.20736099992015],[4.577105999479538,48.220550000252906],[4.578104500218879,48.2328989997863],[4.584387500408266,48.23498300045411],[4.5858449997765085,48.243545499561584],[4.581500000314316,48.251858999639246],[4.572806999677707,48.25486699961036],[4.563260499966842,48.2644565002624],[4.5796700002836985,48.26386599998416],[4.602700499796668,48.27402150033694],[4.616478999857402,48.27171349990192],[4.6201254996799745,48.27623000023164],[4.6427484993546395,48.28629500007485],[4.653512999829456,48.29596949979429],[4.667253999804345,48.29879250020801],[4.672099500493819,48.28258649964064],[4.67809050056117,48.285480499808884],[4.685329000131634,48.283078999717226],[4.692555000491482,48.28463450011849],[4.712820500500344,48.278587499589335],[4.734569499590851,48.293879500065316],[4.763194000200676,48.29313050009852],[4.776366499604312,48.288253000372194],[4.783517999942484,48.28149249975888],[4.793781999458981,48.28194500035222],[4.801801000212971,48.28738999963174],[4.816275000306621,48.28963199964614],[4.8110785003840375,48.299195499645634],[4.8274630005541335,48.2992820001472],[4.8262695002063625,48.302239999609135],[4.837874000153408,48.303865500340734],[4.843085000403534,48.29750250019978],[4.890692000084184,48.29508550027784],[4.893145000374951,48.29147900032826],[4.899426000111754,48.29560650018519],[4.914100500664261,48.29270399984638],[4.91766899935984,48.28713799985387],[4.930375000185124,48.285410499833795],[4.951387999943815,48.286223000368864],[4.9620685003319345,48.290609499991625],[4.971061500073359,48.28743149960942],[4.985486999379815,48.28853750003474],[4.987262500223978,48.28525949970093],[4.996225999397563,48.29031099991345],[4.9982599998004105,48.28548850032146],[5.007956000454862,48.28530449995047],[5.0067204996172245,48.27719099984352],[4.999916500263994,48.273530499787036],[5.0053979997430815,48.259947999712956],[4.995026499970382,48.24723649961268],[5.012321500468825,48.23376350006078],[4.972234500387765,48.2305755002846],[4.943851499902588,48.216229499792476],[4.939966499754117,48.22067849978995],[4.930919499742079,48.21332099963124],[4.940357500409478,48.21090899989725],[4.932978500403642,48.20324449967924],[4.922831500157301,48.19942000035318],[4.914778499553521,48.201215999771335],[4.898909999758108,48.195940500340036],[4.89466799963404,48.19724750025906],[4.882416999671347,48.18878750007174],[4.876989500118857,48.18782499995996],[4.87180000029599,48.19320000044828],[4.856272500051876,48.19267100027057],[4.850347999545375,48.189162999672405],[4.833452999660837,48.190378000009666],[4.81945900055891,48.19602700011351],[4.814146999523957,48.19465400030072],[4.810260000151069,48.20067399965091],[4.801696500331635,48.201708500052426],[4.801831000149434,48.20746299963107],[4.794590999559657,48.21233599977171],[4.777920000317439,48.20697199972683],[4.7674780006392785,48.211056499964],[4.75920249970309,48.20965350022112],[4.752081999362626,48.2187055002758],[4.733095500248273,48.22152249989229],[4.739591500170728,48.206097500235465],[4.746757999426289,48.20388200020715],[4.752244000018304,48.19441349996982],[4.754872999891088,48.18284449978556],[4.771376999654119,48.183403500433755],[4.780928500351673,48.18918750035879],[4.791152000648081,48.18437149966345],[4.78253850046494,48.18186749974248],[4.776689499811971,48.16453649989656],[4.7604240007066,48.158845999677744],[4.769391500447479,48.14633550025493],[4.759449500382504,48.14789100034358],[4.752939000001317,48.1422669995875],[4.743830499921498,48.14294950021209],[4.74291149962203,48.13167800002636],[4.73373399959581,48.12345450035667],[4.7241525004353875,48.10624200021351],[4.71506049993979,48.10120899981601],[4.7041009996782055,48.10011150031865],[4.704953500456057,48.08850349976314],[4.677503999823729,48.08118299990487],[4.66913450017951,48.08319400036006],[4.657548999396235,48.07924049956792],[4.690483499666185,48.07269200011678],[4.699533000348529,48.06648250021303],[4.711000000560321,48.049921999581635],[4.723155999982121,48.04576099965678],[4.721840500003797,48.040390500275564],[4.710651000220149,48.03620900028541],[4.705039000269368,48.02773149989579],[4.71478449986453,48.0207864999688],[4.704233000512169,48.02023499979521],[4.698552499743382,48.02367850000594],[4.669909999763426,48.01435649992546],[4.6653034994147715,48.02083549957392],[4.65581500010405,48.0170209995998],[4.654227999460921,48.02208999983438],[4.647679500160894,48.02568300018338],[4.621939500504757,48.02434400032385],[4.616812500539135,48.03137050045667],[4.608098500289015,48.02834599990564],[4.600075999651723,48.03048049972919],[4.578624499524618,48.02909400041437],[4.563285499562482,48.015218000158754],[4.5556399998290855,48.01356350011843],[4.549426000109713,48.00445999988819],[4.53577299938596,48.00656149981272],[4.540933500262354,47.992115499851415],[4.555208000651757,47.98577349967832],[4.559963500205869,47.97142400024546],[4.554238499897043,47.96748449976121],[4.53156750003775,47.96993599966274],[4.515002500136492,47.96619750030185],[4.493274500038868,47.96880399960481],[4.482999499901489,47.963190499891226],[4.446957000051454,47.956199500319755],[4.417909999929107,47.9684590003789],[4.383608500603805,47.95961849963178],[4.368582500392032,47.961951999935074],[4.366345999875471,47.95825550039234],[4.343219999830948,47.955865499748164],[4.3128004998776275,47.96250100027772],[4.3027200001090815,47.950751000039986],[4.297931000628089,47.9497970001149],[4.302910500190968,47.93788349961837],[4.293421500479365,47.92567350032913],[4.273151499801149,47.92403200040841]],[[4.96909750003238,48.24856700003801],[4.95778800032253,48.26295200026541],[4.936702999952839,48.26569600043163],[4.937243499837293,48.25267549988195],[4.951456000535656,48.251361500473635],[4.969033499498456,48.24353049953477],[4.96909750003238,48.24856700003801]]],[[[4.572662000119973,48.745443000004265],[4.569376000104706,48.731297500451],[4.568179000632013,48.73667049997058],[4.561892000170818,48.739090000397766],[4.560233500521871,48.73525449974756],[4.556032000704776,48.73555849973111],[4.552464999938242,48.73954499993514],[4.525525999575369,48.73038750036798],[4.526730499878715,48.728191500175626],[4.513254999398909,48.7257849999293],[4.50964849940508,48.73019700006082],[4.514567500451914,48.732562500103036],[4.509919000220125,48.737351499656874],[4.527965000183789,48.7459820002258],[4.5246510001574025,48.75118950001745],[4.527263000084788,48.752537999833564],[4.5217584998945854,48.75421300019626],[4.515119500246797,48.767015499633544],[4.5392184999483085,48.773761999756005],[4.53913250013822,48.77780999991436],[4.540813500097712,48.77492250016068],[4.557443499558471,48.770482500187285],[4.5784419994169445,48.77889099955197],[4.592859999871107,48.78008400023344],[4.579953000686205,48.788509999893016],[4.582545499859835,48.794189499801256],[4.577689999533093,48.793089499913386],[4.574549499780204,48.79969849974154],[4.562376500271943,48.806434999612286],[4.580072500297793,48.81790200023769],[4.583815500343894,48.82700250018781],[4.595294999900241,48.83073199969268],[4.595420000273159,48.833616000155686],[4.586437000449249,48.83689650024251],[4.5911280000310475,48.841078999574535],[4.587469000393222,48.84591400000933],[4.597513499655936,48.85102800013211],[4.596519000030381,48.85477850014829],[4.617046500629169,48.85495350015663],[4.648987999543049,48.87185199989183],[4.688240999369882,48.87991300021897],[4.691196500013868,48.88466500006594],[4.699328499498989,48.88630199964375],[4.697906000633858,48.892489000259],[4.716905500049815,48.89439499965395],[4.737211000248823,48.882631500343855],[4.759661499541946,48.884316999833686],[4.768108500206098,48.8798195000266],[4.764214000067896,48.868560999747174],[4.769208999395321,48.86463750015776],[4.764780000640966,48.85910850019622],[4.772384500033568,48.857100999829676],[4.772506999815916,48.855345000428066],[4.749982999468369,48.85622599954602],[4.747984999964726,48.853119499994875],[4.739889500678379,48.856303999603576],[4.72582699937145,48.847425000049974],[4.732860000082447,48.84623850016884],[4.756717000474885,48.83233300002112],[4.78724099961781,48.82515299984355],[4.783648499641267,48.8145269999035],[4.7738315000037055,48.81163499955642],[4.772957000240843,48.8075070002056],[4.765542500534267,48.803532000146326],[4.765485500602452,48.79677950007016],[4.7233305002265045,48.78813799975937],[4.720986999338346,48.78332949996036],[4.6994280002662805,48.775136000292164],[4.702599499887471,48.77309449971953],[4.699983999958579,48.76972950022386],[4.687212000335652,48.774578000261386],[4.671104499685582,48.76911349975502],[4.671316000652203,48.76658249970889],[4.677551499579749,48.76578550028145],[4.669565000411344,48.755152499788174],[4.6754569996942426,48.75309449955008],[4.66616600034577,48.74758300011562],[4.663379999383255,48.74942850029759],[4.6602889996282,48.74445350034178],[4.6471704999660135,48.743280499701854],[4.647446499780189,48.73603549956915],[4.653056500481098,48.730747499722476],[4.645367999949616,48.72933250007499],[4.646110500159651,48.72463249987453],[4.635325499811638,48.725390500165695],[4.623424999434343,48.7310785001475],[4.613724500617223,48.72966200011101],[4.616078499678024,48.734061499988655],[4.592674500469564,48.741359499579275],[4.5883054994545125,48.7396449998433],[4.583808500036117,48.74574000020392],[4.572662000119973,48.745443000004265]],[[4.620001000045256,48.76483749962659],[4.640114500301891,48.76721849958704],[4.654203999985718,48.77539050012799],[4.652383500480196,48.78109300001267],[4.65651100013363,48.786369999960854],[4.65253099948941,48.789735499594464],[4.640825500158169,48.78542249976094],[4.629500999456543,48.78934599987499],[4.608285500570376,48.778117999793416],[4.609685500279357,48.77593300038787],[4.602082499370821,48.77472999990907],[4.607854500557996,48.76858549987998],[4.620001000045256,48.76483749962659]]],[[[4.627596500334367,48.314627999724934],[4.61480850006199,48.30615999982144],[4.61770899951868,48.2975140000939],[4.601394500107342,48.28839299989425],[4.596137999434386,48.29151649970519],[4.592902000270412,48.285551999761246],[4.587656999604894,48.28421349956273],[4.589140500528052,48.29178499978169],[4.58137399958307,48.30053300006871],[4.577173500631058,48.29845449999068],[4.571344999324499,48.30846750038908],[4.572408000276912,48.315687999803586],[4.581520000410735,48.31874399980276],[4.5927485003902,48.31361900021347],[4.600140499388573,48.314286000190855],[4.60150550002112,48.32217499988001],[4.613121500321289,48.32410150020111],[4.613299500132202,48.317666499971054],[4.626014000606266,48.32437299966536],[4.627596500334367,48.314627999724934]]],[[[4.550689499557867,48.70426699991967],[4.516067000229499,48.706688500268584],[4.4952505005919345,48.69974900007337],[4.479758000147139,48.69991249991912],[4.4725100000012326,48.69488600003422],[4.465807500488926,48.69748400042549],[4.456160000076845,48.68986999971798],[4.434048500390049,48.681486499731555],[4.4296309999060846,48.68433450009327],[4.446613999578953,48.7036360003552],[4.4530530005163245,48.70162350018708],[4.470449500557463,48.704809999743006],[4.497994999852659,48.71611849980882],[4.524835500492701,48.717497000283785],[4.52643850004231,48.71521049998733],[4.554466000031712,48.7193589998236],[4.556504500101175,48.716547500041166],[4.570309000339705,48.71886199974624],[4.566568000032136,48.71469849970388],[4.571870500276825,48.71337699963145],[4.573200000099451,48.70899750017772],[4.550689499557867,48.70426699991967]]],[[[4.330890000643621,49.32715349960208],[4.346164999728153,49.322252500037585],[4.343626999856483,49.31393800004571],[4.347011999277157,49.31797900031245],[4.355961500374513,49.314396000367516],[4.350148499616615,49.310225000086895],[4.345187500604392,49.29303499961592],[4.3431914996913505,49.2905974998733],[4.336604000626626,49.29174950026411],[4.328402500606882,49.27438800023229],[4.331192000482415,49.26697850008098],[4.325555000338521,49.2642075002042],[4.325744499479617,49.25835849960392],[4.336702499618862,49.250137499542824],[4.321161499792065,49.23448799991169],[4.312242499450852,49.23028049958527],[4.300613000406825,49.232587999676895],[4.301365999487632,49.24260549994746],[4.293420999672813,49.26073699965949],[4.285845500240549,49.261426000186994],[4.284663499809827,49.265156999545894],[4.271900000358299,49.26752900029891],[4.271071999973556,49.27073299958509],[4.260584999729175,49.27491850018562],[4.2655760000550025,49.27896699970291],[4.262351500290255,49.289129999608974],[4.2650019994150545,49.29488299954614],[4.2587555000077,49.296894000407555],[4.277855999646859,49.3139844998706],[4.287681999282478,49.31748450035943],[4.2896894998203985,49.315760999803636],[4.289975999820628,49.321112500134724],[4.313215500171489,49.32773250021533],[4.330890000643621,49.32715349960208]]],[[[3.535322499768944,48.610911999898384],[3.540837000306014,48.61604299962253],[3.5573489994556886,48.61593700038492],[3.5556139999176404,48.620285499571374],[3.5634554994265777,48.612683000150994],[3.5623555004999576,48.60221099977072],[3.579892000219036,48.604860499708785],[3.5700049996466734,48.6201755002816],[3.5744664993689774,48.62590999988093],[3.569164499898898,48.627601500116704],[3.572940999975095,48.63132900008729],[3.5794475003851853,48.63002899979798],[3.597146999721292,48.64012699987397],[3.603911500178593,48.63658449984379],[3.6107990005078423,48.63759049986521],[3.6118350003833473,48.641129999770335],[3.6265870003543275,48.637005499664554],[3.635632499890797,48.66411100030881],[3.66041600006848,48.67164899958581],[3.6616999999037922,48.67945650036425],[3.6573099998261798,48.68626399969337],[3.667374500383648,48.69324649998702],[3.6730035003686123,48.69303949962917],[3.672193999577705,48.70065399973023],[3.6875179995972838,48.71490949965159],[3.681522500593881,48.72158450044795],[3.6866344997211398,48.7248525002763],[3.687124499439255,48.732723000113154],[3.6989289996063235,48.73932099999131],[3.7091580000847473,48.7530114997317],[3.7201994994243015,48.746447000059945],[3.730276499457802,48.74461200030963],[3.7402160000670466,48.749754000349334],[3.730704500187528,48.75751649992015],[3.7330619999215253,48.766343499976585],[3.7287395001686456,48.76742749998341],[3.7398385000551637,48.78213849977296],[3.736712000473843,48.78473750042713],[3.7431525005166324,48.7959879996173],[3.7408430001181787,48.79863100021794],[3.7513070006647147,48.805150500028596],[3.752268500493037,48.810002000254144],[3.7455835005295923,48.81130750040517],[3.7414759996445746,48.818544499932756],[3.7216770003747603,48.83151400043422],[3.7371169996283355,48.84517599994421],[3.732890999891237,48.85007999984663],[3.7412645003099683,48.85195950034422],[3.739620000002778,48.85917900040287],[3.7233464997112717,48.87417450014839],[3.725100000014869,48.876041499970135],[3.715376499561601,48.87678349981948],[3.713206999413122,48.88234549989344],[3.7230664995945215,48.88150300010627],[3.7257360002875273,48.88654999976535],[3.74364449958851,48.88454700041602],[3.7441215000033807,48.88013749962835],[3.7543724996264682,48.87900400020131],[3.7537274994123293,48.87635149954119],[3.770825499846324,48.87524749999508],[3.787829000358732,48.8671455002158],[3.800650000377858,48.88327999962133],[3.7906530002779397,48.88642299970655],[3.7969404994333003,48.88948349981314],[3.8069464994671964,48.886124500357504],[3.809517499807153,48.887891000362984],[3.8054529993686534,48.88874899967274],[3.800987499971524,48.89910550007272],[3.795604000156401,48.90038749977271],[3.795786499962335,48.90742349963283],[3.807235000526238,48.90825549971803],[3.809112999970793,48.905668999875545],[3.8154250001172354,48.907645999803165],[3.8253819999118304,48.904738499857515],[3.8355189993792838,48.91363349971276],[3.8306305002313463,48.923322000216416],[3.8511499998323853,48.920213500282586],[3.8510485003069177,48.926111499570425],[3.8563339997847352,48.92676249989991],[3.8707300002199165,48.92463700023215],[3.877993499670936,48.91891649973868],[3.8809594993563477,48.92233850034846],[3.8672090006593565,48.92782799985265],[3.8699075005357066,48.93094000014137],[3.89044700008205,48.92211599957488],[3.9178200005994936,48.928759000287265],[3.938668499493701,48.92536149981283],[3.9410144998026033,48.922273999936],[3.9507350001779815,48.92515400007311],[3.9495729999564255,48.93776299997753],[3.9350669994503757,48.94079849991341],[3.9244660002038763,48.94661249960145],[3.9147344997421385,48.943459999809605],[3.9102204999272954,48.94757400006083],[3.884445500634453,48.944055499640896],[3.8746919993491953,48.9468870001698],[3.8763774998098164,48.95032500033841],[3.8668625003056785,48.95207499981441],[3.8576320001494047,48.96029100040562],[3.820987000592739,48.9637819997662],[3.819887499544242,48.97261249984015],[3.8109794994899198,48.97187800015926],[3.817888499353691,48.97430050000686],[3.814469000650075,48.97776350014735],[3.817159999542126,48.979845999530745],[3.8062940002166714,49.000130999678014],[3.7745255005487444,48.99397450015972],[3.7754590005011166,48.98855949984516],[3.764973999990263,48.98239699957074],[3.7583549999833097,48.985046000300905],[3.749274499790651,48.983086499777585],[3.7446160000378037,48.97995149960606],[3.745807999478719,48.974094999605924],[3.7381839999259716,48.96987049996485],[3.7140560003026275,48.97429449983814],[3.7097690001816424,48.97277150018336],[3.7050494994516057,48.98222599976311],[3.695881999513343,48.982026000354914],[3.6926715000888337,48.97936599986196],[3.686050500458003,48.98726949962281],[3.6793374994172816,48.98644649976851],[3.6582060005454893,48.96803249961104],[3.654504499696635,48.95458250025723],[3.646704999832777,48.9516124997871],[3.6304910002898603,48.96573899970966],[3.6103700000084307,48.96686300045054],[3.6051664996147648,48.96395299968337],[3.600924499977366,48.96634399987544],[3.5878839993840614,48.95883249978653],[3.576981000259528,48.967457999581505],[3.5824015006085044,48.973736999955],[3.578202499406881,48.975130000368154],[3.5834905001374615,48.981554500213115],[3.582363000000154,48.99653950016227],[3.5566370000706584,49.0095400000412],[3.5567730006618787,49.01241499960872],[3.5471099993478545,49.014005500335],[3.535040000580791,49.0237974998226],[3.5076650000422585,49.02548000009182],[3.497107500120852,49.02459450015408],[3.4829799995812643,49.008058999734196],[3.4734384995688514,49.00904900008585],[3.4694695006816185,49.0062104999105],[3.4660670000141716,48.994909999719624],[3.473111500660877,48.994754000135764],[3.477952499882395,48.985755999682],[3.489103000207321,48.9830329996592],[3.4846214995025995,48.978627999951115],[3.478378999648408,48.98031450035952],[3.4762495002741445,48.976640999570286],[3.463755499913448,48.97721749973687],[3.444080500215799,48.97075099958596],[3.4337109992923125,48.98713250028965],[3.4300845002977787,48.986761500052665],[3.4278834998901835,48.981328499869996],[3.412386000237197,48.980180999765466],[3.4088124996495437,48.97311349976518],[3.3985249999620324,48.971408500292185],[3.392898500672253,48.963234999891824],[3.386443000358398,48.96526900014348],[3.3757035003687417,48.96068950012385],[3.3610064999576914,48.960106999970385],[3.3563610006192923,48.96333750030866],[3.3479749997930055,48.96094550038094],[3.348087500571756,48.95695449980871],[3.3567789997442303,48.95058900033527],[3.3572555006730997,48.94221750003166],[3.369570499540367,48.941248499712984],[3.3701294993266817,48.934692000146256],[3.3654525005346687,48.93439699998559],[3.366769499865534,48.922533499918764],[3.353571999458064,48.91524300020771],[3.346490000398233,48.91702750023515],[3.336480000152827,48.909193499592746],[3.330294000498885,48.90870699996624],[3.31307700044443,48.92121550044629],[3.312722999341633,48.93427749990594],[3.3047535004273487,48.94876700039428],[3.27186600036101,48.93755250002133],[3.265159499737592,48.93906100040682],[3.2601724996550345,48.94479050040953],[3.238818500217995,48.95019250027099],[3.243260499983124,48.93656950021507],[3.239339999780644,48.936275499838395],[3.2383845001608687,48.9276554998223],[3.1857460004873475,48.943309999914156],[3.1823584998111833,48.954726500098175],[3.1913214998109916,48.9529150002439],[3.198533499732363,48.955783500051446],[3.2134874997163654,48.97491600010093],[3.210727999757683,48.97722850017503],[3.215971499345834,48.98023899986422],[3.2137459999805165,48.98156000026095],[3.2248409995242655,48.98732450031513],[3.224712000315961,48.99101850002245],[3.2093140004132406,48.993783999684815],[3.2071649998083465,49.000686999763005],[3.1960444998884006,49.004818000156824],[3.1980925004848153,49.00880149985699],[3.1805234997132,49.01298000001741],[3.167398499431329,49.01239849962988],[3.1682870004183785,49.01667000001279],[3.161029499761687,49.024223999914035],[3.176897500380046,49.03048549992054],[3.182861499556729,49.041469499796065],[3.180451000112517,49.044496999985924],[3.1906164994733994,49.04671699996005],[3.208580499428006,49.04181450023039],[3.21278649992153,49.04317650031466],[3.2355600002586216,49.029935999791675],[3.244364999395023,49.03083549955345],[3.244287999879272,49.02638799991616],[3.2551769994959923,49.020094499630616],[3.262342999919516,49.02349949989146],[3.286317499504536,49.025324000061175],[3.291431500295892,49.01732100001603],[3.2985385006586614,49.02482149995342],[3.306037499330572,49.02677450001343],[3.2935249998463596,49.041136999941145],[3.295004500047439,49.05380499966706],[3.305064999985134,49.05444300021698],[3.314161000525049,49.05148350029099],[3.3169474998570414,49.06103000005544],[3.3400179996240715,49.06376150032601],[3.3493479994709934,49.07159949955654],[3.3463825001831253,49.073870999950856],[3.36639449961932,49.07526500019475],[3.3791040005833195,49.080770500081236],[3.3904639998496857,49.07697749970891],[3.396621500202685,49.079071999953925],[3.3948864999724053,49.072535500120644],[3.4103830004576134,49.071174499616426],[3.423737499389453,49.06165399966212],[3.458614000534555,49.0788109999098],[3.4564515001234093,49.08633549993231],[3.461733999479539,49.08705000002637],[3.467176999909265,49.10318249980114],[3.4788955002770767,49.106352000270725],[3.498849500426416,49.10444249978166],[3.4986534998375176,49.10183900034457],[3.5058084997959797,49.1004574999409],[3.5182895001272967,49.110004499682006],[3.5278779998268965,49.10139850039856],[3.5232355000913333,49.09591799977847],[3.5306294998267846,49.09314849969588],[3.5403310003676967,49.09881050028772],[3.5457049999296077,49.09524050008034],[3.5579400002139954,49.10922799985798],[3.5757735005834763,49.110248999718905],[3.57743449990888,49.11674750026753],[3.6070860003566763,49.123895000130034],[3.6116560003407745,49.128744000103794],[3.6096335006439886,49.13501149994942],[3.6144599993916824,49.13910300025418],[3.6205719998329853,49.13925300017029],[3.622252000307951,49.151105500305235],[3.6561955004458304,49.14883100012675],[3.6872550001911826,49.154183000454054],[3.6980319997180464,49.149827500147154],[3.702742000634569,49.14145299982217],[3.7075780003372882,49.143059999658234],[3.706062499690386,49.14527899981671],[3.7170129993707235,49.147040500208504],[3.719113499667126,49.14021149970207],[3.709667500105178,49.13201849970722],[3.7179529996088427,49.131518499909916],[3.7242644996624312,49.12685299953662],[3.744946999655114,49.13275700026712],[3.7549530002115215,49.126430500229546],[3.7631410001387136,49.12786050030202],[3.757493999971703,49.129186499740364],[3.758562000002231,49.135159000095534],[3.752554000574245,49.13630799968554],[3.7395694999767506,49.15688849979018],[3.748768000378759,49.1570849999699],[3.7483479993637427,49.16873749974029],[3.752489999361882,49.1723725001438],[3.749695999593958,49.18491449995082],[3.7567799993588173,49.194760999710404],[3.7497750001071606,49.19229150012723],[3.747196999912066,49.195781499783145],[3.736716999934475,49.19159100012426],[3.7344555000483415,49.19414300021067],[3.7277445003068013,49.19192849987265],[3.720530499909188,49.19439400019592],[3.714216499781303,49.20179949990664],[3.7002855006002924,49.2013385003215],[3.6974775001744686,49.20663650045672],[3.6817789997494206,49.19742299976237],[3.6761124995376266,49.20094600017277],[3.6817945007241755,49.205339999639044],[3.6651190005848653,49.21070149970315],[3.662537999599534,49.208977999668654],[3.652827000270381,49.215429500156255],[3.657059500243696,49.21864400019237],[3.651476000356516,49.22156349973854],[3.665503499554425,49.22285549977194],[3.669973000235953,49.2328609998514],[3.678146499632604,49.23533099976515],[3.6750455006341762,49.24008350023122],[3.6937159993821056,49.24971299966253],[3.697435500199041,49.257497000428025],[3.692094000518849,49.25585000026177],[3.686174999922997,49.26779650031457],[3.6797880000682075,49.27038400015034],[3.6695369997877285,49.26745200038701],[3.6614869997389277,49.26996699972476],[3.651609500631935,49.27836049983628],[3.652630500117431,49.28284199988371],[3.664913500419533,49.28994000015446],[3.675305500429946,49.29018400002304],[3.6746794999814045,49.292527000352436],[3.687827500603647,49.2904840003384],[3.697713499779794,49.29495550013081],[3.7053479994534295,49.29018700033018],[3.734981500330321,49.292801500095145],[3.7396135007074216,49.307986499776604],[3.7529690005468477,49.30845050028257],[3.7616010002497484,49.31446700009219],[3.771000000214292,49.31340249972145],[3.775255000017302,49.32499700015329],[3.7880710000938644,49.3207904999222],[3.797629999681832,49.32534650020593],[3.820705500085737,49.32846949969379],[3.8288749999262826,49.32284849969574],[3.8482210001926256,49.33058000043191],[3.850984000489978,49.32636700008268],[3.860627000511046,49.327044500200444],[3.8651924996199156,49.32339200007782],[3.8811814996290046,49.32210049957662],[3.8862244999769167,49.32706700001236],[3.8817514999532294,49.34241799965986],[3.8881340005549156,49.35136700009429],[3.8847419995026313,49.35402499992306],[3.878549499847772,49.35208249996629],[3.8711654996167923,49.35811700037609],[3.8628940002728163,49.35800599997249],[3.8633910004203975,49.36959950023033],[3.8560620000075154,49.368345000223],[3.859835499679266,49.37266350023843],[3.8563505004901155,49.381164999943124],[3.861086500261684,49.38599949998976],[3.8396105006624377,49.391005000080774],[3.836680500249039,49.39671049984603],[3.8223760003417118,49.40237799968245],[3.8462909993480094,49.400571999717215],[3.8461149998257356,49.403466500072284],[3.855149999592622,49.4012324998416],[3.8695760006630335,49.40666499999343],[3.8811825005626135,49.40529450041082],[3.8933145003236183,49.39912199959399],[3.895740000043173,49.39277949971135],[3.910339500575965,49.39482699972189],[3.9147190004743333,49.40352850003555],[3.924820999480058,49.40771849956397],[3.9337995003069746,49.401867000281555],[3.9314755006040745,49.40076150045105],[3.9426630003535323,49.388757000053026],[3.961310499695937,49.37734649959878],[3.955256500423995,49.375096999907385],[3.9604234998768546,49.3693535001492],[3.948937999730047,49.36375749970549],[3.959619000218896,49.35956099980061],[3.960969000131274,49.35481650027693],[3.953313499489785,49.352000000299064],[3.9571785003857114,49.34767299983009],[3.950516499658092,49.344624499568766],[3.9965025001871726,49.29796349957112],[4.010026000613791,49.30315850003534],[4.0179510001354375,49.2975569999067],[4.028615500017043,49.29763199981203],[4.027397500015628,49.284421499831645],[4.033798999861368,49.284421499766445],[4.043699500155252,49.27069349993487],[4.049795000132568,49.268171999879186],[4.061547999736588,49.2765705002845],[4.07385950041734,49.27806150025071],[4.081700000360371,49.27700650029558],[4.083380499550317,49.273704500126435],[4.101299499275943,49.2803930004035],[4.1048945003624,49.276150499808125],[4.107987000396937,49.276892999742486],[4.1069020000787635,49.27365200035981],[4.116134999829592,49.275024999979564],[4.116976999777787,49.27102299967783],[4.125695000442466,49.270524500359485],[4.130021999523597,49.27607599953914],[4.141854000563015,49.27797950007567],[4.155761000184141,49.28999150040783],[4.1674259995634575,49.28694650038646],[4.165237999409634,49.292490500116074],[4.1703305006143605,49.28988249975053],[4.175698499763412,49.29203049975889],[4.182961999456204,49.28736099990777],[4.18908399966207,49.29047349976044],[4.1975460004528315,49.276945500098876],[4.189714499520156,49.27495499976985],[4.191138999440999,49.24679799977031],[4.181022500431179,49.24131600036274],[4.163478000473702,49.23853750047005],[4.150598499883542,49.22633099983927],[4.141629499458729,49.22723000035497],[4.137748499453631,49.21672949992996],[4.13265899935298,49.21722500035139],[4.153598000283852,49.20361149957226],[4.1532334998063325,49.20105550033876],[4.170256500289297,49.19974299966922],[4.167843499890906,49.19690649967456],[4.176875499771127,49.1910065004151],[4.180809999547409,49.182174499770106],[4.1956714994989985,49.17919300009574],[4.196988500286399,49.1745825000077],[4.205523000101761,49.172595499596675],[4.184440000035493,49.15840999964003],[4.191973500115409,49.15243550004923],[4.191501499567067,49.14705750014572],[4.197925999374343,49.144747000328266],[4.204874500314232,49.14686249989474],[4.209745999543071,49.14203699968756],[4.21809599985618,49.14544150013374],[4.223421500623267,49.14072349986285],[4.218810000546332,49.138919999858196],[4.222682499433268,49.13408000039891],[4.218924999469894,49.13117950003152],[4.221036499749938,49.12710150039773],[4.22781249998026,49.128513499655675],[4.216515999947459,49.121824999996555],[4.222283499610566,49.11664649990931],[4.2269684999964365,49.11895500026495],[4.228508999396464,49.11649500014946],[4.250024000052442,49.11807649968507],[4.2835164993851365,49.07599200027378],[4.253863500539289,49.06857649960762],[4.234528500486889,49.08212700004016],[4.228724499597721,49.0790734998205],[4.212183999419474,49.08703700037263],[4.205440999761411,49.08702650031292],[4.182435000536021,49.068599999881584],[4.17716000026727,49.0653375000119],[4.170213499654022,49.06715399953226],[4.161141999851271,49.058444000039735],[4.1533119999896,49.0372509998848],[4.164329000504886,49.03527700036255],[4.160295500183695,49.027868999821806],[4.117292500520808,49.03048899965953],[4.1020270000743135,49.02434899991692],[4.071638999334325,49.0315000002819],[4.055925500184565,49.02431099965342],[4.059282499459729,49.022510500004145],[4.048521500640723,48.993264500252636],[4.045092500626425,48.993448000071034],[4.047544499617587,48.97964250040529],[4.038543000288285,48.97789249983848],[4.038913999893682,48.9750555001776],[4.0428195005192,48.97109700002004],[4.050187000139308,48.97281800001962],[4.070714499412523,48.948530499539295],[4.075273000255439,48.94976650021133],[4.085623000078266,48.939675499645915],[4.093451500576116,48.92722550025134],[4.089262499460788,48.92638850019183],[4.091108500066304,48.92451849974788],[4.075269999315071,48.9224670001812],[4.078858500252431,48.9139555002245],[4.073336499966474,48.91197800011255],[4.084147999424896,48.90703800002483],[4.077035000633895,48.90476899966072],[4.082928499330565,48.897527000248544],[4.078374000656148,48.89629049994682],[4.0819010003251694,48.89173450030071],[4.076256499353708,48.89007299972312],[4.080200999529283,48.88618650000057],[4.047394000599587,48.872776000333005],[4.058756499626559,48.86928350015714],[4.063057000312134,48.861759500194275],[4.048051999990268,48.85541349962702],[4.036663500214342,48.86124999957621],[4.018795000500565,48.85306250041089],[4.011084000483406,48.85470800037108],[4.01202050049816,48.85842550046592],[4.006236500447726,48.85859649971396],[4.002060000545237,48.85582350043424],[3.9998510006005334,48.8429995001489],[3.995662000101138,48.83977699990527],[3.9864874995749724,48.84075850013922],[3.9841750001878107,48.83656500043122],[3.9948219999379924,48.83097000015674],[3.9933134993932606,48.82851900012735],[4.015154999886335,48.818035999565375],[4.007529000017772,48.81203049958662],[4.00484450023642,48.80685349962367],[4.01105550014611,48.805318499793096],[4.000626999946228,48.798821499821145],[4.001060999880927,48.791570499579464],[3.973223000367885,48.78334350026808],[3.9538879995632628,48.8042135001617],[3.9588430002884474,48.80553949993449],[3.957719499771703,48.80879099989384],[3.9384010005215844,48.80951150014838],[3.939248500212488,48.812251000335316],[3.93082899963268,48.81510599995341],[3.9012329998588577,48.816325499732706],[3.9008464997854864,48.812555499565114],[3.888609500614562,48.8129940004615],[3.8881934996987613,48.8086395002821],[3.8981815003124316,48.77328650002211],[3.902129499415897,48.77336999974312],[3.9054159995416557,48.76513700010322],[3.900579999534724,48.76708850002981],[3.889405499745342,48.76225499959193],[3.8850319999697267,48.76604249967039],[3.8818750006241856,48.765049499851635],[3.873951499834468,48.762014499983664],[3.87935499950913,48.75622750012701],[3.8583200002102975,48.7485494997239],[3.8516859993840082,48.75075399959718],[3.8474430001662725,48.74519849956382],[3.8375934995946293,48.749363500243035],[3.806701499977602,48.74327900013054],[3.7963150005952384,48.748540499735974],[3.788676999628731,48.74873949966528],[3.792128999538555,48.75063050027855],[3.788737500387618,48.75309850013193],[3.7506254994757167,48.73624300028563],[3.7587679998209795,48.72883500005157],[3.7650170004034185,48.730255999846214],[3.767186000063221,48.720078000414624],[3.7613314995007388,48.71965549985214],[3.767588999628024,48.71298750018615],[3.7467370000888294,48.70420599977221],[3.7532694998949534,48.69788299991133],[3.7447449994216058,48.68857699978045],[3.736111499621572,48.690711499827124],[3.7328595005659793,48.67892999987643],[3.726285500242712,48.67320449966672],[3.7298975001171377,48.67266050005719],[3.7271004999787345,48.666546499581266],[3.730569999708971,48.66682499960956],[3.732455999740762,48.653340500254885],[3.741475000200493,48.64742249992737],[3.7346790003533745,48.640913499965485],[3.730304999297878,48.64289600032113],[3.729577999768346,48.638639499796376],[3.722829000471483,48.63839900039802],[3.7249509993765133,48.633736500196925],[3.7064429999038047,48.626759000047315],[3.7100570005488143,48.62289649975498],[3.713455500393066,48.62523949999192],[3.7162384993985413,48.618185499940694],[3.724425500450678,48.61755050036582],[3.7260459995808395,48.61222699974349],[3.7241064995558024,48.60810549996298],[3.7147309994905195,48.60786450016653],[3.7202789993045378,48.6027410002618],[3.699337499629409,48.590663499785656],[3.7064444998013037,48.58523400001219],[3.697660000339375,48.58262849978756],[3.6855894998350567,48.585831000433885],[3.6836585001549667,48.589061000099925],[3.6800304993201745,48.58743200036747],[3.667151999968284,48.59583899969394],[3.6658490004845077,48.60057450026723],[3.6576584994124626,48.59559499986819],[3.644337499458788,48.59947400030309],[3.6265540002978693,48.591271499769746],[3.613744000491798,48.58066650001761],[3.615249000111015,48.57849249978619],[3.6042500005448335,48.57245249975714],[3.6025434997506713,48.579762000130444],[3.5927069995437257,48.58763499959427],[3.5746414993356708,48.58189100036225],[3.5693824995260157,48.57380050032906],[3.5598370005974975,48.570024499969655],[3.5222440004132594,48.583703999905964],[3.5032125005330776,48.60456200019516],[3.535322499768944,48.610911999898384]],[[4.123415999961169,49.2201249998284],[4.129757500433103,49.22557500037978],[4.119264499423503,49.231626999691414],[4.114252999883829,49.2279714999498],[4.090484000048336,49.236043499917216],[4.085345000100507,49.231987499673295],[4.123415999961169,49.2201249998284]],[[4.104346499701871,49.217603499668805],[4.117292500153568,49.21114750009314],[4.098129000162595,49.22633149989687],[4.0951159996163575,49.22089299971044],[4.088313499992084,49.22058900027288],[4.1025430004955314,49.21542799969299],[4.104346499701871,49.217603499668805]],[[4.059078499425367,49.124652000297196],[4.059395500294798,49.116099999974544],[4.0732404999170875,49.10644499997865],[4.096891499772064,49.108696999740395],[4.09705050058281,49.114999000114],[4.102558000209649,49.11787100026289],[4.095234000028302,49.13921600014909],[4.098145500671808,49.14222949965005],[4.09048350038512,49.14253049979073],[4.087900999985334,49.137481500191264],[4.09160599955869,49.13765199985917],[4.095271000209136,49.13066799999302],[4.080043999551079,49.136391500109376],[4.075646000381238,49.133939500278075],[4.053901999719262,49.13533999956982],[4.052931000212078,49.12924350042189],[4.059078499425367,49.124652000297196]],[[4.013462500174485,49.21222250030569],[4.003626499991642,49.187223999814606],[4.00818349978927,49.18611749982579],[4.024514500248716,49.18409599995028],[4.027282500090083,49.1869299997002],[4.029858500534324,49.1856230003989],[4.031758499469173,49.193425499890836],[4.035106999844472,49.193054000023565],[4.030337500561601,49.20396899977169],[4.017674500471878,49.20469499971927],[4.0175999995701765,49.210807500367764],[4.013462500174485,49.21222250030569]],[[3.8638310004334797,49.277133499600325],[3.8487940002787275,49.282364500223004],[3.8450225006748098,49.27787449971229],[3.856815499592285,49.27259499981259],[3.8631375004536146,49.26581100027828],[3.87659149944493,49.26301500036708],[3.882308499448667,49.26590700004102],[3.8863805003297425,49.26253800023954],[3.9020414994233166,49.26820350002169],[3.9100469999933054,49.26508850015254],[3.910067500150663,49.26976050045119],[3.9243369997118704,49.267182499668984],[3.936958500465325,49.25136099982129],[3.931242000275303,49.24896600037522],[3.936629000127279,49.24340349999768],[3.957513500687646,49.24975949997074],[3.979605000433296,49.24693000038108],[3.9875984996804963,49.24366549977639],[3.9805879999057066,49.23518000002337],[4.008344999843477,49.245944999591096],[4.013237499556978,49.25418400023454],[4.001959999725938,49.253990499681855],[3.999260999814269,49.2592399995897],[3.9954290003334587,49.25790000030543],[3.9971250004532437,49.27132900010037],[4.007301500144826,49.27976949987347],[3.99790849988862,49.286648500273834],[3.987766499379644,49.27712850005621],[3.9801939998440825,49.27480599989442],[3.978844499720057,49.277484499839446],[3.9683400003406915,49.27348199994174],[3.9521029998081296,49.277676500154215],[3.9442480001086486,49.27509550028405],[3.915260500003222,49.27967600038031],[3.9132710003944253,49.2775004998171],[3.895720999959151,49.279401000444764],[3.8638310004334797,49.277133499600325]],[[4.0070694997989325,49.08620350000023],[4.013777499554282,49.09222150010759],[4.013446499655746,49.10689349982492],[4.01859349950075,49.108969500227815],[4.007137999822796,49.12681749980972],[3.9922095002772067,49.12932499975767],[3.98422600036432,49.11990899974787],[3.964238499946236,49.12261799990909],[3.9575009996833157,49.126088999540464],[3.9547725000008853,49.107459999878245],[3.9426450002855855,49.10987799970317],[3.939430000418337,49.10336000030687],[3.9466945001058567,49.10145600045192],[3.9456099994643212,49.09567399957207],[3.950219000381097,49.10037550039229],[3.9616470003238713,49.102099000144314],[3.961137000041601,49.097208000371616],[3.9665045004942323,49.09771899968622],[3.9673810004337695,49.0933839999921],[3.977090499996508,49.09275699963191],[3.983989000087535,49.08419549959132],[3.994711999906457,49.08319350042583],[3.999962500053641,49.086491500322566],[4.0070694997989325,49.08620350000023]],[[3.960909499959898,49.060828999886304],[3.9644849995336178,49.04669599988118],[3.9695314993983017,49.048470000230225],[3.9738430000640435,49.05893549963951],[3.960909499959898,49.060828999886304]],[[3.817792499381833,48.81303350029127],[3.796403499461868,48.81763099960242],[3.795345499623714,48.79925949987942],[3.790247499467965,48.79429100030877],[3.78436049980674,48.79569499968302],[3.788251499540107,48.793349500302384],[3.7837420003759394,48.7892319996639],[3.7847244996919702,48.78350649973706],[3.8190700006068017,48.77627750024314],[3.8275715003800794,48.76907650011971],[3.830480999884757,48.77038299998367],[3.836085999714803,48.76309249965544],[3.846502000503025,48.76552750008897],[3.849852499554373,48.76138900027515],[3.86218499950707,48.76648999956862],[3.846312999793858,48.780627999877105],[3.849071000199526,48.7891959999426],[3.842362499480917,48.801380999666655],[3.8483230000081763,48.80598449956115],[3.837610500020832,48.80741000044074],[3.8370369994406968,48.804418000419744],[3.8199865005081017,48.80932099984986],[3.817792499381833,48.81303350029127]]],[[[3.7097690001816424,48.97277150018336],[3.722527999414844,48.94501200032849],[3.7362765004813845,48.943764500399226],[3.7309605005826127,48.931818500113906],[3.7364444995549753,48.9277544996236],[3.6856600006133586,48.92777350013852],[3.6766285000054655,48.924019000087846],[3.670285000593032,48.93195499963375],[3.661689000167401,48.93453150022817],[3.667295499521954,48.939817000423304],[3.667548999504208,48.947013499670135],[3.687996500422134,48.95562800013307],[3.697181999554748,48.96708200036545],[3.7097690001816424,48.97277150018336]]],[[[4.0319125003792085,49.327581000461166],[4.015060499430473,49.337764499881686],[4.013346499509923,49.34422249968376],[4.006734500551619,49.34602200012555],[4.005313499451074,49.35484499966125],[4.013440499990451,49.35510299969133],[4.012732500280125,49.35830250016207],[4.018165000211613,49.36033799979349],[4.042896999562483,49.35862449960239],[4.040942000248356,49.347814999679244],[4.055409000681754,49.348138999924586],[4.061345499617962,49.34269850036242],[4.060978500116181,49.31661750005511],[4.055770499558357,49.31336749957452],[4.041818499409556,49.31375500010781],[4.038609000129082,49.31641550003798],[4.030652999508049,49.31486549968633],[4.031644500524177,49.31989249962879],[4.048084499851408,49.31950549960888],[4.0375140003910355,49.32029500021092],[4.0319125003792085,49.327581000461166]]],[[[3.9881915005779605,48.29903100007348],[3.93376699980729,48.27647249984907],[3.922015999932554,48.29062400006986],[3.9335349996272875,48.296718999657806],[3.9339160003002775,48.302604000193455],[3.942300000588824,48.305223500432206],[3.940067000051157,48.30714249961144],[3.947954499947955,48.309373000221335],[3.946412999469144,48.31186699985911],[3.9535864995369563,48.31671500003114],[3.972957999833721,48.313189499946446],[3.979408500549795,48.308335999810375],[3.9835434994974084,48.309392999522046],[3.9881915005779605,48.29903100007348]]],[[[3.6084334994998275,48.84632400011409],[3.6138585003387584,48.829349500168824],[3.603994000460133,48.83154049987738],[3.5852739997578302,48.829590000115886],[3.581591499814952,48.82310299961049],[3.569422500228165,48.830042500200776],[3.5676549997730054,48.83584099968446],[3.575288499956463,48.84077700037759],[3.567738000612552,48.84511649975333],[3.5738674998068958,48.845142499871194],[3.57566649968636,48.849222999782604],[3.581542499448991,48.84716549978018],[3.589348000209448,48.85065300019208],[3.6059385005359625,48.87130349988448],[3.6236214997176317,48.85631849968692],[3.6253504994127055,48.849684000110145],[3.6084334994998275,48.84632400011409]]]]}},{"type":"Feature","properties":{"slug":"bourgogne","name":"Bourgogne","source":"https://doi.org/10.6084/m9.figshare.19312094","sourceIds":["PDO-FR-A0650","PDO-FR-A0676","PDO-FR-A0736","PDO-FR-A0656","PDO-FR-A0505","PDO-FR-A0649"],"resolution":"municipality","sourceYear":2022,"labelLonLat":[3.77371,47.80124],"scope":"Bourgogne regional PDOs plus Chablis and Mâcon, restricted to Yonne, Côte-d’Or and Saône-et-Loire: excludes Beaujolais, Jura and Savoie."},"geometry":{"type":"MultiPolygon","coordinates":[[[[4.6768200004964395,46.267802000424005],[4.687881000376156,46.26531199969122],[4.693414500041665,46.27172300015207],[4.700693500061128,46.26747549964876],[4.704207999432899,46.27115900004277],[4.70768750012791,46.26964799960387],[4.710392000489877,46.2785689999799],[4.7074789996828645,46.28470600009321],[4.704210500627779,46.28270400014795],[4.699734999582436,46.29044200004562],[4.694720000361584,46.29204550022951],[4.693439999568964,46.30232600035785],[4.686085500006582,46.30193850040921],[4.679194500023405,46.30626650005707],[4.6779304995499205,46.30013900000437],[4.664036499509203,46.295012500128465],[4.654658999817604,46.30348499961028],[4.638727499860701,46.301424499652704],[4.631306500458842,46.30715499987096],[4.63657550039237,46.31811999960656],[4.641074000196008,46.31891699986719],[4.650348499666729,46.346351000019666],[4.655361999977397,46.34532449962894],[4.660765500123495,46.349369999650804],[4.656782499941704,46.35794200039221],[4.663019500050166,46.37460050044039],[4.659341999845655,46.37832100041845],[4.661302999707187,46.38615700025819],[4.656196499411348,46.38854299970058],[4.653441000323251,46.39906850028985],[4.683067500113859,46.40978650015777],[4.695412000325394,46.402997499776944],[4.7000345001024675,46.41690549972495],[4.716327500160673,46.42939200003103],[4.714671999950383,46.43469299995056],[4.72095949946104,46.44149099987272],[4.726691499738307,46.4389629997078],[4.725732500647745,46.43455599959791],[4.7321314996838,46.43410299997996],[4.732996000642398,46.43855949979353],[4.726831000122923,46.44177349989214],[4.736129999422288,46.44742849999405],[4.730533499855672,46.45195649956551],[4.741796000456259,46.4607200002541],[4.720534000270016,46.462967500115724],[4.715031499721085,46.45331700042102],[4.711359999767701,46.45424850016804],[4.70374049997214,46.44824200023367],[4.698201000259791,46.44961700012294],[4.698781999957724,46.44501499997941],[4.68683300004676,46.44973149974651],[4.686810499381118,46.457698000234956],[4.677662999732544,46.455397500436604],[4.671661999746339,46.44808499984275],[4.667299500285439,46.44881749967115],[4.667879500155549,46.45312349982169],[4.6583789998545315,46.4486819999842],[4.637209499534118,46.45001199962385],[4.617253499774872,46.44613900030168],[4.61343599966776,46.44050000031181],[4.620253500565223,46.435412999683564],[4.637066999819013,46.4343535000069],[4.6341369997506785,46.42815799990577],[4.644137500315907,46.42764049965165],[4.658227500486723,46.41965150042442],[4.6593955006023755,46.41334050011319],[4.650508999797633,46.39996849963647],[4.63059649982675,46.39362150025203],[4.610511499927067,46.40793150041959],[4.583415999576983,46.40270599982214],[4.575281500392591,46.40467849980278],[4.574021999791761,46.411310999850066],[4.560903500488458,46.4103085001821],[4.565449500193595,46.41804949977503],[4.557691999886574,46.42882199963608],[4.565751000354418,46.432282500193914],[4.548301000289068,46.43796050015372],[4.544544499771191,46.444052499798616],[4.547209999557603,46.452743000301126],[4.541384499394436,46.45519550009609],[4.550273000612915,46.465598500131904],[4.559895999849277,46.46857199965633],[4.57599200009829,46.467030500090125],[4.57718900020157,46.47236200017246],[4.5681610003287,46.487255000424206],[4.5758065003552515,46.508346000026435],[4.583132000388623,46.51211649989984],[4.576748999858489,46.512242499667494],[4.583718000320775,46.51840600044912],[4.5759514999202064,46.52607400024275],[4.5878180005382445,46.53025900028993],[4.587816000015604,46.53704599967354],[4.592947999446376,46.53811400037698],[4.592319499761483,46.544966499778056],[4.5820615005083045,46.54296449980317],[4.5487605002788065,46.546810999866786],[4.553321999600029,46.56353300006933],[4.555489499837843,46.567786000111376],[4.580073500651393,46.569014499742124],[4.585199500391571,46.57773450019569],[4.592381999996307,46.57939200039315],[4.593618999375933,46.584048000222815],[4.606944999718602,46.59053349958383],[4.611062000402044,46.59898399965215],[4.606028499353787,46.60135300035839],[4.581605499851907,46.60125049991069],[4.5702225000127825,46.60547999979482],[4.571045999693572,46.60960400018406],[4.5633799997715885,46.6105635002151],[4.561969000168622,46.61690950018629],[4.567020500446222,46.6196729997499],[4.5721665001566745,46.61777250032693],[4.577345999711666,46.621405499686986],[4.5731375000377525,46.623873500426164],[4.577433000598577,46.62666950045871],[4.578311000374574,46.636822499702554],[4.5576525004322255,46.639701500246545],[4.56054299949587,46.64324549963576],[4.5561590003320305,46.6478759996201],[4.559818000164814,46.64946949966802],[4.534703499964388,46.65883999987431],[4.535182500138302,46.66556149959441],[4.55983549994182,46.669443000276615],[4.559934999896018,46.667578999750006],[4.579415999385565,46.666636999999824],[4.586583999827788,46.6834165003551],[4.608097999466079,46.677185500391914],[4.617877499753605,46.6811755001018],[4.615834999783889,46.685446999647915],[4.628509999696388,46.69446350011574],[4.622386499368622,46.69967150026947],[4.616151000124821,46.69916599963628],[4.612489500530946,46.71939949990899],[4.617588499456538,46.72082850036339],[4.619189999730464,46.71845600024313],[4.625871500387535,46.72228649957481],[4.628739500318974,46.719930500368164],[4.632820000500183,46.726643000381095],[4.622068000480022,46.730598000192764],[4.6476824999090445,46.74209500005317],[4.664393500643311,46.768058999868835],[4.655122000629574,46.77817149963976],[4.648744000509924,46.77915449985613],[4.644623500013688,46.774692499826386],[4.643344999912129,46.77696900004976],[4.6309389998148145,46.77636400000912],[4.626784000008661,46.78031700035066],[4.639526999858743,46.782671000079986],[4.648532499552265,46.78004750041341],[4.64902350049263,46.7856744998949],[4.654589999491291,46.78560699963843],[4.659787000342505,46.792207499637094],[4.654221999456387,46.8029860000724],[4.647040500025682,46.80515549965919],[4.65248000022976,46.81278599989693],[4.630395499624469,46.81908100019679],[4.632540500657203,46.82173799972417],[4.62661999931263,46.824331500352365],[4.624251500281663,46.83495400008664],[4.614522499724978,46.83906349994194],[4.616539999966995,46.834027999789676],[4.592310000662535,46.83324799994018],[4.588395500144887,46.82742950001744],[4.564843499448939,46.838195499870906],[4.555909000401008,46.835053000322354],[4.550956499495348,46.836979499609996],[4.549311500004714,46.83363600030258],[4.545480500528719,46.83775999984546],[4.5300620000082406,46.83432149991945],[4.528930999911426,46.83069849972706],[4.512939000055547,46.82434399986843],[4.512012000011146,46.81599099955725],[4.498150999445055,46.81197849988957],[4.491784999767398,46.813436499704004],[4.49156450032645,46.817307999972414],[4.504785000398036,46.818003000040854],[4.501045499623445,46.81921900035801],[4.501834999522781,46.83355350025845],[4.482414499467787,46.82995899976228],[4.471599000206563,46.83997149959959],[4.472075000663211,46.84536249960964],[4.47857550040906,46.85050550035154],[4.474539500538184,46.85625050044792],[4.480556999352731,46.85811699993938],[4.470469000455614,46.86942150042475],[4.483782499581807,46.87254799981421],[4.4943415005681375,46.86749000033918],[4.508253000340062,46.865921500130774],[4.520035999927932,46.86686800018943],[4.523288999909992,46.87589600021591],[4.532081500298612,46.87266799975279],[4.533998499998502,46.882665499691676],[4.520798999594366,46.890014500147984],[4.5256929999104285,46.89278700028441],[4.529132499582819,46.89140850034388],[4.534479500511361,46.896066499938506],[4.531698999694255,46.89711000039154],[4.534682499641559,46.905872499601315],[4.542457500196881,46.90590699969089],[4.558472499802732,46.898439499835725],[4.572383999889368,46.90302850017238],[4.5867225005616445,46.90207300001265],[4.588549999797571,46.915942500315744],[4.593866500591073,46.91430799971898],[4.600117500131702,46.92241949976725],[4.605664000052461,46.920505000433536],[4.609573500179922,46.93015299998942],[4.608346500404316,46.93530700041901],[4.594579499832818,46.93755849966161],[4.584280500459571,46.94424100004763],[4.586623499477396,46.95472550031166],[4.595809500070606,46.95216099993075],[4.5895564993584586,46.95570250007195],[4.5937874993356775,46.967036000113296],[4.573663999529641,46.973382500008086],[4.598851500559796,46.97981900000248],[4.609010499996262,46.9728240000833],[4.621635499431881,46.97599350029652],[4.632313000185467,46.993555499797985],[4.655075499797475,46.99827349978918],[4.660388000103198,47.00401549982851],[4.655607500481134,47.009107500452835],[4.664405999452932,47.01477949964117],[4.669995499589941,47.035905999545754],[4.674384999648396,47.03392699980417],[4.682579500162176,47.036190000284705],[4.690104499717995,47.04269649993993],[4.694062500345091,47.054899999694676],[4.709251999992437,47.05292299962356],[4.714442499835257,47.0488214998136],[4.7122254997958954,47.06208699985274],[4.715368999586831,47.06467599991541],[4.706707000506752,47.070146999634],[4.708726999643749,47.08128399992082],[4.739240000341773,47.06975999980057],[4.754051500262275,47.06958500016107],[4.757886000091824,47.07283450030372],[4.7543484994030685,47.082044000333674],[4.761564999859625,47.08720249986747],[4.7549970005857745,47.090580000296015],[4.766110000633438,47.09469299997707],[4.769822499925685,47.10948350026629],[4.779410999858928,47.11306049956335],[4.790424999899211,47.11090299987729],[4.790694999335423,47.11704450004717],[4.7945490004109885,47.11760699963464],[4.796316500599552,47.13961099962043],[4.790356499883143,47.14338299988741],[4.79314199978167,47.146608499925705],[4.801958999350105,47.14471050017154],[4.80047750043235,47.14733850039353],[4.810727500524671,47.15748249993877],[4.802571999846297,47.163777499601636],[4.815174500287991,47.190868000011555],[4.83938800028509,47.18917499956796],[4.848166000114194,47.18488899956836],[4.867809499389109,47.18292849975306],[4.867885999996581,47.19152299976876],[4.872833999927143,47.19145850013299],[4.870974499516803,47.194020000091996],[4.876263500668901,47.196963499716354],[4.8811674994056755,47.19456099980778],[4.884192499796667,47.20682349998058],[4.890048000495774,47.207729500185366],[4.897997999739389,47.19445749984766],[4.9048024996192385,47.19178649954729],[4.91039750027789,47.19636799977819],[4.910930000095037,47.19157899972877],[4.920950000164376,47.189850000251184],[4.921524000081195,47.199017999590886],[4.931578000273341,47.20891799958669],[4.922745999801868,47.213391000019556],[4.9301685002354505,47.22220100028432],[4.920703999603755,47.23404800001944],[4.920112499965113,47.243691499916615],[4.914569000209259,47.24521049992943],[4.915569000641782,47.25085849972223],[4.904119999565167,47.256064000177304],[4.906173500581724,47.26029400005143],[4.900019500169576,47.26290550000735],[4.907184000013784,47.26756150017602],[4.91568849975761,47.26738999954132],[4.917986000433806,47.26467400038085],[4.928963500615081,47.265409500070135],[4.936279500569175,47.27177049987897],[4.934748999332504,47.28791500020255],[4.927919499920499,47.28752799990718],[4.91231349953141,47.29444749985097],[4.915397499619762,47.302164499776445],[4.911686000181898,47.3061615000698],[4.915029000430466,47.31373750025473],[4.923785499501951,47.31282200008374],[4.934946499552042,47.32605100035361],[4.929549000101323,47.32659849977164],[4.928571999990462,47.33512500019885],[4.922513499578268,47.33166049989314],[4.92218400050323,47.33580850025541],[4.918202999405914,47.336977000123085],[4.927580500251756,47.34059250001985],[4.9222640006869085,47.34566099973995],[4.908735000218763,47.345197999713065],[4.911533499946607,47.33870099955167],[4.9001130000169075,47.3407549997337],[4.905244999408596,47.341450499602665],[4.910836999488196,47.34897599983822],[4.906446000271056,47.35541899990583],[4.914247000127771,47.350446500412055],[4.922773500359968,47.34934000045274],[4.933516499415543,47.3523844995635],[4.934879500383234,47.355908999715474],[4.928984499623072,47.3627009996426],[4.939369499799195,47.385087499682655],[4.9522505003388835,47.372573000309345],[4.9805445002504785,47.36603350001596],[4.987937500237561,47.36019449959708],[5.016343499717836,47.36138550030166],[5.010756999996478,47.34504350028362],[5.027599499671726,47.33337349976618],[5.029145500310688,47.335867999803654],[5.039491499697709,47.33587050026857],[5.034422499438546,47.35083950014164],[5.034705999579345,47.35384800032926],[5.040722500524903,47.35496800006849],[5.036387999656846,47.369148000074944],[5.051206000614137,47.377493500308866],[5.055580999394021,47.37234999960571],[5.0520789993817745,47.36469249953027],[5.055119499659316,47.36196500023756],[5.070027999764901,47.351758499752],[5.08246500027035,47.35020349987263],[5.074806499492021,47.34291500000094],[5.068655000346608,47.34432049983083],[5.075750499447365,47.33033649989523],[5.069783500011084,47.32885800043972],[5.073933500023275,47.325879499846884],[5.07287599999156,47.320728500275834],[5.086947500397199,47.3206634997209],[5.088301500047273,47.314422000165436],[5.082269500379004,47.314205000000086],[5.085365000517548,47.30877599996059],[5.101250000235422,47.30502250039477],[5.089555000679514,47.293780499698634],[5.089577000589462,47.28648899999156],[5.079484500215721,47.289609500209124],[5.062482500355647,47.301218000036144],[5.05603550032636,47.299246500051865],[5.049774499834923,47.303869000321356],[5.052046999607698,47.300248500382054],[5.045925500425104,47.295666499609226],[5.040209500592975,47.299041500005046],[5.028708000018799,47.29660900015559],[5.0313910003033735,47.28421549996052],[5.026953999400965,47.27882850000571],[5.029221000530315,47.273960500030725],[5.0360935000399385,47.27123449973839],[5.035770999566464,47.264851499884784],[5.026040500384883,47.26723949965878],[5.019728500185849,47.27346700026244],[5.004778500080775,47.273087499756],[5.00025250008645,47.2685120000794],[4.999012000620287,47.260845499840066],[5.026764500642494,47.24159799993334],[5.021571500304209,47.240115999689216],[5.021955499618713,47.235921999855925],[5.0304464997629985,47.23527349980427],[5.028761499602485,47.22541199961335],[5.040902999988326,47.223823000165936],[5.041991500453434,47.219207000138],[5.0498110000707985,47.21708800031377],[5.04288849971348,47.20820449984053],[5.029620500046026,47.201764500109455],[5.024640999389041,47.20255599994094],[5.026765499504223,47.21461250034342],[5.016542500381356,47.218856000205705],[5.011281000460018,47.21798849965048],[5.0061195002492616,47.20721599984324],[4.995410499991883,47.200353000313],[5.005367499733664,47.192111999809924],[5.017320000614238,47.189539500371474],[5.022622500404175,47.19126200040269],[5.019298500124005,47.17234749970009],[5.02693849951208,47.17203399964168],[5.02632500042631,47.169032999826314],[5.024566499482993,47.16686900022464],[5.0104734994189855,47.1687714995595],[5.013795000473827,47.15995500006777],[5.010168500606572,47.15604299972749],[5.014208999351265,47.144473000302604],[5.020709000080109,47.14121550035994],[5.016345499903563,47.13969799979646],[5.023191999834927,47.136792500047214],[5.020935499395764,47.13387449975463],[5.029798000478078,47.12520700008077],[5.021789999554678,47.121973500402135],[5.012640499714936,47.12227649998411],[5.0110364996160115,47.125823999670864],[4.997884499774896,47.12788449980509],[4.979375000113965,47.13679400022131],[4.965359500285772,47.120845499837664],[4.951764499732046,47.11516950024926],[4.959177500510697,47.113065500219676],[4.95479600055716,47.107044500227694],[4.958650499586047,47.10632750040375],[4.959123500161502,47.09848499965828],[4.96823400006568,47.09341650037258],[4.966543500112536,47.08044899982944],[4.976354499458487,47.074959000392795],[4.975246000099412,47.067153499948034],[4.96921450029729,47.063690999931175],[4.966646500098894,47.06580650025943],[4.962716999832358,47.06214000002812],[4.964809999384727,47.056862000229295],[4.958360000442381,47.051833000078275],[4.962209999450458,47.04841450027088],[4.9211569998628795,47.04088399964627],[4.88284299946298,47.0409289999387],[4.879367500481365,47.032374000044705],[4.873445999475361,47.03279899964532],[4.869131499816329,47.02795550030213],[4.8626244993222,47.02674950040976],[4.865193499684039,47.023992499546246],[4.858705999605881,47.02039950013539],[4.8764775004382965,47.01906249999063],[4.876296999651254,47.01663699962829],[4.896648999557018,47.01025199982817],[4.893729000279601,46.9957735003933],[4.860949499664885,47.00509399967383],[4.852464999941894,46.99812450028444],[4.83411150004792,47.00235050033077],[4.831535500389423,46.997860999990515],[4.84096599987364,46.98991549991311],[4.844586000158934,46.97867550012613],[4.852543500430007,46.97589149993509],[4.8509250004748745,46.968005499625576],[4.855845500053862,46.966367500149204],[4.828562000049018,46.96777350033783],[4.827533499339331,46.97252150016483],[4.805971000024756,46.979736999824425],[4.799666000456473,46.96700149975643],[4.816347000115657,46.956652499714885],[4.81808749998365,46.9516184995954],[4.791711499760024,46.96123199993095],[4.7789609997018285,46.95403350031585],[4.780651999986504,46.94639249979637],[4.788899999538226,46.94618700027824],[4.789108999751241,46.93586050004472],[4.777642000094017,46.93799550025582],[4.767597000300572,46.92943350035676],[4.779364999867431,46.92382799984148],[4.7793374997527,46.91887800007294],[4.770881000592095,46.91779800016932],[4.772965000309663,46.90434250041747],[4.7791165002453475,46.90097149975985],[4.79416650056325,46.90128000012066],[4.800457000483057,46.905329999815535],[4.815770500578743,46.90702500039592],[4.822190500580403,46.89147750019246],[4.814666000432693,46.88589700039458],[4.824611499589027,46.879516999593775],[4.820037999395211,46.8746180003065],[4.825580999638252,46.85217749981851],[4.817749999980528,46.85306800031819],[4.810958000255998,46.850874000016404],[4.810871999679355,46.846150500286925],[4.800094500301169,46.847148500132185],[4.794848999784495,46.84429099977861],[4.794358999623426,46.837865500287684],[4.799353999327322,46.83667750025165],[4.796330999933619,46.823602000424714],[4.80473999947755,46.81914549964422],[4.7972499996148095,46.814985999655796],[4.791548000187593,46.81789900008818],[4.790471500160652,46.80145099969208],[4.799900499543861,46.798367499531004],[4.784818499764789,46.78518949970886],[4.786063000624892,46.78084299976542],[4.791176500140238,46.779473499706825],[4.789447000027993,46.77401850007341],[4.78612350051463,46.77508350011859],[4.780968999504297,46.77105099956693],[4.786265500131495,46.76076649985331],[4.792626999812606,46.76382599976359],[4.809229499340604,46.75739200004907],[4.803172499784042,46.749511999931585],[4.797781500539434,46.75048350023608],[4.796564000482133,46.747547499957726],[4.787106999958466,46.74756199961874],[4.776417000029493,46.742604000127116],[4.74213399972876,46.752117500125024],[4.7373865005900795,46.760078000019696],[4.720878500582139,46.74671249973326],[4.720426999489878,46.743931000086214],[4.731733500443058,46.73608950018543],[4.743595999679162,46.73349999955305],[4.742183499516353,46.72088400040676],[4.754164999780248,46.71955050012011],[4.7652535004123635,46.714365000222955],[4.750522500302801,46.70977200007985],[4.7431979997873315,46.7039859998544],[4.737346999444553,46.692102499995116],[4.749717499637986,46.68589150041433],[4.7705679998504085,46.684188999616076],[4.778252999328805,46.67767900040794],[4.7703740006097695,46.6740670004318],[4.759264999934892,46.67857899990534],[4.734423500553046,46.66567649996267],[4.732810000252901,46.657906499811894],[4.722153499909967,46.6466414998869],[4.7311410004972245,46.643901499721046],[4.723697000048673,46.63274849989038],[4.734047000182911,46.62452099963629],[4.72637349955352,46.619370500023926],[4.727350499428928,46.61633549984504],[4.70933650053964,46.612165999691605],[4.70870599961306,46.60970400023177],[4.710272999441744,46.60670149983208],[4.712384000325039,46.610166999683244],[4.7207030005998964,46.606303999641476],[4.725871500359079,46.60799599974545],[4.728118500479979,46.613153499861134],[4.74898599968352,46.6049884997014],[4.751894999961563,46.6072675002168],[4.751594500011889,46.597597499814604],[4.768323499384045,46.59355150040423],[4.768378000509441,46.59913099976529],[4.772373499680267,46.597966000408405],[4.775289000458777,46.603259000263165],[4.77535700063465,46.613473999898844],[4.788529999428439,46.62169750039203],[4.796092999671339,46.63287650031692],[4.802335000160235,46.632180000081426],[4.798827999661892,46.6357994998398],[4.810449000082286,46.64678700017336],[4.81305400014843,46.65231200043029],[4.809344500359914,46.65693800004291],[4.816093999698461,46.66629650024166],[4.82197250046101,46.672865000445455],[4.835251499631796,46.678652000324426],[4.8390044997574755,46.679200000333836],[4.8461239999763865,46.66072550018696],[4.850699499599966,46.65776050035484],[4.853972500027147,46.65968199965883],[4.862491499716408,46.652849000217905],[4.868571499529784,46.6562925002736],[4.8749560002167724,46.655227000093156],[4.879928499779572,46.662272999724685],[4.885416499675812,46.66001299978686],[4.888940000282369,46.662071499763165],[4.919922999696794,46.662004499972284],[4.928484999576391,46.648308500076524],[4.919778999719952,46.65215199993314],[4.915363499356616,46.65000100028427],[4.91956700042151,46.65044600042615],[4.93121499935436,46.6411800001348],[4.92594700009547,46.62407449968075],[4.946120999488187,46.6209920000842],[4.941157999934439,46.61016800003659],[4.9246054996151996,46.59199700042697],[4.928678000489906,46.590964000348],[4.93871100009611,46.59595650013151],[4.937531500439425,46.59314750029013],[4.944631000393059,46.58870999995738],[4.9459644999582,46.57166550044365],[4.960961499828985,46.563309499565186],[4.964160500123691,46.55391950042915],[4.971145500632592,46.55398350003299],[4.979023500627908,46.548309500260515],[4.978137500282382,46.54216399971692],[4.986152499897788,46.528738500341696],[4.977590999844647,46.52399250023924],[4.969407999542541,46.52648550011998],[4.96233500032116,46.52315600030475],[4.949630499815302,46.52589800013858],[4.938796500303873,46.522995499823686],[4.9250274999873,46.49621500000808],[4.915550999594915,46.48893950024407],[4.914452500176661,46.46215799975296],[4.892884500468966,46.4425720002667],[4.8882100002508455,46.40297700011632],[4.858528500549946,46.36801850007222],[4.851054500430726,46.35234050019456],[4.840060000428942,46.35355799966232],[4.835157000131273,46.34677449961244],[4.822843000029065,46.348935500253276],[4.820912999560845,46.34366649952929],[4.81249800058122,46.34727100000287],[4.814213999926004,46.34070850000176],[4.810204999753721,46.338275500028914],[4.820062000014665,46.331822500059786],[4.851423999613208,46.32607249974289],[4.832920500523114,46.29943100024163],[4.826488500036502,46.27632199970829],[4.814721000102896,46.281726999932175],[4.811322499973308,46.27708649979995],[4.80253549957398,46.27919850038108],[4.788042000006172,46.27700349967642],[4.787218000605045,46.2734469996555],[4.797613499863185,46.27295699979291],[4.7926224999429,46.26111049968941],[4.798219000131199,46.25860349989596],[4.797804500242696,46.25514700024372],[4.810818500079787,46.25454900023686],[4.81155549959491,46.24993250027849],[4.807750500002813,46.23697249954939],[4.795511000030667,46.22013650019624],[4.793199499449726,46.201913499973735],[4.780243000047657,46.18905250043057],[4.78020850044108,46.17667600033722],[4.762861051110327,46.174867484805674],[4.739179000000003,46.17697100000001],[4.720217,46.188649],[4.703144000000003,46.224728000000006],[4.704089000000001,46.247459000000006],[4.6774140000000015,46.26131300000001],[4.6768200004964395,46.267802000424005]],[[4.680055000481026,46.54972100031183],[4.670693999619366,46.55045349994481],[4.668020999588052,46.54596300011729],[4.671123999485421,46.537708499567465],[4.684073500196535,46.53555249991968],[4.685676000203336,46.52179300037284],[4.701372500590389,46.516517999587485],[4.718005499753355,46.522652000296986],[4.719138500584367,46.527668999979625],[4.713225999992685,46.53260750031673],[4.718101500314873,46.533765999850324],[4.717639999816169,46.54255149988313],[4.712127999910647,46.54032649980295],[4.700718500158729,46.54339850017185],[4.697041499840471,46.553330499776855],[4.687256000645617,46.55330849999702],[4.680055000481026,46.54972100031183]],[[4.677121500556739,46.48212900019061],[4.6800739998473215,46.47919999956655],[4.686615999844304,46.488875500183966],[4.680724500432514,46.492777500181475],[4.68313749945767,46.510909000341655],[4.6920264995974845,46.51594700021488],[4.662342500252406,46.51849150005297],[4.653979999895425,46.51501750001437],[4.654155000022667,46.511457999745325],[4.660223000234543,46.511604500023836],[4.654024000254483,46.50533999987795],[4.639642999850569,46.510492499588516],[4.640887500233683,46.50758749964158],[4.636185000381844,46.505792000087844],[4.620617999462191,46.50565349971911],[4.626108499553121,46.48632899962723],[4.621639500581936,46.47921799989513],[4.626793000597313,46.46757350024129],[4.637419000440011,46.4734099998337],[4.638694499433758,46.480449999557855],[4.646052999380744,46.481920500171654],[4.64515250012057,46.48526950042607],[4.654921999656995,46.485160499942104],[4.666683999661957,46.47686499974221],[4.67637149951455,46.47644049975887],[4.677121500556739,46.48212900019061]]],[[[4.807387500479224,47.29865849988385],[4.789221499557528,47.30200099961304],[4.789559500051929,47.30904450037529],[4.7799309996647175,47.311183499601086],[4.773688499584608,47.323734000182405],[4.767712999591124,47.32520749963799],[4.7742664995586885,47.33123949970047],[4.7676440000398355,47.34237299965731],[4.773684499883547,47.34032049987976],[4.787490499689403,47.34211049958392],[4.800927000376953,47.33175150038734],[4.806594999610619,47.332665499682776],[4.805337500528011,47.33725749959933],[4.810468500454044,47.33771250011431],[4.811555500074714,47.34115450031029],[4.812547999711266,47.36543199966165],[4.816327000411313,47.3598164998156],[4.825590500345812,47.35678249968779],[4.82345349937413,47.34787350004164],[4.837231000460919,47.33668700024593],[4.840048999481786,47.32479150001083],[4.828640500260427,47.31288800039676],[4.832085500345659,47.30732400040188],[4.8269579996949465,47.305183999730716],[4.821929499599655,47.31087199957064],[4.818705500210252,47.30981699965634],[4.813362500611305,47.30246150041025],[4.805356499674983,47.30155300006254],[4.807387500479224,47.29865849988385]]],[[[4.353536500447278,47.89991349992124],[4.361890499499643,47.910971000029534],[4.35235650049157,47.9180604997278],[4.36379849959353,47.91979649965127],[4.363327999886588,47.924977500100425],[4.35944450061495,47.926664500359024],[4.3485255003887975,47.92289449981586],[4.341904500281652,47.92827099988524],[4.354143999837003,47.93332299984054],[4.339622000282982,47.94396300022387],[4.329240303339513,47.94634355926901],[4.541776999999999,47.965292000000005],[4.559963500205869,47.97142400024546],[4.580145000091507,47.96397649980067],[4.578442999458381,47.95703700037848],[4.593569500594198,47.950584000264136],[4.593271499363701,47.94829550017088],[4.60018850034404,47.95346999965254],[4.598185499731927,47.9473454999034],[4.599363500481598,47.94673850010804],[4.601301499964917,47.96068999984268],[4.605913999949571,47.965143999580135],[4.621323500076783,47.96372000002512],[4.637499499624382,47.97833699990271],[4.653438499668454,47.96902600023029],[4.664976499998256,47.96942649975344],[4.66350050005086,47.96783650010997],[4.6775949993539765,47.9639575001121],[4.683470500269038,47.96653850024359],[4.702382000016542,47.95212249980483],[4.705756500568801,47.95268350003991],[4.707315999676134,47.95908549982218],[4.721935999597378,47.96099199974842],[4.735324499988951,47.95792899976304],[4.734469999876388,47.95385300042183],[4.721190999628389,47.95192050004011],[4.727427500246136,47.94770000008528],[4.72425249977484,47.94263649961275],[4.715542500640363,47.94101399972615],[4.713709000617666,47.93596800042651],[4.716505500326397,47.9297030004212],[4.713474999784416,47.923331500124014],[4.725622000273575,47.91777350041609],[4.7211754998965105,47.91060400034879],[4.72292149988231,47.890974500100015],[4.729371000358013,47.894531500044714],[4.731407499404091,47.88783199994851],[4.7200125000585516,47.87542400017391],[4.705375500155379,47.88152449961654],[4.694673000303269,47.876972499663744],[4.686087999989778,47.882409000142964],[4.674538000158641,47.876792500391176],[4.661210999527671,47.87786800014587],[4.651647000420977,47.89767150005915],[4.653033499982007,47.901827999816796],[4.645315499721331,47.90432000024512],[4.640952999536776,47.91169300038789],[4.614417500274352,47.89835800007121],[4.616532999439998,47.89314399966339],[4.610238000512452,47.891421999766045],[4.608383000172149,47.88403550042188],[4.593418500055777,47.88441600034801],[4.589721500128468,47.88867050002957],[4.581834000010356,47.890351500080854],[4.568173500114444,47.87997050015203],[4.553641500054147,47.87676499990167],[4.529882999700213,47.893947500379376],[4.5227065001338245,47.904787499998456],[4.523244500534714,47.89839050017762],[4.509647500644825,47.89630500018733],[4.510138500517823,47.883880499973515],[4.46762599939467,47.868593499604046],[4.469168499764022,47.86226800029207],[4.4659804999667445,47.86157150038043],[4.475404499696489,47.85181899994021],[4.4687684995034544,47.844697500328124],[4.446297500319669,47.84420650022431],[4.447372999910402,47.85610750039741],[4.442790999322561,47.86315700022199],[4.408567499703641,47.85162999972485],[4.412011999609718,47.844056000421645],[4.401423999956878,47.83470800023867],[4.39784400032592,47.84570199966283],[4.386477500011894,47.85413349980826],[4.380165999813791,47.86549000013096],[4.367233499441401,47.85946299978768],[4.3536840005943995,47.86693999966251],[4.352452500079837,47.86097800024549],[4.340793500351197,47.858435000088896],[4.337423999932634,47.85242050004652],[4.33597350005277,47.86706450001931],[4.330542999697679,47.866662499906255],[4.3403175004546375,47.86878899963122],[4.336586499997818,47.877983999815264],[4.349936500125634,47.87739449965846],[4.35811400038348,47.89367150033001],[4.353536500447278,47.89991349992124]]],[[[3.575972000262347,47.62920650008788],[3.56489400019725,47.63350750010275],[3.542327499348996,47.6272665001975],[3.536878000149386,47.633394500216],[3.5277949993815696,47.63488249985798],[3.515078500495692,47.63154850018369],[3.5113109998411374,47.635679500012394],[3.508958999799632,47.631610499829854],[3.5035800000739634,47.632114499690985],[3.5024189994517148,47.63684849994763],[3.4986299994203907,47.636976500247144],[3.511828499572802,47.665088499600316],[3.5048084997713307,47.669792000307076],[3.500849000209964,47.68962050003093],[3.5120684995762543,47.690901999707286],[3.5246154997542707,47.697925500211966],[3.542943499682452,47.68950700042336],[3.5581114998184393,47.69155299974773],[3.5547745004026745,47.711556000400776],[3.5620104995236317,47.736306999940815],[3.5649799994970532,47.74077349975512],[3.5705794993447584,47.74071350023897],[3.57030549992202,47.76046049985394],[3.5625939999850886,47.75289600007304],[3.550307999863968,47.76098499997157],[3.5266360004963238,47.76424199958591],[3.5141729993615622,47.74669400017477],[3.5230954996526322,47.743185499873384],[3.496716000153928,47.71691700032213],[3.4930550001282787,47.71708800033995],[3.479615999635272,47.72432649977458],[3.4848764998953805,47.727198499877],[3.4810089993544464,47.742527499907624],[3.460729500099739,47.7451984999144],[3.464401999614629,47.748580500069764],[3.4554130002832024,47.75240099961477],[3.4584905004764215,47.76230999982609],[3.447145500327496,47.77469650000507],[3.4823559997720626,47.777099500293076],[3.502701999467495,47.773884000393025],[3.5315930004354645,47.779933000002615],[3.537682499531214,47.79543100038754],[3.546375499445043,47.79907349971692],[3.560456999740396,47.81628699956872],[3.5567639996262534,47.824105999752526],[3.559556499927343,47.82645999978144],[3.5714610001157046,47.830067500175936],[3.583563499799696,47.82782499981374],[3.5920629999136646,47.83137649971382],[3.599318000440883,47.830852500006785],[3.5933070000656633,47.83252399980322],[3.5985680002420333,47.8380969997579],[3.6185445005823182,47.849302999744864],[3.621151000162895,47.84657599973339],[3.6262349998347636,47.85232149979541],[3.63174250047171,47.84803299997652],[3.637519499527882,47.830248499572306],[3.647513500648809,47.82928300016489],[3.651460999522584,47.82955300021843],[3.6438800004111807,47.836294500397855],[3.65891299980952,47.841791499954844],[3.6666024996079085,47.84206399956227],[3.6679235004844246,47.83983050019309],[3.6847409998715657,47.846037999580844],[3.706914499557682,47.845780499902375],[3.71408500018546,47.862021500248666],[3.7088384998659802,47.876159999634474],[3.7037979994232724,47.87770349986866],[3.7113500004088875,47.8904765002618],[3.7275440002978035,47.88587749980154],[3.737530999998493,47.88683749993662],[3.737270499418867,47.89718499998566],[3.7415049994129377,47.895469499859686],[3.744269499696772,47.90384649962537],[3.7335029998852636,47.9090129997949],[3.7368879995029123,47.913020000014946],[3.727036999935895,47.92001749960485],[3.737674499921878,47.93513699984893],[3.7261920000989464,47.93878149979003],[3.7209984998265755,47.95764099967048],[3.734414999369089,47.95865149983371],[3.7382055005662744,47.96521599962486],[3.743850500618011,47.96096599959178],[3.750428999563589,47.96160649975441],[3.7778405001910946,47.95277250019017],[3.768916499680449,47.92946000006439],[3.764500999858385,47.926838500094995],[3.7742195005071957,47.89597150023748],[3.802231000476878,47.89328500024813],[3.7987569996199606,47.89099000040044],[3.8129429998754683,47.884155000426546],[3.8171760000595554,47.88491150008889],[3.832785000393441,47.86946599975035],[3.841205000410786,47.87169650040223],[3.8371709996867844,47.889738499550376],[3.8417960003367013,47.89718949963937],[3.8399524997644723,47.905264000031195],[3.8649299995670727,47.91316999963734],[3.871404999650223,47.917313000237336],[3.8735409994237946,47.924031000024236],[3.884337500415851,47.92258400044766],[3.8912080000957885,47.930947999719876],[3.8981634994639793,47.926268000385996],[3.8900949998072623,47.91585149995112],[3.891573999626663,47.90931049994172],[3.9042200004340932,47.902620499792185],[3.9052930006219557,47.89599500002169],[3.916206000065606,47.88964150026149],[3.9345730002352073,47.91547700001865],[3.918490000574243,47.92801900033391],[3.922894263075707,47.9316420485742],[3.951987000000002,47.928389],[3.9905930000000014,47.931289],[4.028935000000004,47.922292],[4.043448500116073,47.92459750011814],[4.036048500332821,47.900508500185495],[4.051626499410726,47.89825700034702],[4.059837000401643,47.905962000205236],[4.054306000151165,47.89839749977518],[4.069705000260434,47.905006999730226],[4.079313500378566,47.90225500010968],[4.062602000410195,47.89643099964363],[4.061614000340059,47.89073350029245],[4.053930000065423,47.886799499978736],[4.05526749968247,47.88066249984966],[4.047799999638515,47.87717400004991],[4.038072500181722,47.861574500365194],[4.025430000070847,47.86333150007693],[4.024507999661484,47.85956649972007],[4.039723499996921,47.85264449965129],[4.030621000144762,47.841757499591154],[4.042245500496992,47.833491999715726],[4.027104499567926,47.8216140003543],[4.010029499671677,47.818082000392316],[4.016727000653397,47.810293999727705],[4.014890999748929,47.80712699965928],[3.9809879995815916,47.79897399970536],[3.981616000240154,47.80202349974819],[3.9649269993884713,47.80635100031552],[3.9443889998935173,47.80717549998023],[3.937441499896032,47.791573499952285],[3.9228265002625147,47.78943499984185],[3.92497299999309,47.776452000397455],[3.937050500339272,47.77201400026348],[3.930856500160489,47.772413500427106],[3.9261154996638052,47.76559700024609],[3.908101999405007,47.75653099966436],[3.9014230005980455,47.74497100028366],[3.88805550060952,47.748250000355824],[3.878690499562936,47.738302999573165],[3.8622774993410633,47.731007500251714],[3.839120999626454,47.73958450010658],[3.8144815004259733,47.71678100034173],[3.7965649995861845,47.70994550014246],[3.8107160004885574,47.70598949978262],[3.8220110004568726,47.69527550034204],[3.8362579998254582,47.69023549969056],[3.8405684996121803,47.68487250012661],[3.8356435003950384,47.675535499739766],[3.844418000196491,47.670294999879424],[3.8441315002128826,47.66256249993029],[3.8391929993000136,47.65745350038094],[3.8545060003154594,47.64816900044615],[3.862364000487257,47.65063000019957],[3.867664000464503,47.64741149987178],[3.855804999745025,47.647027500275335],[3.8360219997834513,47.63711849986881],[3.796511000254628,47.637801499868665],[3.777623000533585,47.645548499976584],[3.7741459994816466,47.65728599973281],[3.7551985004895663,47.64825300016025],[3.7384754999960803,47.6476909997999],[3.744916500293674,47.64208100022534],[3.7349559999745474,47.64040200044004],[3.7291515005618807,47.642360499869625],[3.7117710003639304,47.631728000380804],[3.6959564999461505,47.64297850026887],[3.686188000591075,47.65662999971691],[3.6876515005968176,47.66443899979252],[3.6798709999197765,47.67006199983089],[3.6878570003522686,47.675096000234824],[3.6868029996974343,47.680821000188544],[3.658282000245801,47.69086249977486],[3.6608110001012797,47.69879549990608],[3.6411510000328398,47.69856749988941],[3.632953500626344,47.71750399972363],[3.6242125004919843,47.70608750008799],[3.61150250021127,47.70127950020906],[3.6087265004208007,47.6911004997011],[3.6213945002022054,47.67778349963556],[3.6093939996473323,47.668920000028635],[3.6129674997265027,47.659705000227355],[3.5981864994247954,47.64844300008781],[3.5911229996186464,47.64811449976336],[3.595619000542958,47.64122899968323],[3.582928000115137,47.63075149975875],[3.575972000262347,47.62920650008788]],[[3.884314999677172,47.855572500386536],[3.893866999549244,47.84482699973545],[3.921482999524525,47.84936200034177],[3.911900499577149,47.852909499822985],[3.9181760002034762,47.87954049970992],[3.902910499982958,47.88779599975726],[3.8887980006254232,47.88286300013697],[3.879087500415627,47.884830499870255],[3.8643550002562495,47.88174049956791],[3.85881200004541,47.87263849980199],[3.8519095003547164,47.86971399964207],[3.854690499747834,47.86414600037554],[3.852019000276894,47.854871500043586],[3.863794000296587,47.85997949977105],[3.884314999677172,47.855572500386536]],[[3.602812000470081,47.744685500179784],[3.608055999907304,47.75200449979123],[3.6232220003679942,47.758673499738485],[3.6010410002734474,47.76548350029892],[3.587024999599127,47.74539550032634],[3.5998905001149164,47.73401299955589],[3.6072079999978657,47.733348499931054],[3.602812000470081,47.744685500179784]]],[[[3.722499000346381,47.42572699958923],[3.719470499793946,47.42396400031713],[3.70876350034578,47.42768949968317],[3.6955654995979423,47.43783100013051],[3.6814322537214457,47.43342490372692],[3.674723919795752,47.4376824356748],[3.6793610005172095,47.447240999670306],[3.676969499795742,47.4523969998796],[3.6829259994473733,47.45187799999116],[3.679354499439603,47.47333000014496],[3.6838305002482716,47.47719199986709],[3.696289999412934,47.47407699970364],[3.720656500018041,47.50032800025377],[3.749578500306766,47.5096499995822],[3.7628110001248665,47.50548449997879],[3.771647499640931,47.51558700036333],[3.7745369995114384,47.51442599997572],[3.7709574998322637,47.504755000321815],[3.7871515004076124,47.49978549984528],[3.7897385001019908,47.48999150034793],[3.811285999695232,47.47483099996471],[3.8182535002277143,47.474877499671734],[3.816592999787193,47.462888000201104],[3.8204159997346063,47.46202950024465],[3.8173720000956806,47.45748049992576],[3.827066500370971,47.462619000220236],[3.835174999868109,47.460849999542745],[3.827228499521423,47.45420500027417],[3.812857499837718,47.45492950039658],[3.8046465003751275,47.448196000245275],[3.793079500446001,47.44469899958195],[3.781386499987159,47.44628399983684],[3.7782165001252053,47.44924699997064],[3.7436820004646227,47.44224950019762],[3.733339500086002,47.43468299955919],[3.734718999469775,47.4266144999378],[3.726789999941135,47.42504600018406],[3.72355149988898,47.42796399957072],[3.7197514995766126,47.42710950028611],[3.722499000346381,47.42572699958923]]],[[[3.3727644994338633,47.99676850016101],[3.3868014998236977,48.00527650042171],[3.387605499435357,48.011969499996766],[3.3813985001830074,48.01661149966758],[3.3700415001612187,48.018511500144804],[3.3768410005746863,48.0302770002828],[3.3872715003751224,48.0288350003476],[3.3870900000355157,48.03319900011935],[3.3924089994032642,48.03436499985443],[3.3912404997766985,48.0496645000922],[3.3988600002774096,48.04505400036828],[3.405769000373776,48.051735499616015],[3.3967354993287047,48.05613400005653],[3.396198999437844,48.05942150039437],[3.411887499555275,48.05909949997659],[3.4397745000284186,48.05062700005851],[3.444966000459289,48.056362999625165],[3.459032999750641,48.04921450033794],[3.452898500245283,48.044551500411146],[3.460834500190136,48.04249699986814],[3.4536390004298725,48.0257029998936],[3.436616000533026,48.016241500301916],[3.427945999616549,48.00858799986258],[3.430678500642485,48.00784299996463],[3.428034499398395,48.00314600035293],[3.4220344994258043,48.001357999778975],[3.432902999594901,47.98268549989367],[3.4391119998645245,47.981727499753546],[3.4376569995077837,47.969825000388866],[3.4243484995374103,47.964148000013566],[3.3921639995044592,47.958507500403826],[3.356771999427736,47.973571000245705],[3.3760714994775074,47.987791000237095],[3.3727644994338633,47.99676850016101]]],[[[3.323072499615121,47.94049399963657],[3.3467524997359632,47.946856499847655],[3.3700579998174187,47.94006249996569],[3.3658594998587974,47.94010549955735],[3.3664040002035835,47.932244499778115],[3.3557495004038627,47.92482749972428],[3.338958499829682,47.92772249987041],[3.3388855005364735,47.923810999582145],[3.3437564999690044,47.92313949971075],[3.335061500109985,47.91615399959649],[3.3330604996922077,47.90942550038273],[3.3109010003787347,47.90466599985373],[3.2884125003786364,47.907414000428716],[3.287767500662721,47.89761700005959],[3.326826500124612,47.90151950006822],[3.3812529997720127,47.89767199955486],[3.3812229995937875,47.88598050026305],[3.377112999422825,47.884353000169654],[3.3774755005446333,47.879043499644226],[3.37426749945492,47.879072000233236],[3.3693855003733204,47.85842900009841],[3.3526050003923507,47.85799200030846],[3.3364984996178815,47.86136800013914],[3.3312520005420008,47.8559725001278],[3.2932800002694647,47.85858249961743],[3.280828499901722,47.86853300014645],[3.274427000552015,47.869303999734406],[3.2752335003148154,47.880898999941834],[3.2934555002077577,47.88673300037261],[3.2753189997255006,47.893220499715326],[3.270047500475881,47.89757950040951],[3.271725500077434,47.90174800005308],[3.2631404996259863,47.904110499995625],[3.2628050005211167,47.90788999992999],[3.2801350004257728,47.91580099981003],[3.289825999693814,47.91531800019756],[3.293050499864414,47.92343000037694],[3.3136625002084945,47.930993999875795],[3.323072499615121,47.94049399963657]]]]}},{"type":"Feature","properties":{"slug":"rhone","name":"Rhône","source":"https://doi.org/10.6084/m9.figshare.19312094","sourceIds":["PDO-FR-A0325","PDO-FR-A0664","PDO-FR-A0199","PDO-FR-A0685","PDO-FR-A0587","PDO-FR-A0200","PDO-FR-A0389","PDO-FR-A1002","PDO-FR-A0697","PDO-FR-A0398","PDO-FR-A0143","PDO-FR-A0151","PDO-FR-A0144","PDO-FR-A0328","PDO-FR-A0331","PDO-FR-A0690","PDO-FR-A0720","PDO-FR-02175","PDO-FR-A0724","PDO-FR-A0716","PDO-FR-A0929","PDO-FR-A0399","PDO-FR-A0920","PDO-FR-A0390","PDO-FR-A0161","PDO-FR-A0160","PDO-FR-A0301","PDO-FR-A0487","PDO-FR-A0397","PDO-FR-A0177"],"resolution":"municipality","sourceYear":2022,"labelLonLat":[4.7554,44.04973],"scope":"Union of the named PDO geographical areas; not planted-vineyard parcels."},"geometry":{"type":"MultiPolygon","coordinates":[[[[4.463928999773353,43.70901100041188],[4.486414500520409,43.69885300000508],[4.476086499767775,43.68585750031241],[4.477468500146095,43.67250500042811],[4.452783000142992,43.6655809999579],[4.426170999553948,43.62447649955966],[4.439747999552783,43.61067299964336],[4.452215499549136,43.61084349989797],[4.466807000536957,43.61520550037761],[4.474715999446201,43.60929599963537],[4.4741415002709495,43.60385800007251],[4.452268999770999,43.584237500421565],[4.425539999749567,43.585225499729894],[4.408565000434977,43.57671599976603],[4.40323050002032,43.57231150032025],[4.414429500441607,43.57284299995189],[4.4167555003364045,43.56918449982042],[4.409353499512764,43.56112700026601],[4.403833000324635,43.55924549956636],[4.388098999749533,43.562458000041026],[4.3806770005938835,43.55254249996497],[4.365136500483663,43.547156999593845],[4.350369000259267,43.54675050040121],[4.349231999422035,43.542532499730925],[4.331928500327417,43.53565649988471],[4.316078499798338,43.5448765003364],[4.323124499514367,43.55322849985245],[4.319030499868634,43.56121149973711],[4.300642500052338,43.56864949960649],[4.287308999825532,43.56815300029812],[4.293115499874557,43.582819499886035],[4.291591999420744,43.59108249976882],[4.237449500367358,43.58876550039501],[4.2416065000409295,43.61255300004617],[4.230082500227514,43.624363000433874],[4.239174999912366,43.63426750035356],[4.223915499603019,43.65858900028269],[4.224930500015463,43.68490649977263],[4.215346000199935,43.69556199957723],[4.2148405005729,43.709204999946955],[4.220861000535115,43.711357000414765],[4.236891999754016,43.71000799987034],[4.264627999591353,43.71939949969492],[4.246911000371524,43.7341524998627],[4.239809500402999,43.77169949958768],[4.254614000347322,43.78435199998475],[4.259153000420304,43.78463100013951],[4.261709500311701,43.79048450004471],[4.2684565004084964,43.78929449965232],[4.2737714996554965,43.79442399986027],[4.273850000408714,43.8104394998719],[4.284129500019028,43.81670950036192],[4.298874000106582,43.81761949983532],[4.299867500164981,43.81183400010632],[4.304875499565492,43.81358949968492],[4.293197999807438,43.82582699977015],[4.291294499456263,43.83621949991401],[4.284350999779312,43.84061500010829],[4.2945335000810125,43.84588149985362],[4.279107499626696,43.847858000159675],[4.284623499744664,43.851095500333045],[4.237664499685795,43.85852149981673],[4.2366850001900005,43.87441650010097],[4.242100499607578,43.87695700031568],[4.248738499986658,43.89402349994462],[4.26701249947515,43.90082250023995],[4.270369000442248,43.90828450038184],[4.28477300050932,43.90480400010582],[4.284565000241041,43.90818049960027],[4.304367500233615,43.89952150003133],[4.324224999944611,43.894846000323504],[4.3394709997766965,43.896607499929026],[4.341415499571872,43.90624800038422],[4.345220499677085,43.908344999537405],[4.395456000370714,43.902359999930205],[4.389029000048653,43.9110705002894],[4.376282500106857,43.91706499987755],[4.3868189995795195,43.91737100029741],[4.393852499678957,43.92264249957221],[4.400466000439736,43.915997999855605],[4.407323499576865,43.914347500026096],[4.404021499934299,43.90872649997019],[4.409549500287373,43.906831499971624],[4.405947000232448,43.90320500044976],[4.407985499488609,43.89564749990466],[4.4257429998217965,43.896315500079865],[4.4177444998235575,43.85958949958079],[4.42020600028689,43.85347250031135],[4.43108800048189,43.85168949997854],[4.432141500518324,43.84284699974765],[4.440208999389681,43.83320349997707],[4.456944000420654,43.829920499775184],[4.482655000248047,43.83938799991102],[4.487365499964864,43.844024999822054],[4.4988860002093105,43.846053500124796],[4.501288500093386,43.850735999763245],[4.501264000332909,43.856950499994845],[4.483869499918362,43.85412999974999],[4.481292000380909,43.86187850033791],[4.485028999671169,43.874278500219546],[4.480010499605159,43.88526749956521],[4.487757999926106,43.891202499777144],[4.49301999969473,43.90456999980225],[4.488113999968381,43.91838199966462],[4.494152500519318,43.94042149995421],[4.498548999467842,43.943131999717096],[4.511264499986877,43.93649299959705],[4.5213924996555495,43.93737849956757],[4.521403500076304,43.92247599976552],[4.530450000479018,43.91766250011603],[4.526968500538811,43.91286699983472],[4.541430000123173,43.9114235001684],[4.557788499666604,43.92763050035369],[4.557508999551322,43.93431700026049],[4.53613500012951,43.94173050015364],[4.538357999686413,43.95155199979375],[4.5428119995935,43.95213649978624],[4.542896500460149,43.964563499677475],[4.536067499879046,43.969669000242604],[4.5339199999870035,43.97649100038086],[4.536399500113134,43.98616300039151],[4.532651000600462,43.99262400000477],[4.535333000388577,43.997525499876176],[4.532620500580823,44.01050449981201],[4.5388709998861145,44.008988999906386],[4.541378499518149,44.012845000301674],[4.5609150002914545,44.01638850039071],[4.567062000120646,44.02055300013784],[4.561469499561044,44.0295714998366],[4.5464599996884925,44.02859949974081],[4.550780000290701,44.04058149999794],[4.55885150027494,44.049610499699035],[4.559250999616665,44.060098000143384],[4.552276999473765,44.06497299953266],[4.554105499865825,44.0714005003486],[4.546193000287821,44.06844900044999],[4.5437659994149,44.07020700011167],[4.542552000531021,44.06784850042974],[4.539402000516887,44.07380349959186],[4.530547500508381,44.07257849964636],[4.525877499885891,44.07797899972628],[4.519966000238334,44.07512000001803],[4.510538499668399,44.07850149992424],[4.506396999653625,44.07461749991151],[4.492615499966776,44.080278000156454],[4.49751799992933,44.110348000085146],[4.493878000419234,44.11509700029282],[4.484545500372471,44.11573350021815],[4.484126500548659,44.12199100007725],[4.489280000288161,44.12616999989243],[4.482908500238687,44.129714000231445],[4.457123500283857,44.13041549979529],[4.463392499632529,44.13809199960871],[4.458160500068285,44.14376999979132],[4.460154499490478,44.14892299963563],[4.47288499988249,44.16191349964828],[4.478860999621766,44.180163499772114],[4.493580499903629,44.17547449967153],[4.504144500166591,44.17554449985594],[4.498030499635594,44.1810629998921],[4.500450000554811,44.18907450028213],[4.492149000482582,44.196613500120556],[4.478685000519983,44.19633050003124],[4.478529999501188,44.20475199955603],[4.474123500340694,44.20663750010142],[4.479330999922666,44.217338000338074],[4.468835000392278,44.2232560003679],[4.471092499645867,44.231767500369294],[4.482117500413086,44.23407800008448],[4.489835499467704,44.24289400032024],[4.459147000222893,44.25336999990891],[4.444836999948268,44.24886200002082],[4.428182500347501,44.252635500219064],[4.4171035000337975,44.24950099988613],[4.407567000410113,44.23991349979568],[4.400002500442035,44.238338500107986],[4.397088000312442,44.257246999983344],[4.401288000137905,44.2629335001108],[4.396094499736149,44.26671949964537],[4.3975710004779724,44.263948499991336],[4.392993999830541,44.260292000379714],[4.382611000000434,44.26998149996536],[4.3627939994830545,44.26712200030513],[4.361307000386613,44.26216149988429],[4.352102500025765,44.261199999805626],[4.346139500442144,44.26392650012774],[4.3325845000754,44.258753999719715],[4.332988500196914,44.27153249964689],[4.326092000580347,44.27596850022939],[4.328852999435911,44.280213499931946],[4.288212999641706,44.28904449955553],[4.290734499575203,44.30868000004338],[4.2878845000228285,44.31358800039259],[4.290687000034599,44.31673149957841],[4.294151999807056,44.31334099978387],[4.302654999635554,44.31468200001689],[4.316634499748305,44.320684999935544],[4.329956000305183,44.332123500402226],[4.325776499851676,44.33832550038738],[4.367713500317506,44.33939050001245],[4.383742999354031,44.344192000385576],[4.387607500442255,44.34712049965027],[4.383416499925641,44.349370999863055],[4.38546050032407,44.352130000058864],[4.3801985005084125,44.35776100010107],[4.380278500520824,44.36378650047301],[4.392729999692232,44.37512999972986],[4.406971000484896,44.38213050046799],[4.417472499984453,44.38116699987449],[4.416940999654255,44.37492550027536],[4.409998999997326,44.37032499963268],[4.422500499579388,44.370636500364135],[4.436739499916029,44.36164749965684],[4.4437310002082056,44.36486499981076],[4.4462179999787335,44.36331849989043],[4.44899550055998,44.37451899979182],[4.457537000094346,44.37985049957662],[4.452969500495616,44.38551600010348],[4.458412500083574,44.397123499897646],[4.453384499867374,44.39689650028311],[4.444230999574962,44.39031749962909],[4.442227000165411,44.406197499645415],[4.406613499983673,44.41134600010892],[4.404038000580164,44.42219899996512],[4.396765499701906,44.42241650035409],[4.393426499528487,44.431349500342996],[4.3885784994598165,44.43098150000221],[4.384554500503543,44.425605000195716],[4.380793500066579,44.429183999777884],[4.374352999462709,44.42849400007788],[4.369682999624979,44.43510300026041],[4.372930000242611,44.44364250029666],[4.356283499797395,44.44938400017747],[4.370466999695519,44.45786500010736],[4.374789000021326,44.455445999894195],[4.388335000489036,44.46564749988351],[4.390195500346917,44.472233500332145],[4.4011020002825365,44.48014349981319],[4.404906500164379,44.49168549993609],[4.4136345002302635,44.49319450025238],[4.415018499501192,44.50024349991994],[4.4178939994952415,44.499679000156064],[4.416792500611702,44.505873499704265],[4.428467999654532,44.50003799996742],[4.455257999547264,44.49981199979374],[4.457816499932694,44.488966499700346],[4.451892999615528,44.47817799977328],[4.460906499689426,44.45231100039287],[4.456100000560152,44.446412499740205],[4.464647499556947,44.446301000178835],[4.46771350006314,44.44070849994654],[4.474181500402974,44.44239049960414],[4.4719899996064205,44.451474500281336],[4.480649499582858,44.45459799958136],[4.477101000517562,44.46403299980727],[4.487739500574576,44.46464349976847],[4.485637999952913,44.467158500443226],[4.490400999870063,44.4701779995452],[4.506615999692614,44.46842799990574],[4.500969999457698,44.48072999989455],[4.520150999897522,44.48604500024785],[4.531452000027981,44.48191550011122],[4.538972999753647,44.48303250015952],[4.5618210002237936,44.471965499808114],[4.568951999796836,44.47785700007618],[4.575013000389128,44.476707999670026],[4.588728999906317,44.48188849977669],[4.590765499661483,44.47751950041011],[4.595029499832228,44.480454999722085],[4.609330999839192,44.47333149992492],[4.624272999651078,44.47276900019066],[4.619965499445787,44.46538300041884],[4.6322320004400765,44.47044399991132],[4.636917000249414,44.46301299980798],[4.663496500297988,44.467518500315464],[4.671734499377843,44.44714549993705],[4.667097500293729,44.43795900039161],[4.675568500087671,44.439047999615205],[4.675974000044687,44.43669999989592],[4.691372000075021,44.441606500402614],[4.699090000053245,44.45373999970845],[4.699483999868734,44.48078449968582],[4.688957999892644,44.49293199999519],[4.6878129995578375,44.503447500094566],[4.692939000123328,44.516851000116674],[4.707018999663027,44.530839999894525],[4.707555000364473,44.53445100006296],[4.702970499759172,44.53609399983249],[4.733930499501093,44.526806499736196],[4.732678499802332,44.523999500263685],[4.737133499611443,44.522012499700914],[4.752404500160087,44.520031499827205],[4.7656939998201375,44.5205569998428],[4.798110499779129,44.53159650010527],[4.8245829995545195,44.497959999932775],[4.8392899996076695,44.49030249962254],[4.842321999937971,44.48164050039404],[4.840771999549667,44.46092100038702],[4.847199499942459,44.46024099986484],[4.868777999499973,44.46935450041347],[4.877926999833154,44.46577800040979],[4.890080000273963,44.47361150028836],[4.904188999842764,44.47410200012307],[4.913923499962814,44.481134499741124],[4.939144500296698,44.489753499611716],[4.954363500601541,44.48833050006664],[4.962001499558074,44.49737999975338],[4.973800500231703,44.499409500327474],[4.99656850002339,44.492489500244545],[5.000513499955152,44.50171550021728],[5.024654000023032,44.502783499899834],[5.0339789998763385,44.50715299977722],[5.058842499583609,44.50463150013371],[5.070606000646517,44.50890149971293],[5.068818999699318,44.50137849985738],[5.077943500106752,44.5002600001936],[5.077553999589462,44.49175699991504],[5.082947999616316,44.48740200014316],[5.08191749960368,44.46936800014936],[5.09992250019186,44.45908100006658],[5.106509500131283,44.440009500135794],[5.12544450049361,44.4376135004674],[5.1355590002251095,44.428366000419196],[5.128586000303551,44.420427999567835],[5.131932000371676,44.41296349968793],[5.1168335000925484,44.401847999755624],[5.122874000236975,44.39622500005615],[5.119680499750657,44.38966649997967],[5.136542000268049,44.3789404998801],[5.1441890001514565,44.38132749995506],[5.16041700039076,44.37264099973272],[5.164458000101655,44.34691899998283],[5.156517500009293,44.337073500073934],[5.147440999896185,44.33356350041572],[5.14084950049024,44.33615299993095],[5.136078500181634,44.33347650029639],[5.130090999860159,44.324982500325675],[5.1315304999020634,44.319628500436416],[5.1503905005704285,44.3230865000502],[5.169920999562713,44.31315200032427],[5.173702999726704,44.30837499988978],[5.1701110004064725,44.298732499890946],[5.183531499780485,44.28435649972105],[5.180338499946262,44.27939149966909],[5.185962999923907,44.26601000029519],[5.182486999594838,44.25767850005678],[5.189336500269671,44.26191750025289],[5.20237699960509,44.259570499636894],[5.202240999704381,44.246284000013894],[5.213347999839749,44.233810000246656],[5.21868150057645,44.2341194995825],[5.224999000028065,44.229912500014755],[5.240451500477508,44.2308254999588],[5.236199499610172,44.20675299957136],[5.24361099987539,44.20224599979446],[5.241789000173471,44.19576249988782],[5.261390499406364,44.19341250012197],[5.277953000417171,44.1877219996296],[5.281205000333978,44.18534000014455],[5.278344500126663,44.17397999972821],[5.289831500630731,44.17237499984294],[5.306593999429729,44.163387499861955],[5.3264004997038015,44.15959500015572],[5.326576000041302,44.13930649967165],[5.317615999976248,44.13643849976742],[5.313719500637812,44.12982349977364],[5.315236999728297,44.109024500363695],[5.298943000502711,44.089268499884206],[5.311667000125823,44.0465274998635],[5.314718999573108,44.0203249997883],[5.349754000377093,44.00602799957419],[5.358609499453271,43.999808500275854],[5.35933499958187,43.995641000146286],[5.36820499940057,43.99580850013317],[5.418257500525554,44.01296299958635],[5.438164999416432,44.01556099986534],[5.461898000522845,43.99087050024782],[5.467330500609862,43.97084249998176],[5.479218500070281,43.95940950027496],[5.47906849991712,43.95494950036571],[5.515636000425252,43.94468999994353],[5.5268774995817616,43.94752800043133],[5.544991999702283,43.93905050028285],[5.55966400011125,43.942862999708936],[5.568919000280355,43.942246999719075],[5.567883500012944,43.93696049959872],[5.580599499738904,43.92546949983269],[5.581581499372449,43.91499400040955],[5.594332999826952,43.916834500026454],[5.608230000583282,43.91477099996253],[5.572666999758248,43.862283499737494],[5.566861500499296,43.86186199989497],[5.548616499431352,43.85148099997797],[5.544779500148635,43.81761200030537],[5.559573999763386,43.82148500015564],[5.564270500176002,43.819733999935075],[5.567601499907617,43.82742650032702],[5.574226499375607,43.830261500073576],[5.588915499839778,43.827006500153416],[5.595436000527356,43.82888900006373],[5.600936500054543,43.82597900003837],[5.627704999569489,43.83092899955972],[5.654448999881524,43.82511199967647],[5.659183500094313,43.81618600005298],[5.674482999754606,43.80735749969232],[5.686211499594386,43.78687850034326],[5.700572000325582,43.78357200008511],[5.704962999849692,43.77953749976716],[5.713552999742983,43.78111750022954],[5.716589000275562,43.7557135003603],[5.745873999785802,43.74290199971791],[5.757337499539203,43.72940450027563],[5.7482875003737135,43.719990999977455],[5.736947000008973,43.71600199961975],[5.717354499671699,43.6935295003294],[5.710202999999137,43.69000099970815],[5.673593499876083,43.693654500239994],[5.657519499911075,43.68575950034092],[5.642949000234974,43.67254649999309],[5.613600000331337,43.66373899990944],[5.606943499680096,43.65868599982535],[5.574793499870693,43.66206349955935],[5.531450499513928,43.65900700042065],[5.439241999687716,43.68110800016587],[5.338837999990138,43.72070399972073],[5.315713000175424,43.736490499753586],[5.236378499816601,43.74746649968701],[5.187975999867135,43.73509949969961],[5.173316500347508,43.73880500033466],[5.045444000306871,43.7918895004469],[5.0426245005043615,43.806503999960135],[5.060695000300455,43.81143050012966],[5.06494200029098,43.81840350030288],[5.076238000047085,43.808053499551775],[5.082019499846138,43.81267449963492],[5.082101999957276,43.8197874996286],[5.093157499925865,43.81951650000442],[5.0693589995326676,43.83072250009209],[5.078519500002803,43.84058399991874],[5.077465999508514,43.84606100028958],[5.086461999754975,43.84678699972832],[5.0856395005537705,43.853428500245855],[5.069136499464592,43.873418000068696],[5.08307549969618,43.874702999584834],[5.080726499711844,43.88453150020431],[5.09149600006585,43.892462500113055],[5.087429499904462,43.89737800008222],[5.093968000127959,43.90289749961484],[5.101413499739187,43.900963000274956],[5.104941499945391,43.90618299984043],[5.103440999474953,43.90824849960969],[5.095688000279043,43.90532850019857],[5.088311500363505,43.90789699995721],[5.08028999947409,43.91696099979955],[5.088972500571863,43.93899650028686],[5.0834405003136345,43.95948350008383],[5.068772500413595,43.96443200028589],[5.0655730004173805,43.970943999944396],[5.053008500617934,43.97155599984511],[5.0396815001093,43.977320500368265],[5.012943499773485,43.97350200019686],[4.999101500019069,43.96597700021497],[4.994627499486028,43.970880499887215],[4.959041999434562,43.972862500277685],[4.97622250039515,43.96786850046052],[4.9510455004339935,43.96259450023425],[4.960618999735239,43.95201900029452],[4.95785949976612,43.93888950038368],[4.965652999575655,43.93056100028519],[4.966203999742095,43.91344000014305],[4.983812999463166,43.89676600022216],[4.991616000600404,43.89505199981171],[4.995151499858554,43.89070600001648],[4.984430500251029,43.8891065003095],[4.9830470005127685,43.8844990001896],[4.973808499964125,43.88264550002818],[4.991493500120983,43.850715499848945],[4.966304499541881,43.871648999740536],[4.9248755003839015,43.8867819995988],[4.90335550022168,43.88749949957957],[4.885230999556628,43.900149499713564],[4.853092500603289,43.91138500004457],[4.821730000593989,43.91282899987815],[4.7390594995120185,43.92406199956389],[4.749989499385308,43.93218200035863],[4.768778499448984,43.933800999724895],[4.779021000259944,43.93789450011548],[4.791975000424511,43.952269499586166],[4.775774499517034,43.9582914998175],[4.774671999572563,43.96511600000133],[4.76972849961589,43.965981999821786],[4.740392999524852,43.96345000007447],[4.742299500156961,43.956707000029674],[4.739471500366777,43.956085999926444],[4.728140000596978,43.95812549975226],[4.72114300046918,43.954581999764216],[4.721267000098893,43.9388665002301],[4.725297499549189,43.93080949996753],[4.732354000296993,43.92962849957776],[4.735508500605533,43.91650850003694],[4.722218000658533,43.90521599959378],[4.700648500577266,43.89836649988343],[4.69790550018546,43.89671650036403],[4.709325999436833,43.89801400001182],[4.692869499957049,43.88444149961791],[4.6672825003381,43.876327999818486],[4.663764499697245,43.8709414997797],[4.659229499571285,43.87581899958539],[4.641914499713183,43.8674764997469],[4.638180000068166,43.88010899963643],[4.639891499702803,43.890748000154964],[4.625873999940135,43.88729449979975],[4.615404999452849,43.86561450024161],[4.612426499917096,43.86262000033157],[4.606698499550589,43.862685500327906],[4.61394549977542,43.85835199964395],[4.615304000107006,43.849159500033],[4.610988499455085,43.84625499952238],[4.620172000181071,43.84226449997538],[4.621090500395347,43.83743299966096],[4.634979500326371,43.83601050004848],[4.642971000162687,43.832108999826495],[4.655081000142908,43.8076404998191],[4.651243499958784,43.7822749996095],[4.629987999507424,43.76267349982806],[4.612276000024041,43.72475449998628],[4.586050000392608,43.7243380001874],[4.532792999749063,43.7301074997425],[4.525459499442777,43.727104500024225],[4.493479499572018,43.72410649981933],[4.4901675003661445,43.72867699964754],[4.48539250005963,43.72732449974725],[4.478968999962732,43.735548000182696],[4.463928999773353,43.70901100041188]],[[5.377949000493832,43.84607599968162],[5.369565499420269,43.8490090000962],[5.371410000120796,43.844900000242305],[5.358958999443417,43.845914000238956],[5.35774699955887,43.84180050041899],[5.36578099977505,43.84050549967844],[5.354258999715319,43.829240000064715],[5.366658000413875,43.821023000134765],[5.342104999859205,43.80924600040072],[5.343932499808954,43.79408100028202],[5.354890000099868,43.79265400033693],[5.37031349943879,43.80012250035881],[5.374643999589613,43.80585749968063],[5.390094499900261,43.802351500148575],[5.394440000443095,43.80622749967074],[5.418866999858782,43.81350300020463],[5.433301499621238,43.80955149960283],[5.4452840003820455,43.81763900002484],[5.454975000032509,43.81152249987446],[5.467239499724414,43.8153129998521],[5.462116000370587,43.827761999939675],[5.464133000122536,43.84140599978763],[5.432802000585941,43.84306799964342],[5.4183660005225,43.83724449971596],[5.40725950016289,43.83664099989006],[5.4048010004800595,43.84567150026375],[5.384710500603783,43.84328649980479],[5.381451500286553,43.84765050004874],[5.377949000493832,43.84607599968162]],[[4.990043499492605,44.06957849961663],[4.942400500511411,44.05397849973316],[4.943669000633779,44.04737249965578],[4.937999499434817,44.04475600000998],[4.936485000024622,44.02452449994454],[4.927501500252264,44.02463999962532],[4.927432999879986,44.020144500031186],[4.915269999456716,44.01884099999195],[4.908239499775806,44.01197249981561],[4.906731000330922,44.00453349996395],[4.911169000315072,43.99330999983232],[4.928948000285662,43.96764799993225],[4.939291500114711,43.96750800024882],[4.980972499819494,43.99630449992012],[5.020877500469496,44.01248300041481],[5.035734000497118,44.02240600023167],[5.028259499381705,44.02959950031293],[5.0246089995496,44.04545050002494],[5.015203999856561,44.05967050036166],[5.009009499746198,44.06085699997491],[5.004446000331138,44.05641699975382],[5.000018999556097,44.05669649980485],[4.990043499492605,44.06957849961663]],[[4.85156300048574,43.989110000268234],[4.85181700031708,43.96559949967348],[4.83913750054835,43.959343999657335],[4.837973999509392,43.952435499838735],[4.855994000275118,43.95064400029105],[4.88397349961585,43.952769499990964],[4.884368999726012,43.98194150014451],[4.867091999984467,43.989217499871096],[4.85156300048574,43.989110000268234]],[[4.708719999955347,44.083700500204735],[4.736650999826677,44.07023549972501],[4.747637000538735,44.07302549964608],[4.756282500326618,44.064558000439334],[4.757850500324346,44.077247000041304],[4.775873500566798,44.082106500307766],[4.777178500156503,44.087255499557685],[4.78448099995693,44.08910950035503],[4.781122000331174,44.09612600002924],[4.785326000070082,44.11166550031109],[4.779315499836985,44.12196399967487],[4.770353000171834,44.12292049980013],[4.768614499522128,44.12633250030131],[4.748302500107186,44.13558950004346],[4.73393650012313,44.13787349999381],[4.721051500439758,44.152864499707306],[4.711705000353119,44.13473799997595],[4.706072500488356,44.107745999786445],[4.719544500216867,44.09031650021455],[4.7197309996753685,44.08558349960367],[4.708719999955347,44.083700500204735]],[[4.664367000513111,44.39894550000195],[4.650052500211065,44.376405499961656],[4.646822499922467,44.348379000017204],[4.651559000380488,44.32693999957385],[4.649317499847035,44.31155899993221],[4.653471499743145,44.30209749966904],[4.649227500026662,44.270359999982865],[4.651471999793518,44.25914850013046],[4.6671855000660525,44.26217049967449],[4.676638500253297,44.260957000316445],[4.699891499907819,44.2666689998542],[4.695655000313542,44.28305200006544],[4.711535500288146,44.29618499981916],[4.715004500529645,44.31223049963708],[4.712508500373157,44.32386599989112],[4.721664000246839,44.326587500116915],[4.7204735000759745,44.334315000124114],[4.729011499433763,44.3438174996702],[4.7272015001522645,44.35168350013429],[4.730089499933386,44.35265949965606],[4.728220999469142,44.36922299996822],[4.711941999545511,44.373086500029075],[4.712951500307412,44.37833050028379],[4.715781499914326,44.378210999661],[4.711544499944987,44.38627300019362],[4.7148235006347265,44.406058499638064],[4.698822000188657,44.40305799977393],[4.677113999544028,44.40626850026132],[4.664367000513111,44.39894550000195]],[[4.500703999967226,44.26105699958425],[4.509295999576229,44.234197499633275],[4.514350999710126,44.23193850027009],[4.515799000006622,44.242226500085124],[4.521877499377419,44.24408450017976],[4.525038000613248,44.24136750008199],[4.5501435004959765,44.239937500375554],[4.548642499390136,44.24469800007397],[4.560655500433424,44.264414999943064],[4.551800500398181,44.26876849968323],[4.548483499665498,44.2655884996224],[4.5459009994593185,44.2734754999387],[4.535491000438545,44.278488500373875],[4.53020649994414,44.276210499572585],[4.533417999901138,44.28185849999089],[4.5183165005020225,44.28863749979711],[4.506764999577006,44.28785900000873],[4.502996999883288,44.284290500004985],[4.509326499575776,44.28088199990382],[4.500703999967226,44.26105699958425]]],[[[5.437034499753679,44.570794000109096],[5.414459999845963,44.58662549989126],[5.402460499535371,44.584828499763034],[5.388206000316741,44.58949049969767],[5.395597499827575,44.61166850023652],[5.389807999839844,44.630065000292085],[5.371617500302079,44.64166549972018],[5.331609500294743,44.64482249974555],[5.336915499803957,44.66364150035402],[5.3288680003706625,44.67403099981765],[5.342874499703835,44.68636650011393],[5.3542434999668,44.69155549989826],[5.350986999550305,44.69551450030309],[5.344363999509594,44.69460650012976],[5.342057500366381,44.6889989999689],[5.324188999876358,44.68018800017493],[5.319702999671157,44.676250000249006],[5.32114549951651,44.67112549962109],[5.314928000455671,44.668044999636244],[5.304039500323917,44.666070999995],[5.292606500263337,44.671904500042565],[5.281315500090813,44.67475449980361],[5.281436499578969,44.67200550024093],[5.27707849953406,44.67306750024612],[5.279609500549338,44.66818500023297],[5.284405499583076,44.66706650014299],[5.283074000023571,44.6544479998382],[5.293663000215021,44.6429229998239],[5.290246000021626,44.64026100009891],[5.290402000450764,44.64323550022573],[5.282090499474674,44.644844000017464],[5.266360000501323,44.644157000467644],[5.2567515003896,44.63102949962785],[5.252000000358905,44.638310499972924],[5.246153000012131,44.63859100011089],[5.240488500426158,44.64895599957747],[5.246588500545243,44.656453500174315],[5.243583999531025,44.66076249974481],[5.233295000563589,44.663229499603425],[5.226305499622197,44.668542999839445],[5.214053999434295,44.66965600027836],[5.2122639999984095,44.6768119997013],[5.196044500168237,44.675597000242966],[5.198467999915678,44.6734189998487],[5.195188999853246,44.67093900021715],[5.186690999974163,44.67646050038015],[5.180073499394418,44.6765325000241],[5.178199499639497,44.654738499782624],[5.164805499642404,44.65840400040411],[5.11879399982599,44.66168250043495],[5.099180499984567,44.6687269997251],[5.079468499383518,44.67076800003154],[5.069336499815147,44.665746500185584],[5.047129499765597,44.663118500250334],[5.039726500508205,44.67094049987267],[5.043922499644747,44.67845049963194],[5.035440499919494,44.6806834995751],[5.040535000539582,44.68562699960846],[5.0368490004382,44.694742000290695],[5.042989999520157,44.71715250033899],[5.03381450058156,44.722137999666245],[5.043270999544087,44.73132800018484],[5.052730999868977,44.73506449998139],[5.06475800045829,44.72613649981667],[5.07520399965417,44.73890049995184],[5.085588999831555,44.74212499993972],[5.082820500345757,44.74772850032354],[5.0853605004804034,44.762927999811964],[5.096644999928903,44.76634550044568],[5.096501000192781,44.78341250024523],[5.101110000425275,44.78078649987772],[5.1182905004037,44.78298300011359],[5.130590999726089,44.7798009998148],[5.141845499378379,44.78650850009534],[5.144861500248391,44.795485500105855],[5.150157000322427,44.799004999881696],[5.162349499918971,44.79087199979741],[5.1656030000659054,44.7914729997429],[5.170057499393653,44.78559850014003],[5.186520500531739,44.78352750030799],[5.19518050057817,44.76651850033649],[5.206188499916325,44.76809599976317],[5.20662549950467,44.770694999800526],[5.227609499761951,44.76796849983634],[5.231132499896259,44.76891149975708],[5.231508999482294,44.779125499970206],[5.253761000624167,44.77667699967643],[5.27320400056249,44.78117400012999],[5.2709410000029076,44.78911850020257],[5.290855499885991,44.79405099969093],[5.286731000545668,44.803791500006746],[5.2923170006321065,44.806621499799384],[5.311092999947888,44.80164350018942],[5.324056500050609,44.79158199983827],[5.339088000143037,44.785026499958164],[5.348668500086011,44.7918395000463],[5.373144999687584,44.7798099999865],[5.386433500215341,44.7850414997054],[5.392543999993292,44.78213650017124],[5.399221499405609,44.7829055004024],[5.393065499751578,44.775011000366725],[5.401361500266402,44.771684499703184],[5.4079930003598005,44.7511490003695],[5.439285000061162,44.758508999654005],[5.4572894996732,44.75717250018684],[5.457885000158108,44.77192699993174],[5.476844999904406,44.786222499581406],[5.53466250008427,44.77608200021792],[5.554727999735576,44.76746949954188],[5.553994500291985,44.77932799970318],[5.5441425005704765,44.788922500440826],[5.544517999362884,44.79567200028377],[5.550624499922577,44.79414349998769],[5.582043999547043,44.77786649955156],[5.5867935001963875,44.76323399988584],[5.596581999820256,44.761882500118034],[5.607859999666611,44.75552650012595],[5.626313500380666,44.75329449959175],[5.6290600005995195,44.74479499979495],[5.61221150015294,44.740724999795404],[5.6073964995579635,44.73590749993177],[5.585712499969605,44.7391774997508],[5.579179499458947,44.73409450017726],[5.567205000606256,44.71632599970473],[5.573465500581912,44.704935499727696],[5.571210000268918,44.694956000325526],[5.5816170004199295,44.69029350041253],[5.546679500357971,44.665474999587914],[5.532151499566026,44.67569050015829],[5.52428649990247,44.671364000197215],[5.520230500236604,44.66413599958461],[5.5245440003757995,44.64816050021618],[5.521391499404495,44.64239200042277],[5.517758500123383,44.64006550003378],[5.511310499666105,44.641369499777916],[5.494312500250421,44.627871499943076],[5.483293999943921,44.62466749957924],[5.488650499956858,44.608303500057616],[5.482518499698534,44.60545550036552],[5.48831999955021,44.60084350003398],[5.485502000110961,44.59888899958937],[5.488698000040321,44.59029199997864],[5.485470999736763,44.5783604999505],[5.4773360000666536,44.58285899982385],[5.476573499561722,44.5885955002687],[5.471802000015166,44.591342500434735],[5.465825999565445,44.585598999721455],[5.459733999923725,44.58950799985229],[5.454350000322666,44.58668150036222],[5.447043999596264,44.57710450028273],[5.440681499867049,44.57727600026959],[5.437034499753679,44.570794000109096]]],[[[4.796112499564131,44.87963950018063],[4.782982499986892,44.87748349995731],[4.782050000415871,44.88105850022412],[4.776058499493623,44.87862649991465],[4.767146499585847,44.880343999946746],[4.7474615005838565,44.88669650034244],[4.74589200044053,44.89023950030899],[4.736861499575942,44.8860180000226],[4.7410339995054915,44.90442849973117],[4.745550999435468,44.90640900034648],[4.737383999713523,44.9143625001438],[4.74615900014719,44.9220794995982],[4.75956550044357,44.9220939999424],[4.768291500462022,44.918582000115904],[4.773016000223,44.92453050011053],[4.791030499753486,44.92012249968513],[4.799636499657323,44.92282050036254],[4.783107499512712,44.93352749988165],[4.782988500102457,44.947298500451915],[4.788246000435387,44.948990499741655],[4.792839000432477,44.95861700020562],[4.80635149942657,44.96179900027884],[4.810502000507594,44.95963650007187],[4.815195499712279,44.96399550027922],[4.819246999528045,44.97128400003369],[4.815567499915446,44.97892600012536],[4.830953500352796,44.985572500284626],[4.830688499409915,44.994407500388256],[4.8192205001890285,44.99176749991496],[4.80088450012164,44.99616399975543],[4.8130439998488095,45.014899000104286],[4.792446499436119,45.02456500006901],[4.798220500307172,45.03060999978658],[4.796373500413322,45.036500499711416],[4.7806559997387374,45.035525499845306],[4.781438500380982,45.040646999861366],[4.770595999641291,45.04407149988828],[4.770514500498469,45.05122799985918],[4.782680000506912,45.05357899988144],[4.78395750032165,45.05929549991372],[4.776051999829775,45.0603294997307],[4.771845999854707,45.057273500412386],[4.763737499580649,45.062346500260986],[4.761936499956642,45.06472549975098],[4.766695000480341,45.06638550018721],[4.767666999719796,45.07293399999805],[4.7645840005164075,45.07214599988907],[4.760402999678495,45.07677400004779],[4.770877999517707,45.090331500062405],[4.763661000386494,45.09088550013816],[4.7593654998473065,45.096109500184554],[4.760293000236307,45.101668499568646],[4.746492999525929,45.107539999724516],[4.7526665001463595,45.11857450018174],[4.763313500316623,45.119341000303464],[4.76530150049679,45.122672499934545],[4.756455499735126,45.1288414998988],[4.759948500329424,45.140743499881964],[4.772090499574376,45.13922699980002],[4.775360999810845,45.14132400033881],[4.7723589996168725,45.14565600033366],[4.785671499712292,45.148050999772835],[4.7778840003580605,45.162012999705546],[4.767969999447834,45.1746954998267],[4.742021499681471,45.18479700006467],[4.744673000634943,45.18276199958736],[4.7386854998000745,45.18192050026621],[4.733090999905263,45.17109699982532],[4.72903199966006,45.1731560000259],[4.721443499684237,45.168000000183916],[4.711635500363078,45.17544600038663],[4.710993999501231,45.19062399986869],[4.71679799994727,45.197663499712355],[4.743408499943967,45.20235049998147],[4.747535999478689,45.1993365001139],[4.7602904994197575,45.20633500024361],[4.751509999721849,45.21202550040527],[4.751263000063998,45.21657600016212],[4.758968500457759,45.22595650010156],[4.775533499664937,45.231957499898115],[4.771537000044387,45.24163000040416],[4.756608999418217,45.24406349971176],[4.75877699990937,45.26858500028063],[4.78506149974026,45.269577000301375],[4.788334499545409,45.272280499597024],[4.787886999723604,45.28934899953809],[4.78115300057862,45.28409750036708],[4.772918000430058,45.283942000144684],[4.771999999935666,45.296889000129326],[4.7689844999599424,45.29793549967843],[4.755011500482537,45.29613399987463],[4.7553119999432365,45.30020449977526],[4.743879499807278,45.29684300009292],[4.738089000395886,45.29857949980654],[4.7378504994291,45.30366900012296],[4.706223499475739,45.302205000360864],[4.69868300013784,45.30663150040509],[4.679933500304049,45.30808900035495],[4.718021999404217,45.331662500116686],[4.732386999728039,45.33191199955784],[4.703307500013799,45.349561499825086],[4.72310500030347,45.35460249995856],[4.7244734995669235,45.37184450016459],[4.709083499548525,45.38072299978034],[4.706991000220851,45.38999299996791],[4.717860499834972,45.39178650037685],[4.725806999934404,45.39683599963478],[4.713653999589842,45.40537649980406],[4.710345499698688,45.4041864996492],[4.704779500142062,45.42194599982383],[4.693192499627871,45.424441000167924],[4.699643999584975,45.43636550020755],[4.707586500108883,45.43525149988163],[4.717852000156112,45.44209800044955],[4.714070500306736,45.449289500422594],[4.722169000085754,45.45325700016259],[4.7288180005741225,45.451764000451746],[4.729629499405566,45.46902849969497],[4.743584500640252,45.47372299966199],[4.73955699963755,45.48704100042726],[4.721832500251094,45.49439650003526],[4.754308999855722,45.49225800007253],[4.754935499587279,45.49926499968549],[4.764812499600798,45.50413650040349],[4.765915499583948,45.51320350017872],[4.7769905004668045,45.519036999619196],[4.776115000108292,45.52387150045339],[4.785556999583749,45.52744549981612],[4.818733999893096,45.52198800008027],[4.839711500016459,45.5215200001649],[4.845345000515835,45.524318999977964],[4.8588280006283115,45.52095599961035],[4.861329500466635,45.516848499736156],[4.841452000214707,45.5005994998288],[4.825088000474914,45.49533900040301],[4.813119000535407,45.4838590002376],[4.782279500276538,45.472207999827795],[4.77947400027945,45.45503299982251],[4.7668505001868615,45.45733300044593],[4.756931499388115,45.45570400028962],[4.75493600054588,45.451022000172884],[4.759948000555528,45.432597000225044],[4.742247500210892,45.41758450018323],[4.743632499996019,45.409796499951675],[4.758073500290272,45.39123600042148],[4.755999500081994,45.36567499972249],[4.774002000076637,45.35263499959497],[4.773579000331852,45.34649000003599],[4.768225000192037,45.34372700035503],[4.764106000444506,45.34545250023032],[4.761977499658938,45.34241399961243],[4.7618514998233294,45.32405650030493],[4.808978999721313,45.2905749999916],[4.810189499869032,45.26224299961567],[4.801339999366059,45.2428910003705],[4.8025809995964845,45.226934000277126],[4.8125635001063545,45.204311000446566],[4.804812499581156,45.194034000051786],[4.81214349981605,45.182315500028146],[4.809000499887508,45.169731500281024],[4.816487499971457,45.161878499713204],[4.8240965003891585,45.161256499736076],[4.829100499968095,45.15668650012926],[4.839549000208335,45.15674449996744],[4.855207499474923,45.1480380004134],[4.855944000359626,45.141540999877826],[4.866874500310109,45.13693649977292],[4.866930000394571,45.1177659997904],[4.874094999668534,45.09676649983873],[4.879211500422855,45.09535450025414],[4.885490500320718,45.10447950045959],[4.897974499774257,45.10097049976627],[4.903570500422073,45.1082294996094],[4.911418500593893,45.09738300022878],[4.918867500005995,45.094699000091175],[4.918711000557281,45.09681700013261],[4.925087500470626,45.09757750012973],[4.930053500294431,45.09179200021067],[4.936516499587448,45.09142400029615],[4.933569500214865,45.069659500229875],[4.940700000170909,45.068420500325125],[4.942230000354335,45.055784500156626],[4.949584999653934,45.052866500128445],[4.948186000230859,45.049839499767025],[4.952130499636275,45.04705499984574],[4.950117000203312,45.03903850027255],[4.93222550027085,45.032106500253256],[4.935646000602605,45.026265500230906],[4.945642999708815,45.02428500002043],[4.942318499490311,45.019413500305305],[4.926702500200985,45.01349749957422],[4.91144800063533,45.01591399982068],[4.904242999570107,45.006577000396156],[4.8871874999871086,45.00581650001391],[4.882558499979777,44.99860150043473],[4.871582500206495,44.99671000043901],[4.865332499706157,44.98725949995574],[4.8531754995184855,44.9786114999533],[4.860166499655934,44.96585899969726],[4.876329000054492,44.95415850035163],[4.886594500389724,44.93665249959684],[4.871083500545959,44.916220500455424],[4.859389999844738,44.92009649979579],[4.859769499497213,44.91558800031204],[4.851900500139562,44.91692799998448],[4.851731000281672,44.911488000098096],[4.845105499949114,44.90748950041837],[4.845123999757872,44.89915500030979],[4.840705999764016,44.89804050024653],[4.837517500114419,44.88847500009545],[4.82999549936274,44.88728600008579],[4.8308214995372625,44.884522000241844],[4.816280499790586,44.88085250018912],[4.802168999476575,44.88378850008724],[4.796112499564131,44.87963950018063]]],[[[4.876510500350677,44.75691900005124],[4.849508999381553,44.76077750039274],[4.842560499824378,44.76524650018792],[4.818884499962492,44.77026249973418],[4.8057574995776156,44.766220499916585],[4.780352999757712,44.772212000140705],[4.761044999810578,44.77121550026653],[4.766538500488002,44.77876200018264],[4.782771499959214,44.78305550037157],[4.7956629997912,44.793765500210334],[4.797274499393693,44.804842499989014],[4.832217000347918,44.81319250043932],[4.850645500510942,44.8066275001458],[4.850970000251764,44.809634499906366],[4.856251500178892,44.809019499578504],[4.86195450003716,44.82542849996762],[4.872740000071617,44.81438350041285],[4.883845499873767,44.810897499934654],[4.8908144998083,44.802455500008705],[4.880685000554972,44.76279850005625],[4.876510500350677,44.75691900005124]]],[[[4.709657499906538,44.76467549961985],[4.716780999455467,44.75039499988554],[4.723446999414497,44.746525500137885],[4.726747000246554,44.72678450020191],[4.716801000285444,44.735404000251215],[4.716596999522262,44.741310499925],[4.7090939994169085,44.74929199967648],[4.693485999831353,44.743361999827876],[4.679486000053919,44.76079499964032],[4.670813499962687,44.7620944995627],[4.6665075000897565,44.76636949978599],[4.658543499656553,44.766528499839154],[4.659068500485358,44.763637999970605],[4.65207500052825,44.76251600008834],[4.6527320005427,44.77443450043073],[4.665088499711385,44.77386750022537],[4.671830999811851,44.77652349999342],[4.684070000150332,44.769524999585435],[4.688118500366775,44.77448649967499],[4.709657499906538,44.76467549961985]]],[[[4.328290500362659,44.57288850000948],[4.3422299999662926,44.553382999759606],[4.35364550031618,44.54758000031731],[4.356587000250092,44.54079499956386],[4.347385499592848,44.53285849994051],[4.344485000386281,44.523501500037575],[4.331016500406449,44.52526699969055],[4.329805499365653,44.52834850008184],[4.324525500386872,44.52695049961999],[4.322991999858191,44.535533000307865],[4.310590499582721,44.53732250031715],[4.309847500406281,44.54300249970473],[4.317043499980012,44.54198349956561],[4.315796999784874,44.54623349955406],[4.322585000123721,44.551427499980846],[4.316167500303525,44.55532149956656],[4.32000750008501,44.56073999972471],[4.317097499887731,44.56993249988169],[4.320524000258732,44.57608800022936],[4.328290500362659,44.57288850000948]]]]}},{"type":"Feature","properties":{"slug":"provence","name":"Provence","source":"https://doi.org/10.6084/m9.figshare.19312094","sourceIds":["PDO-FR-A0392","PDO-FR-A0159","PDO-FR-A0725","PDO-FR-A0485","PDO-FR-A0396","PDO-FR-A0185","PDO-FR-A0272","PDO-FR-A0663","PDO-FR-A0918"],"resolution":"municipality","sourceYear":2022,"labelLonLat":[6.26103,43.45961],"scope":"Union of the named PDO geographical areas; not planted-vineyard parcels."},"geometry":{"type":"MultiPolygon","coordinates":[[[[7.1976890000062825,43.759708500355664],[7.2151854996406835,43.755683999765616],[7.21610949973112,43.75167049984402],[7.220082499739831,43.75091550030849],[7.2207069999302655,43.74169149962722],[7.238999999587836,43.75100650026051],[7.248628499698029,43.75157899993396],[7.252416500015865,43.74622799995615],[7.251243500590301,43.74028249956652],[7.261742999767756,43.74560599973744],[7.263690500143861,43.74343750005542],[7.273363999934719,43.74517349963627],[7.279483500304291,43.74304350033835],[7.281328499491002,43.73588949988458],[7.285883999993342,43.73390399967026],[7.298760000582801,43.73956649985447],[7.295205500032543,43.74625849958452],[7.296241000155358,43.75870350023585],[7.298757499802855,43.75521150033349],[7.3071785003146505,43.75344649984515],[7.3121329999795,43.74551949976023],[7.305772499824025,43.73576550028807],[7.292476999747803,43.73290799966032],[7.302754000294688,43.72113550019749],[7.306544000172638,43.7262845003678],[7.315719500011957,43.72227800038209],[7.323426999899789,43.722931999836945],[7.3146350000253495,43.72038249997958],[7.313015999996735,43.71450349973325],[7.300826999886293,43.70619449992259],[7.300592499704471,43.70095449970751],[7.308701499760145,43.692384500166696],[7.305647499957311,43.68569700043664],[7.295256999850388,43.68552599959719],[7.293394500531585,43.690789499749094],[7.2852175003556585,43.69402450013715],[7.2856000003294055,43.697937499934405],[7.284869999663353,43.692828000077526],[7.262567500371105,43.69443100016893],[7.248009500581582,43.69128349978397],[7.230513500558838,43.67860299974289],[7.2305169996564596,43.66579649987584],[7.225150999910691,43.659492500160766],[7.213451499646378,43.65309550035865],[7.212710500452064,43.6477620000743],[7.200479000472863,43.64553900022036],[7.203049999506323,43.65110550019966],[7.188359499598873,43.6889309999092],[7.181886500170062,43.73699599979058],[7.185158500021566,43.74668450009884],[7.1976890000062825,43.759708500355664]]],[[[7.060409999581393,43.95696899990929],[7.062435499465509,43.96991299967719],[7.075958499670931,43.97980800003324],[7.078774999708905,43.99321349957045],[7.093082999581211,43.99164799954651],[7.096749499880227,43.97592750004509],[7.108118499745527,43.970529500026565],[7.102424000226887,43.95797200038763],[7.1081004994321795,43.930009500154306],[7.096752499402165,43.92768800023006],[7.090565000050856,43.92984150041997],[7.083042499813719,43.920055999889534],[7.06942800010619,43.91891200025809],[7.0456414997373376,43.925799499584954],[7.045638499815529,43.931167999665114],[7.0535144999139066,43.93687800030207],[7.051849499411688,43.941138500181346],[7.056345500363724,43.941086999608615],[7.057766499909022,43.94797849964173],[7.053707500579738,43.9526935004476],[7.060409999581393,43.95696899990929]]],[[[5.8492139997004235,43.12147950019084],[5.85503550031368,43.09481349989975],[5.846984499453234,43.07465449976853],[5.847229000123442,43.04928750004058],[5.844305500376065,43.04658549990072],[5.829222500222982,43.04917349984822],[5.821499000597824,43.05365199969467],[5.8155140001341215,43.06379199967634],[5.792383000254831,43.06869449969007],[5.795838499566564,43.074356499671644],[5.806275499848492,43.08043100037847],[5.807267500037248,43.0924224997502],[5.812543500208525,43.09546199987291],[5.804167499737039,43.10044450026343],[5.809928499787749,43.101346500357224],[5.813897999742943,43.107126499833754],[5.80885950049841,43.114763000350024],[5.802304000092638,43.11739400004411],[5.791064499621447,43.11215349962021],[5.78784850026201,43.11297649976477],[5.78866599991291,43.11637750012977],[5.766717000093787,43.11533700040728],[5.777124500395388,43.12208999975248],[5.773407000133701,43.12598799977299],[5.780694499638064,43.12963699959295],[5.774275999737531,43.13790050022622],[5.766306500217148,43.13920899997568],[5.757696499865825,43.1341680000967],[5.7545570001753665,43.13525750003248],[5.751483500237651,43.1298060003017],[5.749288500223518,43.1354610002576],[5.740070499831424,43.133442499835226],[5.737198999741623,43.13596149997937],[5.724108999650929,43.1361779996506],[5.716529499570936,43.148026499735515],[5.71051700041566,43.14392550004593],[5.709593500518198,43.1472465003234],[5.707116000596536,43.14457249992056],[5.694874999963829,43.1435895001463],[5.69276700026759,43.15207249983112],[5.682191499824927,43.15545099993997],[5.682097999756028,43.16058850014001],[5.695016000463084,43.16830600031159],[5.6923235006273725,43.17500899958978],[5.685516499807087,43.18007750035624],[5.674006500370803,43.17781000031943],[5.667283500598347,43.18202050009929],[5.66014700004112,43.18186450010662],[5.650533499761151,43.18841100033411],[5.6383239995185415,43.18917399985842],[5.617217499586999,43.18371450025003],[5.611558000353664,43.17820350030474],[5.61119900016101,43.17254249991309],[5.606188999774425,43.173225499840825],[5.610598999953131,43.17169550017722],[5.608535999605923,43.16892599993318],[5.61311600002298,43.171673000303905],[5.609276999764584,43.167904000339696],[5.614645499883572,43.16919849989727],[5.61050799964117,43.16557449972935],[5.606065500487469,43.166520000262786],[5.6074354993928015,43.16102850017596],[5.6041304998543,43.1603560004147],[5.596084000517399,43.16401750031209],[5.5971679995109875,43.16690749979176],[5.594081999551847,43.164474500313055],[5.569287000006034,43.174871999596974],[5.550230000020222,43.192448500030736],[5.547335499963275,43.199378500081245],[5.549908499719772,43.2073680000335],[5.5453699993857,43.20753900023731],[5.54514400038066,43.21034199961216],[5.53915800006872,43.20879499999448],[5.538522499816083,43.211969500027806],[5.531293000361035,43.21262550015294],[5.5142270005809415,43.20324000025059],[5.521405000380582,43.21078800038945],[5.512390999414835,43.204508499715125],[5.509375000423853,43.19753050022776],[5.51183299982002,43.20689099970688],[5.517891499795459,43.215478499611386],[5.5066930002107455,43.22684599996521],[5.507080500353355,43.233185000375414],[5.52447150051194,43.235160499980964],[5.526188500385451,43.23752050037932],[5.519641500129123,43.24432700030491],[5.550676999924986,43.24706950006701],[5.579090499887083,43.25689250009085],[5.575293000047493,43.25694349973329],[5.586622000449302,43.266805999571844],[5.5983034998799015,43.264671500050795],[5.615341999985298,43.27012500006943],[5.628393499724795,43.270241000336554],[5.648929499364935,43.266099000336695],[5.6569540001701935,43.26704650002509],[5.679755500334044,43.29427300022048],[5.678981000502005,43.29929549975007],[5.69511000015262,43.30346349955987],[5.696427000472382,43.310014000164145],[5.691042500343642,43.312958499733476],[5.696273999598678,43.31424649956766],[5.726597499598321,43.317358999890914],[5.749840000197356,43.28927099991195],[5.76425300012258,43.28198199966692],[5.772812499807264,43.2892465004152],[5.772855499481303,43.30189900014125],[5.7791155005117565,43.31428250000126],[5.779000500493769,43.33063850031471],[5.8014654997051,43.3378520001484],[5.817584499593024,43.33945349985385],[5.831317500182851,43.315469000028315],[5.844031499720913,43.32718949976514],[5.853909499569473,43.33037950029579],[5.864105999913231,43.3286380004183],[5.88147599953466,43.320197999853],[5.893346499794504,43.32429350027868],[5.903936000234852,43.3150339996476],[5.933131500531493,43.31803300012241],[5.959017999785422,43.33896050027207],[5.95461849948115,43.34482050022008],[5.9549179994396875,43.35503800014047],[5.962338499559814,43.36340649997936],[5.95650749941507,43.37206500040143],[5.880321999505329,43.37132749964769],[5.866513000625329,43.36014099975817],[5.8433645005581605,43.359197500221775],[5.80633899986775,43.34741800009849],[5.761581500515408,43.34111600017556],[5.756303999941925,43.344076999693186],[5.73657800004691,43.34101699989803],[5.708181499441264,43.34952799966635],[5.703465499966216,43.353588500335995],[5.7050274997605985,43.355915000319975],[5.694606000021782,43.363947500002624],[5.69014700044105,43.3888519997108],[5.681105000321177,43.401522000110056],[5.644175999706682,43.40056399982297],[5.627784999897172,43.40982950004939],[5.610462499956411,43.41189949993741],[5.6045770003278585,43.43185249966257],[5.597874499708341,43.43941799993668],[5.587465499680039,43.44270699983911],[5.591172999780768,43.45258199955547],[5.609864499903694,43.45940049966359],[5.611253000396322,43.463553499864865],[5.595953500185575,43.470590500394316],[5.593183500585834,43.46471949961095],[5.585511500497601,43.47098800006213],[5.584726000006875,43.47589550030603],[5.576959000457707,43.47398099982085],[5.576635999455742,43.47829899988547],[5.5714025000867515,43.48051399977983],[5.5622025006001055,43.47892899964718],[5.559475999370301,43.4821270003166],[5.555779000188128,43.48039050036593],[5.529999500310252,43.48327150020171],[5.522284499992336,43.47512949994935],[5.508720500382914,43.47168999958361],[5.509592000199654,43.46972900042312],[5.495052500344256,43.463294500156245],[5.482124999433052,43.47053450018569],[5.482574000229951,43.48087299959928],[5.476164000255331,43.48774699965414],[5.468072000130535,43.48906199963917],[5.455528500592953,43.47736999964029],[5.442037000596843,43.47291550005531],[5.4486750005167135,43.465217499791194],[5.44342450031008,43.44973300013465],[5.450588000264972,43.44286700006958],[5.44962349952306,43.43852449962549],[5.466123999653569,43.42882050005736],[5.472342500398721,43.431992999728706],[5.482863499821281,43.42937149994563],[5.490993500612048,43.43198600003836],[5.502242000530849,43.42793900043258],[5.508218999972348,43.43033699988119],[5.518818000593428,43.42886150007835],[5.529476499986645,43.44014749978089],[5.536049999954862,43.41906400044399],[5.528046499579383,43.416894999703096],[5.518109499516255,43.40693999998837],[5.513015000051023,43.40616450001368],[5.514179500239713,43.40201499958624],[5.504455499661783,43.3880885000548],[5.513092000028857,43.382421999884784],[5.516909499557158,43.386537499538726],[5.544671000469257,43.39079199996016],[5.557387500247049,43.380594999816346],[5.5656900000220775,43.35667400032689],[5.5580065001739545,43.35167049995649],[5.558071999782925,43.34603800030225],[5.5459790002943,43.34480249984806],[5.548461499885426,43.33582249972112],[5.525883000212802,43.32176150002617],[5.51361200007097,43.32186500002495],[5.499979999704296,43.315118500294865],[5.475101499429396,43.3147285000991],[5.4549630000901494,43.3357220002211],[5.467654999450093,43.340072500302966],[5.4747010002397385,43.34613550042975],[5.472568500267188,43.36912099958474],[5.480226999952804,43.38383250019418],[5.478535500447113,43.388338500244515],[5.468001500360876,43.39261700001037],[5.463612999919322,43.38719850002256],[5.456873500243694,43.38989599981441],[5.447501499846304,43.386970000397284],[5.438724500232788,43.390904499631354],[5.424574999820509,43.38341249956331],[5.407686999977964,43.390949499688325],[5.406878999395934,43.39580849988622],[5.396419999839731,43.4011224999624],[5.392721500374922,43.41649700037419],[5.379289000507125,43.41463649992938],[5.374867499716006,43.42002499994102],[5.3914150006014285,43.43363400015049],[5.387537999852487,43.46190299963046],[5.37316549986622,43.47222299986568],[5.365700999433286,43.47276999960119],[5.360032500601512,43.48038050011002],[5.344939000365257,43.482253000072895],[5.335011499502558,43.48891550042486],[5.321689499712113,43.485110999913886],[5.319977000421699,43.4771700002103],[5.329336500448723,43.46132350001842],[5.300999999421654,43.44611250019466],[5.296792500171375,43.458979499945976],[5.298750000410574,43.4629079996726],[5.294086000311801,43.4610414997254],[5.286558000054111,43.46770500044499],[5.290244000136559,43.46943799979154],[5.289165500191462,43.476953000180906],[5.2863670000104355,43.47775549994028],[5.286109000470557,43.4754335000815],[5.279455000013104,43.48481799959658],[5.27393050054206,43.485227499648275],[5.272945499511136,43.48079499962329],[5.271653999440691,43.48567499954867],[5.2589710001807894,43.48387350034129],[5.249091500284903,43.47438600029356],[5.240814000259039,43.474560500209265],[5.239115499847491,43.47727100041822],[5.223418500032337,43.47912250022013],[5.218746000636121,43.487973999625666],[5.205583499880065,43.49200299993662],[5.187103000402772,43.48454249966321],[5.169358000199673,43.47036000018694],[5.163451499803616,43.47077600001834],[5.153710500105592,43.45976299996901],[5.161248999698868,43.4621825001536],[5.15453349991753,43.45492149992955],[5.14151099991021,43.45920800032412],[5.141605000551125,43.46515000009356],[5.132514000140173,43.47163549968323],[5.123943999949494,43.48432100025293],[5.113044000300333,43.50656200038583],[5.1130539995068975,43.51084250004009],[5.118072000476811,43.513211499669765],[5.1137450003965474,43.52302799972415],[5.105088500314883,43.52598450000431],[5.058695999975404,43.52787399983581],[5.044875500244891,43.5205059999044],[5.042977500477187,43.52793599985021],[5.032700999900422,43.5375090001439],[5.033045000202623,43.545063999964036],[5.023663000054735,43.549830000094495],[5.025685499735094,43.55208149961722],[5.021993999563672,43.556156000295296],[5.033159499667403,43.55798250003744],[5.03822849986335,43.56808949961986],[5.045433499600598,43.56928850009934],[5.050013500156111,43.56134600043078],[5.062628000427429,43.55845200016108],[5.056690499704308,43.573160499639336],[5.046669000579113,43.57922900030185],[5.047297000039568,43.58777399958644],[5.043114000034746,43.59346799983125],[5.065973499491238,43.59217549959747],[5.078691500620222,43.597269499781476],[5.089275500522028,43.59655599993978],[5.096089999460134,43.5988720000198],[5.097489000157558,43.60288899959647],[5.086739999830082,43.6170770003173],[5.087149499909743,43.624548999721],[5.049970500534595,43.63110149993669],[5.012547999635611,43.64294750022968],[5.012231000209776,43.62917950036874],[5.003633499957337,43.62271950018416],[4.988594999911037,43.618044500037286],[4.954132499853967,43.63900000011397],[4.982713999777947,43.68097899988364],[4.979216999629437,43.705256500251025],[4.981863499778305,43.71787399971633],[4.958677000443,43.72127350025545],[4.953524499836732,43.72831950038089],[4.917467499810734,43.73750300020721],[4.929749499557245,43.711929999571005],[4.922249000525225,43.69801100046153],[4.932815000228809,43.67057650004943],[4.899412499506772,43.67103200027048],[4.876507500155139,43.678722500016725],[4.841003500425951,43.681464499570644],[4.800158000597318,43.67842799992711],[4.767175499845394,43.68813300028952],[4.766793500580452,43.69224149994773],[4.7589790001987975,43.69199749983282],[4.7586284997025015,43.69584900038345],[4.714050999706635,43.69829649983446],[4.696306999573328,43.70216199960051],[4.684406500047556,43.69495749980632],[4.666862499887211,43.6972395001619],[4.669154500610232,43.70753849975563],[4.659699999896771,43.70735549971445],[4.651084499543189,43.71211349980324],[4.679768999567182,43.728611500057994],[4.695635000441576,43.73264000047328],[4.7139579999862855,43.732758999673635],[4.72152500006937,43.74493949967353],[4.733390999503526,43.754151000181295],[4.706563500379458,43.75892650023386],[4.709361499727589,43.76597249960749],[4.705570500053702,43.76641000017038],[4.703729499871049,43.77402000034285],[4.697492499798741,43.77628450012645],[4.7117544995575456,43.791034500167235],[4.713740000052151,43.817194500221376],[4.729750499738055,43.817666999549765],[4.732031000228233,43.81985649993729],[4.7445899996478085,43.8154384996074],[4.751175000409242,43.817522000101526],[4.764506000080913,43.798467999655855],[4.783126499431838,43.806755500335186],[4.80290199954202,43.8104160003242],[4.813135000541472,43.8171069998854],[4.8164890005959515,43.82571250012181],[4.826667500380925,43.82210750012549],[4.8361340005646944,43.824921500453264],[4.844170499460209,43.82274599956424],[4.866772999542607,43.82625400001622],[4.868539000588861,43.829835999792195],[4.880292499846256,43.82124150022955],[4.907721500126723,43.818238499905064],[4.909728999531312,43.80301799984325],[4.915098500102957,43.80339450016634],[4.934701000460773,43.7956120003883],[4.937106999680686,43.79117500013082],[4.9446680004677,43.79134550045581],[4.945583500607439,43.78687299977516],[4.966813000137906,43.79193549999594],[4.981584999957147,43.780010999602524],[4.997713999617898,43.74897000033646],[5.0301760001411955,43.7518605004555],[5.045110999930389,43.74601799986984],[5.063180000368331,43.721541999920724],[5.069746999646342,43.73094000029976],[5.097322500246745,43.72460899978402],[5.1165914998941435,43.708252999585525],[5.122803499376819,43.71034250013623],[5.121871000127297,43.716625999810496],[5.127913499992459,43.72573450024155],[5.123784999497981,43.75874850007325],[5.187975999867135,43.73509949969961],[5.229298000158109,43.74755649998011],[5.2641049993975235,43.7442284998552],[5.262270000113225,43.73094800036746],[5.2761520001998345,43.70553049983535],[5.275214499786916,43.69711499953917],[5.288323499859786,43.689434000193636],[5.309825500537486,43.69305699994241],[5.31119549962602,43.701212500124875],[5.315599500131053,43.700237500332335],[5.3212374996470215,43.706198500275214],[5.332024000305455,43.70999050001899],[5.337293499819829,43.709960500051665],[5.340545499460429,43.70651650027461],[5.347010499458561,43.71279750007047],[5.35550749943997,43.706240499901156],[5.373475000506432,43.708296999788764],[5.439241999687716,43.68110800016587],[5.531450499513928,43.65900700042065],[5.574793499870693,43.66206349955935],[5.606943499680096,43.65868599982535],[5.613600000331337,43.66373899990944],[5.642949000234974,43.67254649999309],[5.657519499911075,43.68575950034092],[5.67187099977293,43.693035500322885],[5.682822499639583,43.69282699955418],[5.690595999463832,43.68405500018616],[5.699819500262452,43.68290599973673],[5.702936000156222,43.67938100043486],[5.719869999883605,43.65663849961066],[5.720754000014766,43.64913649973938],[5.744801999384639,43.65678200032414],[5.770547500604557,43.660986999922265],[5.799208500552542,43.65992999959297],[5.807935499816868,43.651777999552465],[5.805330499829906,43.63708849980066],[5.808937499468232,43.624635999810735],[5.830998999694547,43.615668499889345],[5.827842000354305,43.604146000075744],[5.83008749983484,43.58943649985188],[5.822692499834023,43.58812699954582],[5.826291500362818,43.58180400025953],[5.827680500192139,43.548247000194976],[5.840376499492399,43.542897499634236],[5.861348000260674,43.54364449995627],[5.881996999744407,43.53975700029292],[5.896987499794806,43.5390119999851],[5.915741999449486,43.560515000369065],[5.90873800027888,43.56256499991086],[5.911584000032692,43.601931499695],[5.899736999780742,43.60492250006594],[5.8949729996067015,43.61034300011201],[5.898780000373086,43.61797300045486],[5.931597500482971,43.621304500028344],[5.940523000377283,43.618093000191486],[5.947780000461014,43.620252500249215],[5.963124499440343,43.61556450015438],[5.963831499905297,43.61811400007091],[5.978408499799681,43.62219499965404],[5.997594999701046,43.62356249981711],[6.004939000100837,43.62913500030938],[6.029226999810402,43.6256450003275],[6.057148500455358,43.61693200021217],[6.064431499768938,43.60137599984561],[6.065524000113109,43.58624850020957],[6.095025500123189,43.56450400003787],[6.111143999981828,43.56162100026232],[6.117152499599607,43.56358799953475],[6.120462500332681,43.559198499920385],[6.143494000126187,43.55594149962154],[6.187202000294706,43.53610450010978],[6.19279900026019,43.56071600005236],[6.18897949983521,43.59270749957213],[6.196973000345941,43.5975690002547],[6.230785999906407,43.596095000097954],[6.243837500105384,43.59087250019372],[6.245321500385188,43.587031000396145],[6.267071000303254,43.59438499978023],[6.312848500176923,43.56399400028448],[6.325856000270646,43.562057499707976],[6.3383979994452195,43.56426599982229],[6.347605500309545,43.580482999679916],[6.357253999895351,43.58477700044556],[6.391554999638866,43.5705814997936],[6.400405500008112,43.558593999935255],[6.422315500196102,43.56266300033071],[6.428750999752885,43.57077149993831],[6.441888000360225,43.572549499855235],[6.442643999389206,43.5763550000296],[6.439446000069971,43.57750199959866],[6.452367499505595,43.58879150002668],[6.463868999739928,43.59202499988681],[6.483494500324505,43.59338050019829],[6.487314999408292,43.596535999650705],[6.513997500404145,43.589693500048725],[6.521198500540312,43.608532499627756],[6.542304499382514,43.60617450014646],[6.545444000604639,43.597852499812575],[6.559294999993951,43.59120999979813],[6.561383000452249,43.58730299998088],[6.575414499656065,43.58583450002432],[6.59648449979076,43.58841800017712],[6.61438450012736,43.580402000014715],[6.615761000561463,43.58836699957122],[6.6267834998024995,43.59250250016033],[6.626332000299236,43.600001000318855],[6.619236499579563,43.60563750024647],[6.605466000492054,43.60651499971727],[6.600723999997305,43.61052850005545],[6.599436500391119,43.61931899990255],[6.592773999846757,43.61821349983618],[6.586804000213495,43.63718900038968],[6.571069000291155,43.642713999978234],[6.576692499438206,43.65288749973499],[6.56094249972923,43.656628499649116],[6.542802000514799,43.656452000361895],[6.526889500269011,43.66226300039981],[6.525558000173249,43.67686950009931],[6.534602999457721,43.680137499672604],[6.540303500230456,43.67821449973841],[6.543555999700279,43.68296699982001],[6.548559499840569,43.67732649977216],[6.55717900024548,43.68772900013437],[6.564572000110389,43.686055000176346],[6.563222000153257,43.691427000114366],[6.567126499410247,43.69573949963333],[6.562979999552251,43.70824299996733],[6.571407999504269,43.7079315000626],[6.587261499564818,43.70021599957564],[6.63792700031485,43.69388549993913],[6.635896999741583,43.684026500173786],[6.641978999433683,43.68113899988467],[6.643066499608449,43.67636050026229],[6.668384499529097,43.66433249971525],[6.680192999642478,43.65428050016028],[6.675576499766187,43.64706650041796],[6.665309499509732,43.64507400009639],[6.66211000001942,43.6094124997612],[6.666720499709026,43.60454699966067],[6.659779500312327,43.59255550005796],[6.652583500331777,43.59075499997039],[6.650643499834242,43.58456749982919],[6.636842500153098,43.58482099969607],[6.641744000052157,43.566064999663475],[6.663588999387943,43.569783000185026],[6.671584000026882,43.58606050040355],[6.6796715000717946,43.591613500092826],[6.695598000440778,43.585644000191365],[6.6992445002608685,43.5777465002816],[6.714980999514196,43.57659650002569],[6.731886999423958,43.552056500302655],[6.7445305000653555,43.55792250026963],[6.753537500226539,43.55562850041914],[6.753485000331429,43.55124900045212],[6.772296999752066,43.54872049963408],[6.777794500503317,43.54016749992359],[6.7721255001431215,43.527231000441226],[6.785710000398651,43.518174000280595],[6.808416499855551,43.512905999923085],[6.822976999607786,43.521303500310786],[6.855791999578978,43.52446100035773],[6.863042500407777,43.531872999816606],[6.869405000579132,43.5331550000021],[6.8799239996183355,43.53223550037224],[6.87920449957413,43.5284759996137],[6.89646299988397,43.52737849974474],[6.895366000482529,43.51858500005127],[6.884229000380255,43.502536000361715],[6.892913499704847,43.50101699961542],[6.900031000568884,43.495360000336795],[6.912657499519542,43.49368149973184],[6.913812000213575,43.48276649997264],[6.933157000057394,43.47842400012981],[6.930829500422336,43.47468800001638],[6.924060499716319,43.47351850000385],[6.922773000408747,43.46964749992242],[6.92608350044238,43.46839050011237],[6.920261999716781,43.45713349995086],[6.923762499994172,43.45671500021444],[6.920722999699019,43.453323999588314],[6.923968499951658,43.450494999677616],[6.898991999485467,43.441904999927374],[6.899425999437943,43.43944699997792],[6.892557500216572,43.43697400026133],[6.896525999905056,43.43375449984823],[6.8916690001761465,43.42845049974567],[6.87081500007384,43.42509999995136],[6.867812999938208,43.43274200038814],[6.8577210002746725,43.43179749996228],[6.859735500232869,43.42820250009404],[6.856333999989806,43.42486199973567],[6.861058500406089,43.42197249962482],[6.856039500347215,43.41112950027525],[6.829068999560942,43.41846849967645],[6.809499499417451,43.41311700038972],[6.797630500564365,43.41386099964876],[6.788756999976669,43.407720500026265],[6.782232999682455,43.40892599963953],[6.782132999788846,43.41257550031538],[6.763974499844605,43.424420999960695],[6.746863000199116,43.41887650001658],[6.733312000446726,43.405299999641336],[6.728332999664515,43.39301050014497],[6.732577499871754,43.39009200027851],[6.721588999682784,43.37986199955707],[6.721703500255762,43.375729500357394],[6.714092499767495,43.37219699986795],[6.713093999538523,43.367053500019146],[6.719313500096242,43.35739499977083],[6.712826999602083,43.35241149981121],[6.7158395000852735,43.35211800010269],[6.716057999465138,43.34674599954962],[6.6943829997134285,43.33983199979482],[6.688925000437196,43.34216799964495],[6.68093000037704,43.34080750027119],[6.671926499765975,43.33587899986982],[6.665147499457565,43.32496550026845],[6.671304500216431,43.31264949963913],[6.659236500408757,43.31391799981116],[6.642391499547464,43.30541500023103],[6.635453000316706,43.30770800017749],[6.627461000108551,43.30382450000152],[6.624313499533484,43.2960129997578],[6.585208000362458,43.279514000160354],[6.58508949941133,43.272075500000476],[6.582900999604769,43.27561249985337],[6.578252499590264,43.27477949961494],[6.578710000323506,43.27188300005921],[6.5756029994479785,43.27364800023739],[6.574039499683779,43.27045300008399],[6.577340999481731,43.27160299978778],[6.575869499431116,43.269060499955074],[6.577889000288342,43.26842449981909],[6.5799374999296525,43.27081300017907],[6.587918500285418,43.27064249993728],[6.589601499775164,43.267040000196054],[6.588057999490471,43.26904250043092],[6.586675499787995,43.26657149989025],[6.581577499562976,43.26777200026723],[6.594218000061017,43.262185500125355],[6.620755499405632,43.26420049978579],[6.640171500443916,43.27435799967437],[6.664252499658098,43.26460800024056],[6.66953150059137,43.26846299999326],[6.669158999806892,43.27609099957295],[6.678047499823406,43.27881000029599],[6.69762999968226,43.266471500194264],[6.691066000356295,43.25234799970933],[6.676760500294503,43.24470199977838],[6.668626999453362,43.245552500225514],[6.663641500117213,43.23804150034504],[6.664349500157275,43.21182649962933],[6.680947000423097,43.199332000257904],[6.675719500412027,43.19525100014604],[6.660024500356056,43.19621699999574],[6.643105500096558,43.18708949990953],[6.639803999448753,43.17369699956726],[6.646706500515544,43.167706500125554],[6.638962000511849,43.17214699998909],[6.632780499546624,43.171846000228946],[6.622221500498317,43.16444950018556],[6.621123000139695,43.15778099973409],[6.614498000169169,43.16537499957437],[6.61004449978543,43.16550199967949],[6.608299500227359,43.17228350038853],[6.602771000356754,43.1741595001691],[6.601798000558778,43.18208850007842],[6.5614520000715615,43.18905650023193],[6.548491499431985,43.186029499890495],[6.538285000366427,43.17996949964674],[6.534171000465056,43.173139000309554],[6.539762000191034,43.16855649965746],[6.5346600002238455,43.163340500153815],[6.524197499827912,43.1659889997659],[6.5093959994927975,43.158513499716015],[6.508474500018036,43.15512150018756],[6.501243500264106,43.15557349969808],[6.492947499485944,43.1502900000808],[6.490137500452536,43.152734000187316],[6.501285499376115,43.18143050025915],[6.479111500479255,43.17297500029831],[6.478270499596875,43.16881550037274],[6.452138999420002,43.172024500100825],[6.444320500077299,43.18120500022785],[6.44962700028919,43.19257150016074],[6.454067499662198,43.19483050016765],[6.451129500402514,43.20761949985104],[6.447972000293158,43.2083615002018],[6.4330645003378,43.20111299964632],[6.415960000160285,43.19995899982504],[6.416394499804407,43.18405049979069],[6.398943499758476,43.16814949986054],[6.37434249964474,43.16631499963654],[6.360537499713787,43.14626349954889],[6.365048000211006,43.14640700003768],[6.3647959997314665,43.14427400040606],[6.355872999875581,43.14455499994355],[6.358150500517256,43.139383999595054],[6.3519535003047825,43.138849500206824],[6.349097999905776,43.13055949964331],[6.364282999638863,43.125872499767226],[6.365955500411095,43.12152500024857],[6.366527000400993,43.12546999973086],[6.367567500228685,43.12349750017343],[6.365116999997605,43.1198920002774],[6.362404499916235,43.12165849959474],[6.359578999512278,43.118148500292754],[6.364074500628237,43.11078249974821],[6.359199500252395,43.10586449962284],[6.369290500595626,43.102346500158205],[6.364017000487257,43.093297499816586],[6.370831000156468,43.091385499597145],[6.365119999599443,43.09046650018524],[6.364478500112752,43.08638900001874],[6.345162000540911,43.090819500030115],[6.331909000092003,43.0894435001437],[6.329506500482249,43.09304999993364],[6.321589500292157,43.09143749989562],[6.324836999968529,43.098620999663865],[6.3167320002174545,43.10620850004123],[6.309305499585688,43.10836449966543],[6.298154499476843,43.10618600024602],[6.296136999529146,43.11021850034589],[6.289391499470086,43.10676150005389],[6.286267499939857,43.11061899971468],[6.288223499497338,43.114243999898356],[6.279915499572018,43.11592550003114],[6.275005000195437,43.120783999911566],[6.262295000269163,43.121142000163076],[6.239523500497702,43.113284499770444],[6.20162549937691,43.11608700035773],[6.170519999417771,43.09979899957335],[6.154950999527447,43.080107500263026],[6.149467499570523,43.05659449972155],[6.152109499976625,43.03722600021225],[6.173001000487572,43.03240499994135],[6.148825500109147,43.025938000238426],[6.137009500018648,43.03043250040331],[6.134058999721733,43.03625749999225],[6.126965499529382,43.03577949988616],[6.12420049972179,43.031767500249],[6.11305250005901,43.0352549998082],[6.10707549952956,43.030097000063975],[6.103257500427336,43.03076150013002],[6.103178999845105,43.02751749987523],[6.100026000025486,43.02915699968451],[6.0973190000746795,43.02713000042502],[6.097652500072959,43.03261350045146],[6.091038999752633,43.035723499692295],[6.094034499957296,43.04048399969593],[6.105190500209213,43.04214299958528],[6.1193674998504015,43.03900749992943],[6.125561500239103,43.040911499895756],[6.131672500402568,43.048052499681766],[6.133058499404031,43.05643049976186],[6.124885500614205,43.0789169996475],[6.113993499854292,43.08365449986486],[6.0997750000325635,43.083319000206934],[6.078782999409946,43.08771399993302],[6.074665999593968,43.08384600014992],[6.057436000172703,43.08247599991139],[6.051257499984834,43.07893949973399],[6.021243500258949,43.078491499676076],[6.016801000374196,43.08327600042734],[6.024807499673009,43.091617499999025],[6.018233499662512,43.09876849989192],[6.013613999802299,43.09851350014967],[6.00625499971918,43.103981499609134],[5.9941620003647,43.10527599988033],[5.991760499613931,43.103234999544874],[5.979058000060392,43.10653699972862],[5.987207000229281,43.124516999749396],[5.985134999654513,43.13352649960956],[5.977547000509665,43.1351474997128],[5.980179999442144,43.144426000114755],[5.974817000355334,43.15061300045589],[5.956411500202592,43.156508999818804],[5.953047999636281,43.16300799974649],[5.9709565002171345,43.16797000032779],[5.985240999755891,43.16399550035205],[5.990713999760125,43.17363349955559],[5.996179000483962,43.16481099987602],[6.012570500257327,43.16117499996916],[6.020073999453267,43.166107499937276],[6.031569499976315,43.16793349968547],[6.031864499563279,43.17864500019369],[6.052198000366441,43.17302349958449],[6.060810999434195,43.16805599984758],[6.0637684996173755,43.16002950013261],[6.073789999499659,43.15901600005074],[6.072034499982908,43.17038250031652],[6.067756500567815,43.173770000381786],[6.058091499611673,43.17273850028916],[6.050935500388672,43.18144149956789],[6.046349499763614,43.179117000410464],[6.028450499908355,43.19839750001331],[6.027500500510097,43.2019924996335],[6.03153749990265,43.200504500234246],[6.0372889995679335,43.20486699986289],[6.038002000523108,43.2155640003883],[6.0332609999716516,43.21851599956354],[6.035295999909265,43.22034750001388],[6.018136999503052,43.231042999880685],[6.024607000349144,43.24648350034671],[6.015942000271601,43.248998000445425],[6.016815499757216,43.256895500220956],[6.002337500541061,43.257127500395384],[5.994731500190966,43.263567999663934],[5.985943000528825,43.25078800045496],[5.970689999618265,43.248354000323346],[5.970241000493337,43.239895999636246],[5.945269500102945,43.23857900038638],[5.929259999820334,43.23044449955283],[5.9395869997373865,43.215969499626276],[5.934539999699973,43.20338350038191],[5.918423999664455,43.190197500235016],[5.900127499635538,43.18276550022917],[5.902227000157237,43.171435499764314],[5.890042000583275,43.16096549983261],[5.890781499625406,43.163189500096614],[5.886679499670569,43.16341549991087],[5.882192499818158,43.160397999569234],[5.885707499990479,43.13452450027608],[5.882567499819031,43.13957399970582],[5.879928500529328,43.13340200037149],[5.881763999568798,43.128116499647355],[5.885816000455341,43.1299249998869],[5.8873365004579785,43.11614499980266],[5.8804409999069565,43.11919400030025],[5.8492139997004235,43.12147950019084]],[[6.182261500181658,43.435238500246925],[6.191315500275198,43.4424549999663],[6.185944500533108,43.44741599995064],[6.140569499714283,43.443636999816704],[6.136551499969118,43.44859199968045],[6.112363000117286,43.44078299975214],[6.107919000308356,43.432926000238595],[6.1268614997625095,43.421615000305636],[6.139818500402562,43.42212450018725],[6.135702000290144,43.41848100004295],[6.149847000310594,43.41552600006411],[6.175156499890039,43.41786600020339],[6.182261500181658,43.435238500246925]],[[5.527411499896099,43.52652100030774],[5.532570499761386,43.524870999833965],[5.5271944993922215,43.521202500195976],[5.528874500155809,43.51437699968486],[5.534155999383069,43.51210400023652],[5.531689500140636,43.50547750025456],[5.551973500455759,43.49905949986559],[5.562051999682366,43.50426149994818],[5.589753499576802,43.50142250012215],[5.618009000093671,43.505044999751405],[5.635948499618458,43.51449549958768],[5.638300499606497,43.520130500033154],[5.6355535005372,43.5231409998497],[5.622650000452403,43.52484099979667],[5.61853750057687,43.53167100035043],[5.589258999821476,43.5294165002243],[5.575275000583441,43.53174699965196],[5.5667329994052075,43.53844600042593],[5.552227500208522,43.53918800013339],[5.545806999705798,43.53415300001113],[5.535205500498523,43.54031200006177],[5.525888999612223,43.53801099967331],[5.527411499896099,43.52652100030774]],[[4.772854999541871,43.78237349978272],[4.767546999910346,43.79622699992375],[4.754460499984096,43.78998649974934],[4.759054500057227,43.78122649980452],[4.772854999541871,43.78237349978272]]],[[[6.510687499762146,43.04748000000357],[6.5038200001024835,43.04155749961976],[6.48770050059148,43.042021999914894],[6.4889415002036674,43.039499999957044],[6.485407000085858,43.03998799965798],[6.480239500106432,43.03004099978751],[6.472898000335583,43.02513450009143],[6.471025000314728,43.01663350034011],[6.459829000418706,43.01349450022873],[6.451840499846096,43.01801999978991],[6.438008499793193,43.00333950000984],[6.433766499465629,43.006920999903606],[6.434002500384081,43.02025200016699],[6.440710499823592,43.02509549996196],[6.457957499613782,43.027617000303],[6.4683244994075935,43.045308500091735],[6.475874000007614,43.048813000121946],[6.483740499435401,43.04698850014016],[6.504914499819908,43.052966999564646],[6.510687499762146,43.04748000000357]]],[[[6.411696500211552,43.00925649959839],[6.420614000554196,43.01384599968775],[6.417704000237118,43.007192500375986],[6.40265399996532,42.99349900029286],[6.3951325004990265,42.99300250026611],[6.387202499785654,42.99820450024704],[6.372597499448074,42.99561750032158],[6.370106999733778,42.998733499613856],[6.36904999968204,43.00219150010691],[6.3732159996738025,43.001997999974],[6.377078000192923,43.007448000019735],[6.383229999383703,43.00673000016476],[6.379893000284888,43.010183499598526],[6.383336500282941,43.013840499760946],[6.391102499987728,43.01148700022024],[6.408793000312079,43.01986449974234],[6.408905000348974,43.01692749980051],[6.414275000254923,43.01556350038896],[6.411696500211552,43.00925649959839]]],[[[6.363832999845586,43.0039979997152],[6.3600230002405835,43.01508800037798],[6.3628264994347035,43.018365500125384],[6.368283000296805,43.018213500279856],[6.363832999845586,43.0039979997152]]],[[[6.252436500187484,43.0044350000044],[6.245812000507028,42.9969150000906],[6.237426000560483,42.99738299956882],[6.219636999850983,42.99178799972638],[6.220059499440888,42.98970450034116],[6.21566750025262,42.99106900003551],[6.2056899995146155,42.981860499934626],[6.195908499705214,42.983419000151486],[6.197282500362463,42.987651000349366],[6.1937770003413855,42.99038500016797],[6.1788824995887195,42.99355649985159],[6.17718500059785,42.996944999878146],[6.172493500392686,42.995485000228236],[6.169274499460324,42.99978249992434],[6.162709500447979,42.99797549964751],[6.16087449991573,43.00097350023413],[6.167478999497889,43.00061100022612],[6.170104999517115,43.006201499930555],[6.179656500484868,43.00866450010473],[6.185752500094102,43.00800550015202],[6.188251499800133,43.003958499998575],[6.19372049951273,43.00583850008524],[6.199636999952046,43.0004985001227],[6.2039160000846865,43.0030964996613],[6.210667999665355,43.00218700024654],[6.217670000225377,43.00897500009699],[6.217231999495019,43.01358750012636],[6.228284499420532,43.009732499615346],[6.234055999760702,43.01169849979557],[6.2419624996182295,43.02655750009376],[6.2420044996846045,43.02246300035927],[6.248798000441407,43.01654900024381],[6.252436500187484,43.0044350000044]]],[[[6.143730500569445,43.015245499735194],[6.139690000331242,43.0194004999678],[6.140268500302826,43.020729000062374],[6.148239500580422,43.0187464999369],[6.143730500569445,43.015245499735194]]],[[[6.021736499907019,43.66828199985768],[6.011616000009053,43.67415050010371],[6.005739500114852,43.68763149964296],[5.98777450030419,43.695419499566384],[5.984482999844958,43.71664949987358],[6.0006895001920855,43.726765500104],[6.021042999653941,43.73141999962863],[6.041263500578257,43.74085349972262],[6.0629274996456655,43.739597499998624],[6.06464299991485,43.74185000006569],[6.071497999737082,43.736477000424365],[6.08283050000031,43.73687799969107],[6.091648499758376,43.72793299998397],[6.088054000447932,43.718185999953896],[6.077058500628301,43.70719249972696],[6.0351349998298,43.69406350010094],[6.039454499778852,43.678645999988255],[6.021736499907019,43.66828199985768]]],[[[5.757337499539203,43.72940450027563],[5.745873999785802,43.74290199971791],[5.716589000275562,43.7557135003603],[5.713552999742983,43.78111750022954],[5.704962999849692,43.77953749976716],[5.684320999466609,43.7887360002218],[5.674482999754606,43.80735749969232],[5.6564369997073,43.81937350024986],[5.654448999881524,43.82511199967647],[5.658189500176796,43.82959550029743],[5.650781000328824,43.84409149987911],[5.695619500322936,43.84804050026799],[5.705241500101076,43.844242000291445],[5.7214445005110015,43.85016249961166],[5.727152999481064,43.84539499992814],[5.729056500123673,43.852497999788454],[5.742077000099055,43.84733949992283],[5.741754999454721,43.85919150033294],[5.749546499517168,43.857020499549456],[5.757695000350286,43.86348549983564],[5.75568400044829,43.868732000009324],[5.760348999825092,43.87823099988191],[5.77539349966052,43.88391600033752],[5.783259999567304,43.873889000322876],[5.799637500027022,43.880324500403155],[5.804617499939083,43.87814949967415],[5.816730500115796,43.887237000303294],[5.811480500335076,43.904742999782904],[5.821418000408227,43.912948999788554],[5.822649499655936,43.92124250040788],[5.843003999691343,43.92063499958914],[5.851861000582797,43.91670199969127],[5.867635499703091,43.917926999540114],[5.8762799999248605,43.92180350043671],[5.889608499774179,43.91001650029793],[5.884563500363184,43.88430600013406],[5.852214500440011,43.83483100017252],[5.82651250021258,43.81157750045562],[5.824156500534341,43.80448450007339],[5.845280999887741,43.79667700029988],[5.875135500239449,43.80732299963733],[5.891905499449809,43.80585749964116],[5.897600499495502,43.80117149967969],[5.903002999799554,43.80311750000086],[5.917082000162731,43.80137550020174],[5.925042999781729,43.79422899954577],[5.935791499550285,43.79290100007132],[5.9380909994102415,43.78881099973156],[5.960254999512896,43.79549599966963],[5.963129999770769,43.7926560004027],[5.971530000178099,43.79464249972621],[5.976602500203125,43.79839549978411],[5.99010850004322,43.800533500155744],[6.002030000272847,43.80816750017339],[6.0017229997573995,43.80128400043162],[5.9945564997776435,43.796873000139485],[6.000317499964585,43.795512499634604],[5.999156500078247,43.790872499855695],[5.991674499746038,43.790546000157995],[5.981151500101193,43.785230500122566],[5.987632499429339,43.77840699999068],[5.999758999780425,43.775397499830525],[6.00119500049394,43.77147950029963],[6.006661500543837,43.7703589996578],[6.0029944998036955,43.76335599978376],[5.962262499431436,43.76403400032553],[5.93355399944251,43.75593750024794],[5.922656499793246,43.75754099987738],[5.912507000574516,43.75308899987736],[5.902957500620636,43.75343049958489],[5.905655500041178,43.73943000016661],[5.901205999820319,43.73258549973271],[5.884548000155747,43.723918499606555],[5.856201499545851,43.7235839997607],[5.849044000238341,43.71817450013721],[5.84256350027853,43.7368475000827],[5.831169999477,43.74692400005],[5.781344499504958,43.755654499629316],[5.757337499539203,43.72940450027563]]],[[[5.78701750027446,43.07679050035127],[5.789648500046299,43.07995200020528],[5.792221999838656,43.07766599998806],[5.785798499801447,43.07159599965158],[5.778827999711236,43.07010199967422],[5.777402999908192,43.08176650004531],[5.783546499580761,43.081712999576354],[5.781284500239145,43.0787645002003],[5.78701750027446,43.07679050035127]]],[[[5.786996500149244,43.07110750029105],[5.790335500185287,43.072582499646764],[5.792545499505627,43.06936449976554],[5.79051350000059,43.06820700007257],[5.786996500149244,43.07110750029105]]],[[[5.76734549985662,43.07892299969448],[5.76795399965551,43.081917000335636],[5.769637500143,43.080333999744994],[5.76734549985662,43.07892299969448]]],[[[5.745824500055008,43.12858350007652],[5.748508999988224,43.128317999839986],[5.752997999890101,43.12822949956702],[5.749954999500827,43.12660900030976],[5.745824500055008,43.12858350007652]]],[[[5.614819499582981,43.162341000008574],[5.620678999562455,43.15911349963814],[5.619040999889336,43.157311500431184],[5.614819499582981,43.162341000008574]]],[[[5.0578180005780204,43.407624500337164],[5.063779499523722,43.40148499985894],[5.073954500353331,43.3999780001316],[5.1175259999682465,43.40459000005173],[5.124920999938825,43.40017299966375],[5.137266500590371,43.40018550003518],[5.171919500476883,43.41863950039052],[5.185809999988083,43.4052344999593],[5.191236500097228,43.39333750005451],[5.263905999730474,43.40201050010648],[5.271307500159797,43.39116800038316],[5.258328999474355,43.389668500303095],[5.2586155000978625,43.392820499748694],[5.252465999529924,43.39295600041425],[5.241175499719978,43.384926500315096],[5.214275999520678,43.381898000140446],[5.2166960003741485,43.376328999577446],[5.228166499589608,43.36797300006498],[5.230765000173878,43.36117049989883],[5.22754749999258,43.35528899968951],[5.236966999673749,43.34867150026287],[5.237341499977446,43.344142500126615],[5.233308499753837,43.34241150033485],[5.237152000118879,43.33157549958613],[5.229372499548551,43.328736000132956],[5.219844000015951,43.328119500161215],[5.218475500461785,43.33176249974373],[5.217002000187192,43.329409999853695],[5.207866500500906,43.32924050030867],[5.197906000416763,43.33376749986209],[5.196669500166766,43.32997850005809],[5.185619000407755,43.33092900029683],[5.185692999821911,43.33636199964662],[5.1760559994908615,43.33845800037721],[5.170034499985581,43.348653000082976],[5.148303000062612,43.36205399998216],[5.134872999964319,43.36637449975579],[5.102984500529545,43.36233200009356],[5.10281849939507,43.34568600018194],[5.091475999667214,43.33996300005462],[5.087420999429373,43.331117499559625],[5.080607000571548,43.32641849968311],[5.079780500323598,43.330000500379036],[5.070767499813228,43.32850299956918],[5.069810499576651,43.3319529999199],[5.060548999434403,43.33041650016207],[5.0598050002101775,43.3261559999948],[5.054706999668927,43.32799250005869],[5.053914999689954,43.32427199971129],[5.048217500603951,43.32643899963155],[5.050861000133569,43.33155150017327],[5.04514850028427,43.32822499987943],[5.04331549952497,43.331148500128656],[5.039402000237174,43.33069749978486],[5.041470000272733,43.327274000334754],[5.030712499541719,43.33343299991452],[5.018816000600989,43.34218199998083],[5.018044000453663,43.346751000385424],[5.024714499598014,43.34555100003757],[5.021499499651508,43.34950550033929],[5.025693000507935,43.35511999966791],[5.017577500040072,43.35706600027243],[5.0167730001554105,43.35434449955582],[5.0145499998757765,43.36137650005171],[5.017259499735516,43.36238749982271],[5.009531500505762,43.365008000425135],[5.014354000564531,43.369302500458026],[5.008658999733738,43.36903049990621],[5.000733499699793,43.37538600009406],[5.003267500404404,43.37964700024578],[4.990509000264302,43.38562800007605],[4.993846500589683,43.38847699993866],[4.986555999543168,43.392657000066436],[4.9905525004302795,43.39350150015785],[4.990810999986369,43.39669399957798],[4.995786500138297,43.39468749957217],[4.99488400063602,43.39808649967852],[4.9976924996612135,43.39590849996359],[4.99647500017287,43.39917350025075],[5.001067500330816,43.398216000182906],[4.995465500575479,43.404243499989256],[4.989254500156192,43.404613499656925],[4.9878470003554165,43.40217200037828],[4.988212500066813,43.406345499730726],[4.98316199952507,43.403812499703314],[4.984468000279391,43.395763499880495],[4.97382399962484,43.40214100014873],[4.977689500584825,43.407090499832286],[4.971808499832999,43.413807499640235],[4.9734365001451835,43.42834400003218],[4.981693999541779,43.432312999704514],[4.978226999401993,43.440400500130224],[4.9812055002517335,43.445057499757944],[4.9755780000940115,43.45041050023564],[4.980129499469116,43.4630185001209],[4.975901499521874,43.47412800016574],[4.965512499597732,43.47377799998861],[4.958733500158175,43.47795850025208],[4.957979000272573,43.4846500002395],[4.928850499880665,43.51066449991166],[4.880175999616095,43.54157649965918],[4.88969450055176,43.5526644998834],[4.882666999937828,43.578350499922244],[4.884938999682646,43.58798149959335],[4.9208474999507406,43.616301999944824],[4.944811999787358,43.62282200032419],[4.951677000089094,43.612440499942004],[4.978379500130699,43.61633000002836],[4.980088499503247,43.60303650003417],[4.9671499999358995,43.60091450010428],[4.993103499695817,43.579730999888426],[4.9914074998577975,43.5768100004334],[5.007241999676894,43.563583499966164],[5.00114099998231,43.55388099999179],[5.002527000247434,43.55025900015766],[5.008410999883035,43.55220150035661],[5.009872000017303,43.55661149988002],[5.0144469995037815,43.555544000259076],[5.012075999372355,43.54555800013915],[5.015851999789061,43.5274614998507],[5.002449999918613,43.51278399957157],[4.998030500256091,43.50090650017027],[5.003798000095391,43.48604400038865],[5.000591500008743,43.47500000002843],[5.006004999651362,43.4696649998422],[5.037984999495311,43.47064449975094],[5.0518849996005635,43.46356000029878],[5.054251499757297,43.44084950015775],[5.061518000224445,43.42239449988288],[5.0578180005780204,43.407624500337164]]]]}}]}
