{"type":"FeatureCollection","features":[{"type":"Feature","properties":{"slug":"langhe-piemonte","name":"Langhe","source":"https://doi.org/10.6084/m9.figshare.19312094","sourceIds":["PDO-IT-A1189"],"resolution":"municipality","sourceYear":2022,"labelLonLat":[8.02595,44.59242],"scope":"Union of the named PDO geographical areas; not planted-vineyard parcels."},"geometry":{"type":"Polygon","coordinates":[[[7.887279000604358,44.34729100024867],[7.86851400049944,44.338652500456305],[7.865826999799458,44.33239149970241],[7.857773500340756,44.332302000300345],[7.855810000082508,44.33554149991118],[7.843916499969963,44.32782299999902],[7.839158499812708,44.33148399977337],[7.841221000222188,44.33666799982778],[7.834472500496628,44.36002000007307],[7.819776999960919,44.358374499635794],[7.808092499801444,44.363389500244544],[7.801315499621622,44.35494550021822],[7.792824500191372,44.350930999982886],[7.785043999588947,44.357685999732745],[7.785108000060295,44.366815500005536],[7.7732009996305145,44.36953299976972],[7.773003999976208,44.37883999998827],[7.768324999516066,44.37934750022752],[7.764088500165752,44.39066799999003],[7.753215499615226,44.38994900039219],[7.751626500335822,44.394745499749106],[7.744441500552617,44.39743499957333],[7.739423999681549,44.391986999689784],[7.722972999522325,44.40136550020293],[7.710189500508093,44.383893500428215],[7.708338000253882,44.39254000019901],[7.699775000192489,44.39392400027934],[7.6972030005648495,44.39082000004275],[7.691264500077295,44.39142300036179],[7.689346499607838,44.39792549996331],[7.69757650047462,44.40234349995908],[7.697194000177838,44.40580500008863],[7.7015745003209615,44.40587299974144],[7.702139499393641,44.409791000205026],[7.723623500547165,44.42031000039848],[7.721692499395234,44.416485000180835],[7.73569099947431,44.406823000152485],[7.7402370000910885,44.407719500240006],[7.750939000169283,44.40172449993237],[7.7598364995064415,44.41463250021911],[7.770574000390111,44.41573199996973],[7.773737499959315,44.43195999998226],[7.7874634996233265,44.43542899977721],[7.797046500518238,44.43449950041569],[7.81140800027641,44.447744499809275],[7.820901000572049,44.448275499748036],[7.8347439998848705,44.45552999974406],[7.841277500249061,44.45562349993418],[7.807643500239344,44.47916150028957],[7.811885000285804,44.49171949981609],[7.819680499896696,44.491480999988944],[7.825343499857912,44.501298500028675],[7.8479209996114205,44.502082500362654],[7.851998499589115,44.51481750043948],[7.871017999497191,44.52658950020735],[7.875475500614067,44.526273499979055],[7.895657000384531,44.54212500011379],[7.898418500508227,44.54837400009038],[7.910479000019747,44.551096499596],[7.900227999820394,44.562260499579175],[7.903003000268788,44.56662199988424],[7.9114424994881185,44.567656999965315],[7.900799499579055,44.57416350010009],[7.893388500346134,44.57581949961669],[7.872505499610014,44.56890350011822],[7.864676499971183,44.573278000303695],[7.861075499764621,44.56998300043141],[7.850004999712534,44.56970999963903],[7.841594500268292,44.580855500450504],[7.827566499870776,44.57943399974331],[7.808577499963516,44.60254900040733],[7.803404499800545,44.599694999611124],[7.788537500497542,44.606978499624546],[7.788348000497769,44.616618500092734],[7.812304000541218,44.637089999933316],[7.808405499996878,44.64481399971422],[7.799018500321698,44.649059500099646],[7.782945500381392,44.65090550044357],[7.7817869996289115,44.64717049995228],[7.769905500000718,44.645462999828624],[7.764658000558299,44.627293000224526],[7.7498875000833465,44.62844199956332],[7.749329999666076,44.6332680001658],[7.767319499619919,44.66065350017685],[7.758680499374553,44.668648500276916],[7.761657499923073,44.67534899966596],[7.75565099976028,44.689334999967755],[7.757901999502423,44.70413500002219],[7.76154250003859,44.70594549961391],[7.759281499759582,44.72014499996638],[7.768836999664602,44.725865999966274],[7.769410499799519,44.73069300012737],[7.780029500451195,44.7349665001724],[7.7823659994550685,44.73854299985557],[7.778989500308121,44.74120299960925],[7.796488999786187,44.74274400040539],[7.810414000399824,44.74751700039217],[7.822109499809663,44.745892000411516],[7.839971999908348,44.73458850020404],[7.847109000117968,44.73466950042139],[7.847387500269309,44.74668600014841],[7.851164499417678,44.751671000291225],[7.842832500588247,44.75385549975873],[7.837064999774185,44.762132999601455],[7.839436499614627,44.77665100016117],[7.835735000010052,44.78051150019889],[7.851794499766763,44.791864000167266],[7.855161500117705,44.78931900042416],[7.862016999358223,44.796468000419885],[7.855791999771033,44.80504350008256],[7.859577000342555,44.81696899966317],[7.856185999870601,44.817650500005215],[7.862609000314394,44.820478500383416],[7.866237999672906,44.830124500120974],[7.878324999822759,44.836239499648116],[7.880689500528083,44.82958299999012],[7.889881999509145,44.82384400021644],[7.902409000614216,44.821724499740284],[7.910661499517792,44.831390500322435],[7.923318000628444,44.833284000054476],[7.943386499475599,44.84630550001513],[7.9546125002416765,44.84769949985548],[7.955469999391313,44.852482999557985],[7.961165000494521,44.852124000012495],[7.964700000618773,44.856591500001464],[7.977855500369176,44.84988199998825],[7.985116500521108,44.83224349989234],[7.984044499737942,44.82625650014821],[7.9905210002834,44.825458499680835],[7.994737499538964,44.818190499668866],[8.009399999541339,44.81442950010014],[8.025649000213551,44.816410499871374],[8.045368500228717,44.799304499618124],[8.055399500209178,44.811085499663974],[8.069183000051964,44.80641199987493],[8.073983500225951,44.80886849969432],[8.078779499390082,44.80728650017575],[8.094374499821543,44.82254450003251],[8.100520999784969,44.8197349999364],[8.106283000253534,44.80998099958288],[8.122924999999002,44.81407999990858],[8.131825500625965,44.80924199974813],[8.128013999429928,44.79238300041909],[8.137469999984566,44.78258800022106],[8.126961500165985,44.78191999999521],[8.125533000067202,44.77604050020714],[8.113152999381139,44.769937000435725],[8.104458000439882,44.77392550031357],[8.104325000161142,44.762559000414385],[8.09510149943694,44.758488999632576],[8.112332499709124,44.74843349977902],[8.119893000489638,44.75170150030098],[8.133212000513932,44.74665850025464],[8.137679000293447,44.7381804996735],[8.136319500244584,44.732723999747186],[8.152942999912959,44.71248950023619],[8.15765950058418,44.713393000393225],[8.160549000305911,44.72252499991812],[8.165800500469398,44.72178449972915],[8.163289999545416,44.73276249976123],[8.172183499865175,44.731508499746305],[8.17852750035619,44.736708500301646],[8.181586500313902,44.751183999780004],[8.20661250044445,44.750656000380424],[8.208401999585728,44.74695749957179],[8.202290999459812,44.744353499742694],[8.2110739994158,44.72969999995435],[8.215836999929202,44.72690600042058],[8.222218500293298,44.72952000034434],[8.22982000023012,44.72301800021128],[8.241435500200518,44.72400050009167],[8.249632999743712,44.73100899997137],[8.256834999445426,44.73225450023948],[8.256667000448289,44.72136600036281],[8.268740999675984,44.71138600025341],[8.26004900041044,44.696889999886004],[8.223266500373391,44.67883450036673],[8.226781999806693,44.661019500079426],[8.216841499947126,44.65019850038098],[8.207430000149111,44.64599199973802],[8.205072499873177,44.635771499971526],[8.194489999748992,44.62855350007556],[8.198439999949287,44.62394499992069],[8.196935000191607,44.614594500387106],[8.202078500287033,44.6163905001886],[8.20893949938882,44.6143904996993],[8.214806999994218,44.61735199982145],[8.224872999915748,44.60298549967201],[8.234364000235304,44.59861099997875],[8.228929499483653,44.59360499993258],[8.24431249984764,44.58095150007259],[8.245742000338705,44.57009000005194],[8.241337000401819,44.57119999972822],[8.232319999896262,44.56166899960797],[8.241119999502427,44.55478199981831],[8.236788999382622,44.54854150001992],[8.246043500271208,44.54823849992361],[8.252819500364462,44.52874050037981],[8.239462999896464,44.51937749958195],[8.224185000225706,44.51415650036277],[8.21672900040523,44.49523049984867],[8.20439150049906,44.507533999934175],[8.18269749970928,44.51090749957117],[8.181765499653515,44.51878500028713],[8.170934499856589,44.51282350026115],[8.171449499691882,44.50259149978081],[8.164768000260768,44.50035050031897],[8.165485500601951,44.49253249975754],[8.156513000352353,44.475689999568374],[8.14960100059213,44.47748899972541],[8.143087000183751,44.47345650035682],[8.12825650048027,44.48002449965617],[8.111418500320584,44.47839100007431],[8.115569500134699,44.48470249980416],[8.108074000464905,44.481223499876094],[8.100022000601992,44.48202450032212],[8.096926000363036,44.46438599980956],[8.110083000240559,44.44581299985326],[8.098929000374298,44.431076000444875],[8.08366999957052,44.44577549978678],[8.059469000571331,44.44719849965622],[8.04821049965771,44.43989000007489],[8.033971500235541,44.448880499631905],[8.022383499687207,44.445424000076535],[8.021184499453716,44.43094600033936],[8.028181499369682,44.42694550016941],[8.046245499756344,44.42617999973908],[8.043352000598983,44.42133900040239],[8.047193999641717,44.41376800017487],[8.037577000040201,44.41246749971478],[8.0353339994367,44.407650000186855],[8.013415499952876,44.40436099968006],[8.004753000150401,44.411921999820436],[7.996104500498826,44.41097549969542],[7.99532699992284,44.40719649961324],[7.987565999478997,44.412079499634736],[7.972714000025985,44.41305399997004],[7.969481000288066,44.41896649955793],[7.952027000340538,44.41781250042982],[7.942267500459671,44.39943750039751],[7.951125999652861,44.396120500332906],[7.937407500057046,44.39155999992904],[7.945771999668409,44.37478850040556],[7.937577500451137,44.36680349959828],[7.942508499756494,44.35901200001235],[7.939580999839363,44.35268749985188],[7.948388999466767,44.33944449963034],[7.928552500313125,44.34248299963008],[7.9015249996638195,44.35789750003426],[7.89925400019217,44.34891550032312],[7.887279000604358,44.34729100024867]]]}},{"type":"Feature","properties":{"slug":"etna-sicilie","name":"Etna","source":"https://doi.org/10.6084/m9.figshare.19312094","sourceIds":["PDO-IT-A0780"],"resolution":"municipality","sourceYear":2022,"labelLonLat":[15.08739,37.6727],"scope":"Union of the named PDO geographical areas; not planted-vineyard parcels."},"geometry":{"type":"MultiPolygon","coordinates":[[[[14.838611499787836,37.438830499625986],[14.838228500554871,37.45893950035571],[14.825448500425859,37.479705499932315],[14.809840499842961,37.48469399972565],[14.808153499501381,37.489936999724286],[14.795675499507842,37.48522049997713],[14.783163000189349,37.490784999955245],[14.782020499920947,37.49830099979159],[14.773757000579389,37.49663600033711],[14.78174499979804,37.50346349960667],[14.786582000056418,37.50209400024582],[14.791262999872218,37.50738400042303],[14.795056500363543,37.518052999754275],[14.791203000303808,37.52798900019155],[14.799441999872052,37.532707500038455],[14.801618999682187,37.53999450020117],[14.798603500304788,37.54152950042644],[14.80138199964356,37.54349000045266],[14.801442000009807,37.55491199984603],[14.79103900040784,37.56171099988289],[14.804451999596653,37.57373599980456],[14.807231499729951,37.580203999905244],[14.829045000401633,37.58891449989174],[14.826545500108391,37.59293299979146],[14.827947999642369,37.60888849980752],[14.819784500164843,37.615699999986674],[14.82685000028584,37.622739999534375],[14.824450000331758,37.626657999663536],[14.829598000480576,37.63504799983459],[14.828296999667476,37.63848799960569],[14.83589399978326,37.64277200033995],[14.837297000026343,37.649039000266065],[14.849528500090463,37.6539399997119],[14.848044500520261,37.659878500296124],[14.866496000150482,37.662055499597734],[14.88424949946068,37.67048250027167],[14.888643500158329,37.681952999848036],[14.89989949992323,37.685189500041915],[14.904291499681142,37.69263799961905],[14.904222000227115,37.702498000391316],[14.910905999682786,37.70918299989783],[14.939370500511325,37.72679650001377],[14.99438300016132,37.75118199976018],[14.986511499719937,37.78948849993754],[14.917505500174377,37.83004099963023],[14.888325499989438,37.86936100039634],[14.877914499847579,37.8742350000616],[14.865066999883377,37.87395999982781],[14.862316500318368,37.878499500132314],[14.862947000161967,37.894662000000295],[14.847006499844774,37.892126999761544],[14.834854000021334,37.8946854996231],[14.835040999879872,37.908566000035265],[14.843410999616273,37.91009350031866],[14.843404499795978,37.91233549957686],[14.836466500203244,37.92703000000773],[14.828542999485745,37.93509949991199],[14.840099500296597,37.95201649981193],[14.840563499837911,37.95903300041173],[14.851352000433584,37.95513299966014],[14.846743000382247,37.94353449986779],[14.857183499534145,37.926490000434605],[14.86564649978668,37.93079800040517],[14.878332000526544,37.93118000011973],[14.87823350029136,37.93466449996362],[14.894033499580988,37.94882400017646],[14.912878499740291,37.953077999681625],[14.92926199967322,37.96090099961076],[14.932787000575587,37.952765000357665],[14.941244999644546,37.950789000029836],[14.941219499907389,37.94050450023098],[14.952654999993872,37.92581949971953],[14.95568950019111,37.91137150024655],[14.978874500335214,37.90703250021332],[14.979048499929965,37.894457500380405],[14.983267999837043,37.891798999827884],[15.010509500565966,37.899687500400454],[15.042582499543942,37.89374200009343],[15.066678500028596,37.8991770003881],[15.07266550014828,37.90424499961611],[15.090899500122115,37.901989999601035],[15.111734000126186,37.906136000352205],[15.131602999553552,37.89714699990551],[15.133029000269566,37.89210849985821],[15.153630500577103,37.8950480003676],[15.176410000272014,37.874837499614394],[15.188746500247147,37.875712999726595],[15.201081500349563,37.86197050008222],[15.2095815004157,37.86011699982444],[15.213035499560089,37.854345999912304],[15.222305500529172,37.84998400029949],[15.22681550026987,37.84250750004345],[15.176784000164593,37.84650800013129],[15.166607500413738,37.8401849997784],[15.183422000470022,37.82405399995243],[15.19571800016644,37.80361800039853],[15.18879150012991,37.79663500003581],[15.177366000128007,37.797538000200454],[15.179125999539398,37.79243199965002],[15.176113000334352,37.78639849976125],[15.195291000352919,37.77588400004332],[15.21099350012239,37.774986999719346],[15.213207499681799,37.77885700023597],[15.219511499938822,37.779584999956626],[15.219889499460498,37.784308000197576],[15.223988999556735,37.78010849975787],[15.219573999776399,37.77004600028123],[15.22348500040256,37.76849449983659],[15.2109265004085,37.7523649998012],[15.204730999431833,37.73737449979311],[15.195200499497167,37.73793549982574],[15.197517000348462,37.71788150030511],[15.191979000444123,37.70746250012629],[15.173798000062597,37.7021895001471],[15.175104499507066,37.69321949960753],[15.182911500494725,37.69885050001607],[15.20063800026708,37.70192149957173],[15.184063000137114,37.6834940002592],[15.1721255003532,37.68088349980335],[15.173174500195861,37.677762499728175],[15.199387500077902,37.671790000134905],[15.196086999610477,37.663498999869255],[15.198475000315057,37.65417300042546],[15.174191000111051,37.63209999981994],[15.177150999606496,37.62558200007534],[15.172525000212586,37.610191499843296],[15.176152499775627,37.57575649991572],[15.16954650031756,37.57448100036169],[15.162841500374052,37.58034850017729],[15.154447499619092,37.580083999807705],[15.151070000338049,37.5898480000724],[15.145343000073643,37.591803500204115],[15.14868949989421,37.600063999730494],[15.143699500127678,37.602730000140525],[15.143192500348274,37.61066999989594],[15.137273499862655,37.620465499736135],[15.132826499441457,37.61670349977146],[15.137298500024915,37.61482549980106],[15.137397999969439,37.608594499964525],[15.13623499976757,37.60460250027135],[15.132152999585106,37.60404399998815],[15.13374200049279,37.600679500305986],[15.130057499903682,37.59477700024632],[15.114286500513048,37.594153499949684],[15.107382499723029,37.60661550006648],[15.099302499952943,37.597069000102124],[15.105521999990227,37.592914499972906],[15.104144500022468,37.5909360000984],[15.086201500314502,37.60044099989039],[15.078947000409045,37.598255499708024],[15.076628499574197,37.59180300021947],[15.07050650000618,37.597548499677345],[15.049370499968656,37.60112799968588],[15.037041499888092,37.6175639995649],[15.0217304997518,37.609337499849325],[15.01693250002456,37.58103750006156],[15.009944500174932,37.57964850025178],[15.004269500291613,37.574249999853855],[14.987333499468523,37.542026000184],[14.98646299997367,37.53427599993276],[14.977202500352455,37.53606749983745],[14.97455649999714,37.53287600025124],[14.973174499765541,37.53649050028706],[14.970555500562662,37.532699000414226],[14.962785000248273,37.53428750001603],[14.949296499973169,37.52775600012503],[14.943627000322367,37.51389100002219],[14.945397499937794,37.50755699984877],[14.938672499827495,37.498049499586884],[14.943024499490633,37.47275399961806],[14.937705999911694,37.462304500020366],[14.948856000289625,37.443971000184405],[14.946769499728061,37.440358999941424],[14.935327000119091,37.44285249999525],[14.933622499469456,37.43768900017398],[14.936885999588998,37.430596000466785],[14.940736500393875,37.435554499658174],[14.94728050033707,37.43378200024747],[14.94835299965415,37.43980649994269],[14.949964499482345,37.43055949971299],[14.935841500267008,37.40836050040939],[14.915429499806159,37.41269950018562],[14.892742999544957,37.410265999691774],[14.877779500140441,37.405475500372084],[14.873378000554679,37.40868800000919],[14.848513999941135,37.406324999612124],[14.841926000325918,37.411481000306075],[14.844352500501502,37.42451749965404],[14.838611499787836,37.438830499625986]],[[14.931904000481355,37.676415499526605],[14.941031000475295,37.66206149981676],[14.932326500088468,37.64839400027158],[14.920849500400815,37.64116599979928],[14.917570499692163,37.622433499773685],[14.905484000493187,37.61158250011277],[14.927007000176193,37.606326500017964],[14.931137499441883,37.610275999623596],[14.935511500495332,37.60551200010726],[14.945418499558034,37.61667250033437],[14.94933899963226,37.61719649985329],[14.952370999592087,37.62557150039401],[14.961606500245441,37.62601699968638],[14.954340000189724,37.62943899985032],[14.958384499765453,37.63142349995918],[14.955767999830032,37.632854500140425],[14.959253000306726,37.63806699987554],[14.972162000441783,37.63818849976175],[14.982089500069923,37.64879099999659],[14.980920000404792,37.65336899969756],[14.974038000095566,37.65704450030789],[14.975698999556867,37.67357600037917],[14.980482500387648,37.68760150028786],[14.980183499914952,37.700427499963354],[14.995235999524139,37.73275050030225],[14.969449499825037,37.71052149976902],[14.954796000359645,37.70191700040205],[14.938802999790171,37.68469250044949],[14.932340500336002,37.68208450033032],[14.931904000481355,37.676415499526605]]],[[[14.724288000304417,37.687573999987656],[14.720984999917903,37.68758399992211],[14.713639500170615,37.70557449986665],[14.719245500514484,37.71016949971486],[14.721279500206595,37.719479999562445],[14.717143999881237,37.72598499962879],[14.706491999695807,37.72855100030238],[14.706285000192535,37.731529499938574],[14.728260500431917,37.743490499816176],[14.736833000025838,37.75359450013454],[14.756535000386618,37.74903000032684],[14.764509500282937,37.74408849958964],[14.783585000261434,37.74919999953768],[14.784933500529354,37.75342550023329],[14.788932500004627,37.75280749998571],[14.780190499559925,37.733519500051614],[14.787949999652614,37.72232149974798],[14.799017499513532,37.71675249993941],[14.797873999863622,37.7127274995787],[14.788015000422648,37.70715949999741],[14.78260500015465,37.707817499910064],[14.781142500443892,37.70308250010234],[14.758803000484853,37.69330549988162],[14.751997499496648,37.686412500159754],[14.740750000459235,37.68876050012759],[14.736630000211978,37.69313199967373],[14.733998500217387,37.686788000027306],[14.724945000097858,37.681269999806354],[14.722126500443025,37.683495499571876],[14.724288000304417,37.687573999987656]]]]}},{"type":"Feature","properties":{"slug":"trentino-italie","name":"Trentino-Alto Adige","source":"https://doi.org/10.6084/m9.figshare.19312094","sourceIds":["PDO-IT-A0754","PDO-IT-A0293","PDO-IT-A0752","PDO-IT-A0748","PDO-IT-A0474"],"resolution":"municipality","sourceYear":2022,"labelLonLat":[11.15028,46.23206],"scope":"Union of the named PDO geographical areas; not planted-vineyard parcels."},"geometry":{"type":"MultiPolygon","coordinates":[[[[10.627248500061313,45.82103750008357],[10.603701499727437,45.825250499874656],[10.588455500623514,45.813905999886416],[10.590790499956208,45.8116190002838],[10.586069500179951,45.81281600024314],[10.577406000411637,45.80936550039251],[10.558207968927627,45.8143974299627],[10.559032999999996,45.82440799999999],[10.554374999999997,45.82771499999998],[10.532512000000002,45.832241999999994],[10.525853999999997,45.836526000000006],[10.507200000000006,45.877461],[10.507660999999999,45.88836],[10.519482000000002,45.916737],[10.504255000000006,45.93936899999999],[10.500058999999997,45.965154],[10.488394500284937,45.97202099968226],[10.465956999999998,45.976294],[10.459144999999998,45.984995000000005],[10.468594000000001,46.011791],[10.477853128321865,46.02136294690149],[10.490763999999997,46.026908000000006],[10.494630999999996,46.03342300000001],[10.512154952813077,46.07772272061921],[10.556858000000005,46.112425999999985],[10.562813442107286,46.14750412182806],[10.592218500386876,46.14861999974249],[10.585979499849454,46.13534550008163],[10.597034499773693,46.10664600010183],[10.593193500238788,46.08764449958912],[10.583112999501857,46.07325699979076],[10.584904499925013,46.068637999562284],[10.574166999523124,46.062288499948764],[10.574902499828331,46.05600150012235],[10.564838499987783,46.046795499689246],[10.57114149965761,46.04114049981857],[10.571261000585658,46.02411899996612],[10.578485499975983,46.01678650031634],[10.57705049974555,46.01121850024871],[10.588387999829337,45.99716249997838],[10.587421500047114,45.98580350017528],[10.597124000267078,45.98218050020984],[10.602349499567111,45.975456000012095],[10.609965000565817,45.97488099966108],[10.628254499967493,45.96604899971722],[10.627573000363231,45.97440299991393],[10.633095000545385,45.976987999643384],[10.643244999880363,45.97484749964336],[10.644761999626873,45.98165800008209],[10.65137249959585,45.9863879998904],[10.655501500131805,45.97909199983331],[10.65401350013664,45.965380499795614],[10.658565000006906,45.962615500227464],[10.632164999956695,45.93835549982871],[10.596054000479093,45.93572549995841],[10.592905000006484,45.94192449992626],[10.567721500148151,45.94372399981877],[10.566390499775013,45.94019000035568],[10.554954499806273,45.937441499863986],[10.543949000356509,45.92579100007377],[10.550937499369217,45.92355749967505],[10.56667049943573,45.93341699981116],[10.573801999597361,45.93259100036371],[10.582236500554245,45.92122000005515],[10.576644000258678,45.924396499885496],[10.567289500190132,45.91679150023735],[10.558467999834853,45.92128700042189],[10.561977000031652,45.91326549962088],[10.566575499520017,45.91051399996019],[10.585179999875278,45.911033999781466],[10.59609300059568,45.90213399996299],[10.602769500258125,45.90118050002002],[10.605915999632813,45.916779500396714],[10.615112499459562,45.91685799961694],[10.619599999699036,45.92517299969233],[10.64851350056517,45.91223950023863],[10.665658500183794,45.92122950001724],[10.671239999389542,45.929946999856035],[10.685720999987183,45.933203500322506],[10.695594999541,45.940042500122736],[10.701984500540773,45.93892399987457],[10.703135500213136,45.9458489998006],[10.710777999787071,45.954123999553964],[10.719744499633974,45.95523800026875],[10.728015500232436,45.9638489997577],[10.751751999797305,45.96984550005689],[10.748052500010852,45.98709099990487],[10.752447999498193,45.99035200021874],[10.751337500638504,45.997211500312005],[10.781121500501124,46.01316750028132],[10.77552349998123,46.016646000047295],[10.774718500325916,46.025884499698726],[10.778721499624643,46.0279869998395],[10.774921000357113,46.029671000225214],[10.775124500176217,46.03470250003614],[10.787651000555018,46.036158000441745],[10.78928300042446,46.04429449991904],[10.803617500129665,46.04494000012126],[10.803071499441304,46.0519675003086],[10.814632999686827,46.05384000016236],[10.819572500511715,46.06031899981124],[10.809276500568274,46.08564699994668],[10.785831000019884,46.084603500026624],[10.784578500399641,46.08734250021373],[10.791219499391909,46.09973849970395],[10.787246499566917,46.110145000418655],[10.793079499546366,46.1302045002396],[10.798958500029606,46.13522950003686],[10.803405500291905,46.14857149966638],[10.813934000061003,46.15561500004966],[10.81614850055912,46.170547999964874],[10.813427500527633,46.17134049985245],[10.818358500049987,46.17585300000543],[10.815868000492985,46.18216850020308],[10.822210499880384,46.18806100001978],[10.827203000608508,46.18948600004522],[10.828684999976222,46.18277200001019],[10.846321999968904,46.18064349966656],[10.856396500258928,46.161571999919296],[10.867175999608659,46.15483550035531],[10.874431499560895,46.15721249983662],[10.919696500012233,46.15000749979402],[10.928996999927422,46.138290999665934],[10.92996100005332,46.146337000363005],[10.952012499510476,46.14007350016026],[10.956910500644724,46.134819000003354],[10.949144000319128,46.13097150022512],[10.957007500453232,46.13013249962465],[10.957724999468201,46.12702149972506],[10.944575499454174,46.11704299994257],[10.943462500483458,46.108625000424205],[10.960855500028691,46.11590850040305],[10.967735499680272,46.11406849964044],[10.976250500615443,46.11976250021661],[10.986313999672946,46.138660499995666],[10.996546499846804,46.14471999987112],[11.00335550012578,46.14350150004216],[11.020946500475633,46.151294500414146],[11.027660000534267,46.168574500148864],[11.049315499887529,46.17584399983128],[11.051863999925045,46.17500600043431],[11.037754500001355,46.15381099992977],[11.036952000224158,46.14180599975511],[11.047184999888296,46.14167500028984],[11.053946499405763,46.16641949993331],[11.061869499928502,46.17192749968004],[11.070870499731877,46.16770450004529],[11.084143000358356,46.17763349991232],[11.090277999505236,46.19978399999382],[11.082707000069126,46.2006924996718],[11.081034000155013,46.19681850026366],[11.07144150007307,46.19632549963982],[11.065598999403198,46.20584550003069],[11.06364049976188,46.196503499685754],[11.051316500634076,46.18960600021702],[11.03922049938148,46.19142600007715],[11.033787499889133,46.20073300021143],[11.028903500014161,46.20176499969623],[11.010510000155108,46.18849900014676],[10.968305999787873,46.18607399973905],[10.962493499924731,46.177725999578314],[10.952571499995605,46.179590999598666],[10.948544999611528,46.17641449964588],[10.944376999576047,46.18210600042054],[10.930418499870763,46.18959399994815],[10.933286499388968,46.19677749977837],[10.95215999955153,46.20396750003498],[10.950799500233103,46.212770999594575],[10.969818000391882,46.215552500332684],[10.969414000485086,46.2214779996207],[11.013273000393898,46.24674149975969],[11.02505699980716,46.24251449963698],[11.032075499684026,46.24441249959765],[11.037347000423216,46.24163450031176],[11.060046000354951,46.2424510003519],[11.06202149948811,46.26638200023148],[11.065772999371212,46.26791349995664],[11.062085500223025,46.27052899959548],[11.068665999509024,46.27350800041911],[11.07072349995843,46.280540500028046],[11.084507000518743,46.28091950028626],[11.099188999714308,46.28637949972776],[11.10442899988227,46.284811500206416],[11.114984999726806,46.29008900037156],[11.138863499614004,46.283328499767414],[11.14370400015486,46.288397000229416],[11.162882000646567,46.29062450036027],[11.165453499952392,46.29779250029979],[11.177421499387721,46.30285749988516],[11.18622249987014,46.32062599979328],[11.190615500476992,46.32114450026667],[11.188456499626083,46.32636249968955],[11.19553699976691,46.32957749994286],[11.203490500441607,46.34167550007088],[11.201709499762634,46.34990250013119],[11.19330499950741,46.35440849959252],[11.191596999385515,46.35980099976927],[11.193763499624785,46.36502200015119],[11.205718999435822,46.36724449972687],[11.199516499520414,46.37205949985589],[11.203510499618032,46.38039549998747],[11.207587499624651,46.38073850035534],[11.2066240005107,46.387092999733355],[11.214816499481493,46.39777499985638],[11.21526249973525,46.4068205002962],[11.207421000052456,46.41659350019167],[11.211873999841824,46.42062450029493],[11.205084000402348,46.426854999689134],[11.215684500047995,46.435240000230635],[11.217904499632038,46.4428015003291],[11.210657000014375,46.45296299976282],[11.215288999632017,46.45726149969763],[11.218314000103506,46.45631699963044],[11.220452499925274,46.46205700033792],[11.217176000233943,46.47431399987748],[11.210965999676613,46.48121300033107],[11.209541999759793,46.49482200018223],[11.20034149973587,46.498495500002385],[11.196349499770715,46.50399849969296],[11.193266500094474,46.50192600028326],[11.181373000498937,46.51295050012732],[11.160433999964452,46.519994499707785],[11.153243000413,46.52734200007099],[11.13805500031349,46.52837099987706],[11.136924000516894,46.530880499742864],[11.115175500016255,46.52561049971618],[11.113778499595295,46.53055900001442],[11.099832999734481,46.52954249984245],[11.095768999652224,46.5372624996774],[11.087335500385684,46.53710649969232],[11.058298000045783,46.51600650007418],[11.030420499980893,46.514501500057406],[11.026475000425206,46.517766499781644],[11.032862000019753,46.52156400020452],[11.04011649958921,46.538907999802746],[11.03542999993464,46.55099749999558],[11.040007999473843,46.55372400040399],[11.036290499376173,46.56296699955922],[11.031089999510414,46.565276500130395],[11.037020999388,46.56880400017219],[11.015986500552613,46.583701499687876],[11.004027499750176,46.58173800000826],[10.994617500084892,46.58792349995577],[10.973279499416769,46.5862909999359],[10.967499999800646,46.579892499888786],[10.955763999905043,46.57637250003687],[10.93301849964747,46.574243999646406],[10.918989999882312,46.56908450024761],[10.905097000164993,46.56920000023729],[10.877561999909275,46.55547599966368],[10.86562649963097,46.55434799975556],[10.858092500348148,46.543864499860824],[10.839795500583115,46.54155849962394],[10.829325500052253,46.557481500029695],[10.805962000560502,46.57219850012065],[10.807723500246686,46.575604000324496],[10.815400500418828,46.57621600037835],[10.816886000550525,46.58163299973106],[10.808831000566903,46.57663500024848],[10.805932499798546,46.576600000301404],[10.81314150005045,46.58189950019655],[10.799996500636539,46.58654850006391],[10.756921000178476,46.58076500019173],[10.747319500565537,46.57743799982123],[10.741515000434992,46.57020099989066],[10.727207999764248,46.56812750000717],[10.717131500482239,46.56204200012863],[10.719340500581152,46.574734499624675],[10.714455000200479,46.575415500082364],[10.713478999825917,46.57943950031485],[10.723951000138301,46.59263799958219],[10.720670499816341,46.60753450011391],[10.721226499783004,46.610646999735046],[10.728833000205775,46.612126500243924],[10.722893500352663,46.62191550031036],[10.727151500458067,46.62486250015844],[10.722955499884106,46.625695499982754],[10.723502500164356,46.632900500304146],[10.706535499557134,46.64895799963606],[10.700129999462812,46.64898600031178],[10.694148499610554,46.65980649975866],[10.702548999594349,46.670486000418464],[10.724104999815669,46.677016500399],[10.721990000101215,46.68501299961616],[10.725797499527776,46.68887949956476],[10.725612499390486,46.700149500441476],[10.716725000427958,46.70924900036874],[10.725419499480822,46.720734500094665],[10.723402999790572,46.72544899982469],[10.733357000033022,46.728750000274125],[10.742834000005763,46.7273865003725],[10.751760000242017,46.718714499834064],[10.772431499746858,46.721780000260296],[10.778794499539057,46.719984999583986],[10.786895000584904,46.7146390003539],[10.786128000541906,46.708603499838055],[10.80381049992898,46.704668000073696],[10.800992500359513,46.69863300015219],[10.80744550014197,46.68557200035782],[10.826506000491719,46.680563499957664],[10.819460499815841,46.669173499598145],[10.828496999941914,46.66411999963195],[10.834106499403937,46.66544800011267],[10.838069500564494,46.66158650044245],[10.868870500252312,46.659440000034145],[10.876237999977905,46.6650435003305],[10.887592999758382,46.66622899986223],[10.8923910000963,46.67126099983062],[10.907129500004853,46.66379000022157],[10.916129500431689,46.665268499560455],[10.91613299988639,46.668360000196536],[10.923270999630505,46.670364000380715],[10.939835000251323,46.6720189998147],[10.946330500248111,46.66870499958075],[10.941419000101922,46.67709500011417],[10.947110500152604,46.67756999969584],[10.955318000027564,46.68685700010702],[10.981688999687634,46.68404950025906],[10.9973940005512,46.69184050017527],[10.995743999408546,46.69932100029652],[10.988247499904583,46.70147649971868],[10.978568499817092,46.710580999778564],[10.972954499899785,46.70911649979122],[10.968171999914354,46.71317199985931],[10.9718620004027,46.71941250020925],[10.98383249937037,46.723025999640505],[10.985771499423828,46.72925150021254],[10.998864999799714,46.73705599984238],[11.037454500290757,46.74552800030419],[11.04146350011652,46.728959999584845],[11.060656499979514,46.71986349996232],[11.080642500632846,46.733676499555266],[11.082415000326423,46.73831950024269],[11.097792500066621,46.74540049971152],[11.103580499534456,46.75189150004396],[11.099761500393733,46.76048849997533],[11.104875500479523,46.772359999545984],[11.11266500012209,46.77590199991115],[11.116449500179,46.78890900002875],[11.113724000275312,46.795404999593586],[11.117429000183249,46.79738199996487],[11.16018300049489,46.76382449959988],[11.156388499821885,46.757573500197154],[11.16808400041069,46.757392999979984],[11.184718500325502,46.765262499555426],[11.20127900010949,46.76592149991864],[11.196995500020323,46.758655499936616],[11.193754999840998,46.76021599996933],[11.18437149962147,46.752979500099684],[11.193144999675713,46.752231500000164],[11.193316000162197,46.74688700039856],[11.174666499701194,46.74900650010046],[11.168167999927665,46.74546700042875],[11.167215499810574,46.73989599994483],[11.173340499762064,46.7337589996699],[11.202245500012726,46.72751399973477],[11.19732350039404,46.7236924999413],[11.200755500340266,46.720465499884774],[11.213866500288649,46.72490799974026],[11.211863000103541,46.72839549989368],[11.219440999748157,46.734273999873956],[11.212449500124523,46.73780249961787],[11.214568499787578,46.73996649998708],[11.224551500388662,46.73783349973578],[11.229634000312263,46.74712149998472],[11.243039999566165,46.74704849981697],[11.24393149948954,46.75186400017998],[11.253492500208655,46.747320000157224],[11.26160449981497,46.75180400038696],[11.26250650003515,46.75599399954991],[11.271632499423816,46.756852499809455],[11.286510999618304,46.750729000454136],[11.273221500584242,46.73081549979529],[11.2815295006421,46.72237500024301],[11.275263999840995,46.71395450038445],[11.277962999561693,46.70636750043971],[11.267424500081752,46.69189749990812],[11.25813750027769,46.6913165001335],[11.264230000019046,46.6889370002146],[11.265751999684019,46.68411899974171],[11.244607999554734,46.67998150035949],[11.2368900003588,46.66737949981856],[11.223736000609236,46.661597000243304],[11.218818000522496,46.66325400041145],[11.212509499467366,46.6610725002454],[11.206613499620646,46.6526230003076],[11.204310499672157,46.642029499979415],[11.208769500507081,46.64193899959988],[11.212823999671462,46.63675299963335],[11.208909500245305,46.630733499625244],[11.20212249971259,46.62807650001568],[11.20861949942206,46.6115914998192],[11.209984000180373,46.592208499948995],[11.213997000137521,46.590083500133844],[11.215443999853743,46.59338550032993],[11.226706000277881,46.59395000012363],[11.246871999387446,46.60283900029954],[11.248968000597465,46.60875550039896],[11.272868000480349,46.61319749982992],[11.285508000248786,46.623358500200574],[11.294571500411784,46.64486250027152],[11.303317999360114,46.63530850039868],[11.307993500467296,46.636528500200995],[11.316453999967107,46.63036800002715],[11.33996950033997,46.59984699970314],[11.363401000614328,46.58928099997529],[11.37990650016306,46.58883550002878],[11.374643999573482,46.57255549986637],[11.382162500396946,46.56996450036795],[11.397348500608986,46.57758099989866],[11.402026999843562,46.58464249970577],[11.398719000033193,46.58697100033509],[11.39997600061105,46.59257849961661],[11.413213499378273,46.59400099991633],[11.390176999825133,46.60222450004597],[11.38915299965873,46.606147499942516],[11.428131000316442,46.62230100029051],[11.435292499562753,46.63274150018809],[11.428222499512005,46.64209450037725],[11.424881500503197,46.64103999988868],[11.408638499800757,46.64898399978437],[11.409052499604654,46.65320950022455],[11.422260000568135,46.6600044995661],[11.430274499567105,46.67432450029476],[11.447050000396553,46.669894499836694],[11.456310499597647,46.677530999797],[11.482094000138273,46.68727050018246],[11.491293999801549,46.6945854997545],[11.493590999923173,46.70756749997539],[11.510610000375175,46.71823399997173],[11.5082070001023,46.72828550044242],[11.512066000624127,46.73324549994632],[11.506493999461945,46.7384840003604],[11.507323999837796,46.7459944995962],[11.488987999956143,46.75856750033991],[11.486137000269128,46.775837500207984],[11.496749999772849,46.78056049992623],[11.502475000564862,46.78009800010686],[11.518667500501438,46.7712155002612],[11.527874000169533,46.773644499793775],[11.529861999662067,46.78046349981435],[11.542870999593575,46.781758999727],[11.550465500497369,46.78028950005454],[11.56506050029212,46.771030499777545],[11.573825499555031,46.77409150043214],[11.577127500657097,46.7617020003383],[11.59188100041913,46.764517500202025],[11.598520999420332,46.771863999664376],[11.60791449942441,46.76491349970287],[11.620839500188103,46.76656650032698],[11.63852799954213,46.77415199991225],[11.6226705004892,46.780686000142055],[11.627272999673362,46.78237150010249],[11.626569499963484,46.78636899962471],[11.633935499959614,46.788999499984925],[11.634892499688554,46.78634750005477],[11.646362000596351,46.78495550028787],[11.650127999385479,46.78035900011748],[11.658808000197684,46.777912000133995],[11.660831999522454,46.7892700000705],[11.66456150064903,46.78992800028536],[11.667744499662286,46.78460700029219],[11.68155549968158,46.778263000368405],[11.67896450042978,46.77506150012359],[11.682715000391982,46.77038100002437],[11.694127999522157,46.77226600019155],[11.698521499763087,46.76959750045103],[11.701095499766728,46.76105900023853],[11.69655199952841,46.75920650009867],[11.6939949999371,46.75036799980701],[11.68752099955428,46.74457599970134],[11.703018000065406,46.73938650015641],[11.705299999696042,46.744489500396774],[11.714942999490933,46.74541100043939],[11.71581249954835,46.74250800019098],[11.722443500286719,46.741423499641726],[11.722250499625886,46.73065049957869],[11.728217000483129,46.730656999930396],[11.729730000613468,46.72444699986443],[11.738700499634279,46.72108699994496],[11.736530499596471,46.71365049956051],[11.740160499688534,46.713370499991825],[11.741116999546524,46.70873499972572],[11.732602499957403,46.701032000118026],[11.733508500484,46.69544849954402],[11.743030500483435,46.69201200017645],[11.751304999542036,46.69488200022856],[11.75881950015373,46.693666000108465],[11.770372500431995,46.68610549993632],[11.780434999703605,46.685627500199764],[11.778174500261912,46.68077300005075],[11.78854749953544,46.67064750012858],[11.793889999640035,46.669563000115595],[11.792095499678721,46.64931600019596],[11.803358000633722,46.647263000432936],[11.808328000452299,46.643212500373615],[11.808242500390957,46.628818500314054],[11.795485999849916,46.62718299989453],[11.794357499885738,46.6212975001615],[11.78300750035468,46.61299250038808],[11.770607999461985,46.61191700002411],[11.760376000580505,46.60474849961279],[11.747303499458656,46.60163400005838],[11.725827499887576,46.6006000004043],[11.722964000564952,46.61207850014165],[11.728194499920033,46.61250049985122],[11.718892000069477,46.61686199995468],[11.69088599979216,46.61328999988819],[11.683671999363831,46.6073980001028],[11.677595000114948,46.607976999690926],[11.674404000581914,46.60354300006483],[11.654898500535143,46.60332700017129],[11.64495099957498,46.58751900027403],[11.643152500634988,46.57623399970382],[11.672752999674287,46.57320799987356],[11.706385499732052,46.55813350027148],[11.694948500460686,46.5446990000263],[11.69998150025343,46.53411299999653],[11.708094499515695,46.53141299971427],[11.707083500450551,46.52263149956094],[11.71586850021229,46.51386249958899],[11.698159000512383,46.503178500132655],[11.66612999978802,46.497419999615154],[11.645248000519368,46.49855199993724],[11.638598500443281,46.502463000139485],[11.632785499473595,46.499286500308436],[11.61997749947097,46.50060799971682],[11.613876499476937,46.49787650041509],[11.60631350028262,46.5009649997024],[11.59129849939098,46.50021300043989],[11.586099999509619,46.49642900028651],[11.582151499826015,46.49910149965554],[11.573403000284944,46.49357899968819],[11.54632049981738,46.49184949995397],[11.540951000647988,46.482887500253966],[11.52867050000959,46.482633000405194],[11.522527000550754,46.48533400038742],[11.515229999349968,46.48368099991847],[11.494701500012534,46.47361349989066],[11.516310000263998,46.46502900034917],[11.528448499481794,46.46375099978304],[11.52883199977327,46.45356300042032],[11.512422500046352,46.44635099982129],[11.505272999806252,46.438510999686],[11.481440500547754,46.43255150040249],[11.472380000091666,46.43342400044572],[11.447010499628519,46.45087400009599],[11.416494999374748,46.45988850009999],[11.409518499931709,46.45316399971709],[11.403538500194784,46.45271399964291],[11.393700500273965,46.457470000129206],[11.38319650007092,46.44961599982519],[11.377525999993507,46.45222249991567],[11.375113000271812,46.45064799981115],[11.372133500473916,46.4328130004135],[11.364932999665156,46.42645499992111],[11.362383999724186,46.418222000152895],[11.355891499595975,46.41861800025279],[11.3611429999954,46.41016649968862],[11.355388499720329,46.40551499981576],[11.351367500538403,46.408513500341066],[11.339626000223845,46.40120299966745],[11.361158999904996,46.395180500351685],[11.366041999511516,46.38770799993739],[11.378031500549678,46.38399449967988],[11.394925500136356,46.38416850038907],[11.402700000299912,46.388622500370055],[11.440484999732076,46.37205349982813],[11.466093499855893,46.37165250020917],[11.477719000134059,46.36326150018574],[11.479588499661613,46.356135999892956],[11.462100500230939,46.34996149994419],[11.454503999613289,46.33473399956496],[11.420530499900021,46.32542250010614],[11.404266000630946,46.32498999974415],[11.396882500593868,46.32768550025597],[11.386639499722238,46.3209155000725],[11.373707500488159,46.331179999853276],[11.361040500539202,46.33398700002356],[11.355140499774908,46.340291000320185],[11.348106500081572,46.33377399988385],[11.33815950003673,46.33305749959483],[11.323166499834729,46.32296549983702],[11.31844749953528,46.31402500026868],[11.324189500462817,46.30152850034708],[11.32341199965593,46.291814500280886],[11.311571000295542,46.28323200026595],[11.315882999629892,46.27327699987359],[11.305677499708066,46.25876100009156],[11.31613200013733,46.25261250028865],[11.321391500102221,46.24484249977354],[11.303506499693832,46.221888500193444],[11.313608000314515,46.2154559996339],[11.322502499617782,46.19472550024333],[11.29870050023841,46.18145049974009],[11.294549999730693,46.17400050012767],[11.283804000375387,46.17004800008481],[11.264444499393768,46.171803000074114],[11.257875999984547,46.166583999612214],[11.25833800038211,46.157774499630705],[11.251514000266331,46.15981950007833],[11.241104999885605,46.15316850018688],[11.235884500493704,46.153420499625106],[11.22304299986239,46.130206000044936],[11.208639000182698,46.144445999655005],[11.199460500492254,46.132340999899604],[11.189746500488972,46.1268264999388],[11.186757499903702,46.117669500032314],[11.188636500099717,46.110614500413426],[11.199739999991833,46.10601249966864],[11.209945499868377,46.109837999973635],[11.221127500200156,46.10966599970424],[11.219841499571725,46.09540299980596],[11.225203500076333,46.089796500035675],[11.241108499462062,46.098660999863704],[11.260712999430346,46.100850000451004],[11.266797500630197,46.104498499597895],[11.269494500337707,46.09125849974069],[11.28526800027366,46.084664499730216],[11.282164500549285,46.08101450010172],[11.286386500574606,46.075510500388226],[11.283530499927531,46.07189699957907],[11.277470499516335,46.0758589998132],[11.263278500189367,46.07152799989097],[11.259582000448972,46.0633534996771],[11.25363799938183,46.062092999958885],[11.267252500501064,46.06016550025637],[11.267313000167137,46.058174499879705],[11.258297499685339,46.05734650019136],[11.259958000105486,46.04909850042236],[11.28344299947977,46.03667849990447],[11.273120500534374,46.030386499765065],[11.27707200036471,46.02660549979628],[11.28886499991489,46.03532000000285],[11.29914449993331,46.035858000044904],[11.307585000573223,46.04920799964439],[11.302047500026037,46.06110650010957],[11.311615499878961,46.061708999923084],[11.3345079998453,46.05003199977593],[11.342073499606595,46.06220150044261],[11.342514500459593,46.07060350020445],[11.354784499647,46.08013299965933],[11.359699000182728,46.09430149996925],[11.38498750033917,46.09502099975656],[11.388534999742845,46.08731149992328],[11.398452499893569,46.08409700009149],[11.416143499748848,46.07164699982044],[11.415286499576501,46.066552500377526],[11.42705399972005,46.06473450025638],[11.427030499528774,46.0574870002993],[11.43458550037812,46.06276250007658],[11.459631499708614,46.065800500242226],[11.46070799971993,46.06327700028237],[11.465058499679873,46.070449999859214],[11.46293000015605,46.06932150031498],[11.449608500290829,46.08970500028682],[11.438856500585224,46.093947500307536],[11.435348999991263,46.101083500325295],[11.430242499919162,46.10233700038593],[11.420155500446436,46.12390499985437],[11.39927049960744,46.12538099998938],[11.402806500069456,46.13233549995007],[11.388892499447294,46.13643749980121],[11.384262999718084,46.14669799973415],[11.371637499535062,46.15742699995164],[11.388168999902986,46.16740500009854],[11.392147999627868,46.16822849960938],[11.405034500015688,46.16248649976639],[11.415682999697607,46.163871000223985],[11.426392499967932,46.17096449996504],[11.44087450029349,46.17324800006537],[11.43998300039732,46.175296499595746],[11.458709500600264,46.172366499966756],[11.464144500546103,46.1774975002417],[11.472194000342279,46.17635699960479],[11.47372600024232,46.17977350037111],[11.498397999388528,46.185653000441896],[11.499967499772932,46.18180150039163],[11.520722499707972,46.17110000024904],[11.525252499404601,46.16194000020269],[11.533257499471489,46.169389000221486],[11.537831499584467,46.18126750007301],[11.54328499994764,46.181923499921666],[11.544654500537133,46.177483999936435],[11.559998500075636,46.16848850040206],[11.570892500316223,46.145939499956874],[11.564596999506339,46.13759550023285],[11.574127499935475,46.13537800001402],[11.569474500526393,46.12806850042863],[11.555775999827896,46.12577900036881],[11.556310999673615,46.10635899971595],[11.54865799996058,46.09745599974425],[11.548537000224744,46.09099150020081],[11.53844450053959,46.08499249992248],[11.538773999995989,46.08105600005532],[11.545495999726707,46.07232999988621],[11.55129950029374,46.07145200043232],[11.562859499911971,46.07529100007045],[11.57098949945585,46.066231499763035],[11.575945500227354,46.06769549955767],[11.584137000490815,46.06282999973156],[11.58630900042984,46.05856899955862],[11.581645500002667,46.045163499790355],[11.588690000080007,46.04313249962125],[11.589808999882754,46.03757999978564],[11.599773999974873,46.032348999612815],[11.584645000307637,46.00916350035965],[11.577776427734143,46.0068991469405],[11.564238000000001,46.01414199999999],[11.553384,46.015823000000005],[11.495046,46.01243900000001],[11.440576000000002,45.987632000000005],[11.392598351161034,45.98106803064665],[11.37377499938852,45.98350250006915],[11.372429999846561,45.97317000037795],[11.383323499862819,45.95105100025491],[11.380233916230377,45.94286899419727],[11.33091099936096,45.94596299964576],[11.320071999411638,45.950534999757146],[11.315278000116813,45.96072699974421],[11.297913999908436,45.95983299977932],[11.282936000364204,45.96505749995813],[11.276830500485987,45.963343000316],[11.266583999757634,45.965588000109335],[11.25439399997417,45.963774500253926],[11.250688500377835,45.95823099955818],[11.24433200006677,45.95872749987083],[11.23689299977943,45.95450400040967],[11.232511999825263,45.95591149959552],[11.222086500338492,45.945808499845484],[11.210273499702348,45.947494999969244],[11.193312500136543,45.937971500271615],[11.185502499632433,45.944567500439625],[11.165161000469071,45.943134499783774],[11.124245999539557,45.921718500438026],[11.118376000382217,45.90104249958433],[11.124029000251202,45.893947000134574],[11.128538500508974,45.895100500160254],[11.159921500445659,45.886350500285246],[11.181370500587043,45.88707500026399],[11.188669500055092,45.87854949976668],[11.200770499620775,45.87718949997238],[11.210789499910822,45.87221949959561],[11.22190299960748,45.8489624999025],[11.217033738553987,45.831840488543214],[11.202817999671511,45.82700099965748],[11.198017499536917,45.818486499944456],[11.188857000596549,45.81357400027363],[11.190233499715653,45.80290700044571],[11.199193499712688,45.799920499812934],[11.19289899967724,45.79547100007438],[11.198434057443738,45.78783940219045],[11.187452132949113,45.78311011608351],[11.178418999774342,45.78811650006271],[11.173586999526561,45.786673000266696],[11.18062750037263,45.76573850022796],[11.176989666930304,45.74529087117241],[11.159381959680358,45.72423059871774],[11.15322299944933,45.71831749998442],[11.14594100021608,45.71694400022746],[11.130717999999993,45.69959300000001],[11.112986000000003,45.70026300000001],[11.061554425580985,45.71275504522005],[11.056706500306275,45.718392999805424],[11.043024999999998,45.71090800000002],[11.016820894096385,45.715109960671654],[11.017050500133692,45.719459499962916],[11.011498000627812,45.71894400011999],[11.011760380242386,45.71466655807911],[11.001438499616324,45.71093099959073],[11.001553999368388,45.70834650014978],[10.992981999903083,45.70825799978299],[10.997351494268855,45.703029317054316],[10.987170000000004,45.694264000000004],[10.972964436330201,45.69302923063271],[10.9722325004568,45.701818499929736],[10.968350500494491,45.69443250017509],[10.957704999999995,45.69416500000001],[10.941841000000002,45.682487],[10.931777000000002,45.681894],[10.894049999999993,45.714215],[10.886908999999994,45.71695100000001],[10.876670000000003,45.715819],[10.870320000000003,45.722071],[10.878691000000003,45.761390999999996],[10.900246999999995,45.784077],[10.893895999999996,45.80609399999999],[10.884580000000003,45.81694900000001],[10.812443999999998,45.844975],[10.761862999999998,45.841701],[10.733957,45.84919299999999],[10.703503,45.844283],[10.687396999999995,45.84526000000001],[10.679795000000002,45.84203000000001],[10.674040377740099,45.83103703875235],[10.653622000188525,45.83294299984912],[10.6574525006436,45.8225195003916],[10.650710500222344,45.81856700019908],[10.648388955261442,45.80809004779014],[10.63378314322223,45.808313278405436],[10.627248500061313,45.82103750008357]],[[11.531458500427595,46.582058999732055],[11.53736699978761,46.59096450044654],[11.559143999777872,46.594516000111824],[11.561489000072541,46.59740199997003],[11.530967500393286,46.59942299971016],[11.523584500103484,46.58002200018903],[11.531458500427595,46.582058999732055]],[[11.535913999775486,46.07947350037854],[11.531379500297849,46.09218449984099],[11.531137500398588,46.10329649978042],[11.514177500584745,46.105191499773966],[11.517480000152176,46.07296699961684],[11.528610000225989,46.07480300039971],[11.535913999775486,46.07947350037854]],[[11.048923000571405,46.66202650039613],[11.031923999768383,46.65244350036101],[11.037332499993465,46.6529814997442],[11.041113000281657,46.643108999630876],[11.050739000168168,46.63835150004686],[11.066616500189754,46.619026499800654],[11.064431000126026,46.63932900028476],[11.053225000595276,46.653536500324904],[11.0553529994142,46.65878350009691],[11.051688000471458,46.657254999600454],[11.048923000571405,46.66202650039613]],[[10.97430050054101,45.92318699955722],[10.940463000607767,45.904305499736274],[10.931169499996532,45.902395499595904],[10.925017500526419,45.896402499956515],[10.92741250057532,45.89261350013351],[10.924098500638868,45.88923450032499],[10.92954249952606,45.886228999770594],[10.93410399988724,45.8893414999139],[10.940414499545575,45.88586100012164],[10.943136500610189,45.87666450000419],[10.946054500055945,45.88021649978524],[10.952268999620708,45.877917999767725],[10.970760499811812,45.882484000076964],[10.98349450000764,45.89785299963341],[10.978079000225911,45.90379399987933],[10.977704500532958,45.91226750005174],[10.982868999814023,45.920089500330185],[10.97430050054101,45.92318699955722]]],[[[11.345061499679357,46.185917000066205],[11.35711199993665,46.19419199955889],[11.354239500437652,46.1995685003651],[11.357600499858707,46.20348600021015],[11.38480750049695,46.19485200015285],[11.381420499930305,46.185057500001385],[11.345061499679357,46.185917000066205]]]]}},{"type":"Feature","properties":{"slug":"veneto-italie","name":"Veneto","source":"https://doi.org/10.6084/m9.figshare.19312094","sourceIds":["PDO-IT-02176","PDO-IT-02360","PDO-IT-A0287","PDO-IT-A0435","PDO-IT-A0436","PDO-IT-A0437","PDO-IT-A0438","PDO-IT-A0439","PDO-IT-A0440","PDO-IT-A0441","PDO-IT-A0442","PDO-IT-A0446","PDO-IT-A0447","PDO-IT-A0450","PDO-IT-A0453","PDO-IT-A0454","PDO-IT-A0455","PDO-IT-A0456","PDO-IT-A0457","PDO-IT-A0459","PDO-IT-A0460","PDO-IT-A0461","PDO-IT-A0462","PDO-IT-A0463","PDO-IT-A0464","PDO-IT-A0465","PDO-IT-A0466","PDO-IT-A0467","PDO-IT-A0468","PDO-IT-A0469","PDO-IT-A0470","PDO-IT-A0471","PDO-IT-A0472","PDO-IT-A0473","PDO-IT-A0474","PDO-IT-A0475","PDO-IT-A0476","PDO-IT-A0478","PDO-IT-A0514","PDO-IT-A0515","PDO-IT-A0516","PDO-IT-A0517","PDO-IT-A0748","PDO-IT-A0752","PDO-IT-A0754","PDO-IT-A0954","PDO-IT-A0976","PDO-IT-A1070","PDO-IT-A1318","PDO-IT-A1320","PDO-IT-A1322"],"resolution":"municipality","sourceYear":2022,"labelLonLat":[12.11882,45.74099],"scope":"Wine PDO areas within Veneto; regional guide, not a single appellation or vineyard footprint."},"geometry":{"type":"MultiPolygon","coordinates":[[[[12.118674000000004,44.95653200000001],[12.098028500577255,44.971469000011986],[12.090602654584501,44.96938547007302],[12.079444499874638,44.97349350032796],[11.964204000632229,44.98676750019722],[11.930456999999999,44.978494000000005],[11.869635999999995,44.98537100000001],[11.821537999999999,44.97764799999999],[11.797346000000005,44.97764800000001],[11.783855999975739,44.96417449991059],[11.767792999999996,44.96335500000001],[11.745659500641985,44.957322500338826],[11.735691000000005,44.938548],[11.677506999999999,44.92239800000001],[11.640307999999994,44.898294],[11.622267999999998,44.895086000000006],[11.606293999999998,44.89881],[11.579000499365703,44.91684049965964],[11.524907000000006,44.93997600000001],[11.48852,44.94351300000001],[11.449871,44.937515],[11.431897,44.937669],[11.425213637213187,44.9455118965522],[11.427339500264083,44.95788400042495],[11.419021000000004,44.96687000000001],[11.405837000000004,44.972397],[11.388896000000004,44.97361600000001],[11.304159300126857,45.01358589453884],[11.272683000000004,45.033788],[11.272836999999999,45.059573000000015],[11.213093000000002,45.05921000000001],[11.195734999999999,45.06339600000001],[11.191230000000001,45.090939],[11.210303000000003,45.10429800000001],[11.204106,45.112439],[11.173519999999995,45.119086],[11.157875956842197,45.11956197145282],[11.146463000434384,45.126064499730234],[11.137813499406162,45.12394949974986],[11.13404968620429,45.11258038146171],[11.105431669165878,45.109032097308926],[11.102169500496572,45.113134000362365],[11.094307999753521,45.10570750009777],[11.094455781009561,45.10121018952298],[11.077346000000006,45.099464],[11.064733999999996,45.105540000000005],[11.048298000000004,45.122646],[11.047990999999998,45.12980900000001],[11.055110000000006,45.142926],[11.049220999999996,45.15196800000001],[11.032111403028233,45.153055253646514],[11.02841500032956,45.1592235003916],[11.016438219307997,45.15205587961298],[11.001892,45.155077000000006],[10.998947999999997,45.16233900000001],[11.004835999999996,45.17696200000001],[11.003760000000003,45.18365299999999],[10.984136999614028,45.1997819997868],[10.945884000000003,45.209668],[10.930756499864145,45.21800800021655],[10.930779499953669,45.226216999823734],[10.936780499708433,45.232916499662444],[10.902113000478106,45.237482499938004],[10.898574000237794,45.24751549983436],[10.88352249995839,45.248224000383566],[10.880306204161394,45.245692936990515],[10.8791949994845,45.252238000129466],[10.864588613751042,45.254314247412836],[10.848610999999996,45.263073],[10.835691000000006,45.280904],[10.78286500061651,45.31540949973033],[10.75322994170614,45.297042828873266],[10.740153999999995,45.316049],[10.721989000130055,45.31883350001572],[10.714713893383244,45.316428759389424],[10.697461000000004,45.320257000000005],[10.706404,45.329485],[10.706931,45.35374300000001],[10.717938999999996,45.361214],[10.717939000000001,45.36744299999999],[10.705216999999996,45.37381499999999],[10.702118999999998,45.38245],[10.702427000000005,45.422814],[10.687397000000006,45.42384700000001],[10.661755000000003,45.419035],[10.649977999999999,45.430119999999995],[10.642990999999995,45.44802800000001],[10.649669999999999,45.460640000000005],[10.650439000000002,45.49804800000001],[10.640530000000005,45.563033],[10.644243000000001,45.609571],[10.745581,45.717412],[10.76061,45.729662],[10.782935,45.756282000000006],[10.802533999999996,45.788889],[10.844896999999996,45.834054],[10.884580000000003,45.81694900000001],[10.893895999999996,45.80609399999999],[10.899521000000002,45.79002100000001],[10.898906000000004,45.77989199999999],[10.883196,45.767697000000005],[10.877306999999993,45.757853000000004],[10.870781000000004,45.730904],[10.872494999999994,45.71783],[10.894049999999993,45.714215],[10.931777000000002,45.681894],[10.941841000000002,45.682487],[10.957704999999995,45.69416500000001],[10.983434999999998,45.69271500000001],[11.011251999999997,45.714622],[11.043024999999998,45.71090800000002],[11.063634999999996,45.712556],[11.112986000000003,45.70026300000001],[11.130717999999993,45.69959300000001],[11.147922000000005,45.710513],[11.184880000000005,45.75472200000001],[11.182507000000003,45.77844100000001],[11.201931000000005,45.791263],[11.200546999999993,45.810895000000016],[11.258093000000006,45.883921000000015],[11.274528999999998,45.91498000000001],[11.310717999999994,45.93771],[11.323264000000004,45.93854499999999],[11.341414000000002,45.92438400000001],[11.35106,45.92144],[11.358970000000005,45.922934],[11.383007999999997,45.94484],[11.379756000000002,45.967582],[11.387512,45.978898],[11.440576000000002,45.987632000000005],[11.495046,46.01243900000001],[11.540991000000002,46.015977000000014],[11.564238000000001,46.01414199999999],[11.578850000000003,46.006188],[11.596077000000003,45.981634000000014],[11.613589000000005,45.975591000000016],[11.653799000000003,45.97543699999999],[11.684801999999996,45.98432499999999],[11.680758999999998,46.004473999999995],[11.684494999999998,46.03027000000001],[11.691195999999998,46.042619000000016],[11.704687,46.053418],[11.698953000000005,46.08708],[11.706863000000004,46.099385000000005],[11.744128000000003,46.10529600000002],[11.810684000000002,46.1069],[11.840457000000002,46.11806200000001],[11.884226,46.12824599999999],[11.902200000000006,46.136585000000004],[11.932016999999998,46.16878600000001],[11.944892999999997,46.177443],[11.967260999999997,46.185144],[11.971281999999995,46.193098],[11.962866000000004,46.200976],[11.932632000000003,46.21268700000001],[11.922567999999998,46.219839],[11.919778000000003,46.227771],[11.927358,46.250612],[11.924567999999999,46.253095],[11.906704000000003,46.25901600000001],[11.892905000000003,46.271902999999995],[11.853463999999997,46.27371600000001],[11.848651999999998,46.282527],[11.848036999999994,46.307873],[11.801168999999996,46.34883000000001],[11.797961000000004,46.359596],[11.802927000000004,46.36621000000001],[11.821999999999994,46.375669000000016],[11.848190999999996,46.38102000000001],[11.860956999999996,46.427085],[11.887786000000006,46.443785],[11.895696000000001,46.45476000000001],[11.893674000000006,46.462176],[11.880798,46.471371],[11.843247000000005,46.478457000000006],[11.834238,46.483830000000005],[11.832238999999998,46.504034000000004],[11.851925999999997,46.514163],[11.998412999661804,46.53286199985323],[12.022038999999992,46.53941],[12.032278000000007,46.55078000000002],[12.038474000000003,46.571313999999994],[12.054756000000003,46.58677200000002],[12.071190999999995,46.613127999999996],[12.081563000000003,46.654876],[12.089642490150226,46.6667833901686],[12.126893999704206,46.64484950032236],[12.13847749941849,46.64327250008241],[12.145154999634025,46.63408149964637],[12.161112499942131,46.63682999980811],[12.171364999421193,46.63410299984422],[12.182220999464421,46.62101999990581],[12.18971099977591,46.62135542728043],[12.196567500002535,46.608447000288336],[12.192270499882017,46.594568500013395],[12.203886247128656,46.59936947462552],[12.208081000000002,46.594933999999995],[12.21397,46.59606600000001],[12.253081000000002,46.61085400000002],[12.302431999999992,46.614622],[12.340730000000004,46.62815700000001],[12.360043999749804,46.61959250012864],[12.388673999999998,46.619434000000005],[12.392410000000005,46.62180700000001],[12.392101999999994,46.632397999999995],[12.399221000000002,46.63973699999998],[12.423765000000003,46.649449],[12.444550999999997,46.665423],[12.469631999999995,46.675799000000005],[12.499887999999999,46.67213900000001],[12.547326999999997,46.652192],[12.57007149943742,46.65145349979193],[12.620189999999997,46.65648100000001],[12.641719000511056,46.65199200038668],[12.652090165738494,46.65424818318976],[12.669592999999995,46.65301899999999],[12.706592999999998,46.63774900000001],[12.726801500207827,46.640414000235985],[12.731392999857215,46.634287999591336],[12.745102499511512,46.637801999910444],[12.74630672166641,46.64150685004924],[12.761418000000006,46.57255500000001],[12.760187999999998,46.536927000000006],[12.757090000000003,46.534477],[12.681636,46.524962],[12.663662000000002,46.516536000000016],[12.646436000000001,46.50175899999999],[12.642261000000001,46.491267],[12.670320000000002,46.47700700000001],[12.669858000000001,46.45913199999998],[12.665507999999997,46.457891000000004],[12.640701000000002,46.463878],[12.593063999999998,46.46368100000001],[12.551162000000007,46.45741900000001],[12.529299000000002,46.449025],[12.520247000000003,46.442279000000006],[12.497306999999996,46.397323],[12.465315000000006,46.35644300000001],[12.436641000000002,46.332108000000005],[12.370393000000004,46.30626900000001],[12.343521,46.281978],[12.335918000000003,46.269475],[12.342905000000004,46.25774200000001],[12.382786000000001,46.22994700000001],[12.419590000000003,46.22555199999999],[12.431366999999998,46.211808],[12.452922000000003,46.20971],[12.456482000000003,46.206381],[12.460657000000001,46.18136499999999],[12.491418,46.16142500000001],[12.498229999999994,46.14695600000001],[12.502580999999998,46.11754500000001],[12.499174999999997,46.106647],[12.487529,46.09749500000001],[12.447341000000002,46.085202],[12.418952999999997,46.05068300000001],[12.440353999999996,45.997553],[12.444704999999997,45.966242],[12.452768999999998,45.95595900000001],[12.473071,45.950169],[12.494054999999998,45.933656000000006],[12.512798000000002,45.92856999999999],[12.526288999999995,45.92035200000001],[12.532244000000004,45.90254300000001],[12.567905000000005,45.838854999999995],[12.603127000000004,45.826243],[12.613059000000003,45.826485000000005],[12.629341,45.83281300000001],[12.638855000000001,45.832088000000006],[12.660872000000005,45.81901400000001],[12.672803000000002,45.802062],[12.690160999999998,45.800568000000005],[12.698994000000004,45.803556000000015],[12.739511999999994,45.831461],[12.770405000000002,45.83849300000001],[12.783743000000001,45.853170000000006],[12.791959999999994,45.856170000000006],[12.810725,45.846864],[12.815427000000001,45.83126400000001],[12.826742999999999,45.82444100000001],[12.835421999999996,45.826660000000004],[12.845508,45.838603],[12.863217999999996,45.846502],[12.883696,45.84203],[12.886332999999997,45.83254900000001],[12.894551,45.825836],[12.939857999999994,45.81932200000001],[12.95179,45.820716999999995],[12.972883000000001,45.842624],[12.992615,45.833483],[12.999293999999997,45.82547400000001],[12.997427,45.80227100000001],[13.001931000000006,45.781957],[13.025792999999997,45.759534000000016],[13.028891999999999,45.742769],[13.051897,45.718918],[13.080724999999996,45.665074],[13.095627999999996,45.652321],[13.084971999999999,45.641912999999995],[13.060557,45.63666400000001],[12.981699999999998,45.634833],[12.943858000000004,45.62856700000001],[12.908684500280723,45.614764000355144],[12.900887474665875,45.60884214486015],[12.780771999999999,45.553534],[12.611663999999996,45.49616100000001],[12.512705999999996,45.470445000000005],[12.487803999999999,45.45673200000001],[12.451427000000002,45.450426],[12.42110198650422,45.43770300051223],[12.423399499496965,45.44595200003359],[12.43756100061024,45.458144000258194],[12.44530199983547,45.470647500213126],[12.46825700037255,45.47541150013177],[12.477762500306167,45.48459650035619],[12.477645701333541,45.491833599959726],[12.483671500408324,45.49381949992398],[12.48642849982276,45.499524499769066],[12.493227624795326,45.49822542545388],[12.492931000000002,45.490790000000004],[12.515146999999997,45.492743000000004],[12.519512232446967,45.502731236083726],[12.525180999450567,45.50270599981634],[12.528619000177912,45.49940449980906],[12.546528000314074,45.498268499966436],[12.553685000611527,45.492307500299766],[12.55238049974827,45.486222999814],[12.56222100034102,45.486952499977065],[12.576016500274093,45.49538450009074],[12.570604499954447,45.49650800026904],[12.57059150027351,45.50261449956923],[12.583088500061653,45.50692600043862],[12.58695199971318,45.50580549958412],[12.602594500404992,45.515221500268325],[12.611990500511165,45.51471899980469],[12.614001000085157,45.519132000220885],[12.613043500481117,45.51462300033018],[12.622225499838457,45.51279300017697],[12.628816499621701,45.518213500172195],[12.631836000621824,45.534338499650765],[12.603491999744632,45.53845650003917],[12.595152500016372,45.53526850013389],[12.584935500396785,45.52522250013583],[12.57364149956763,45.52667349990003],[12.570797500134947,45.524645499692895],[12.54677099990516,45.51378249959004],[12.542753999390804,45.50998900004629],[12.545454000084895,45.507159000307894],[12.529629499803447,45.50032549976833],[12.53345599968027,45.506195000393625],[12.531956500499284,45.51270399958447],[12.542233000621938,45.510072499686665],[12.545673000339931,45.513683000360615],[12.56820799966902,45.52537550034682],[12.580385500252289,45.52892350028744],[12.585705999497208,45.538176500368216],[12.596601500135076,45.54527400042031],[12.579744513783767,45.549768696244975],[12.581716000000004,45.552883],[12.573589499658377,45.551408999926515],[12.562280999778322,45.56466650037452],[12.558370499876952,45.55878549999666],[12.551403499635494,45.564062500294995],[12.542643999602605,45.56390050018589],[12.537537500079447,45.56822750023743],[12.540090499997998,45.57572250041759],[12.50802350025053,45.56939349985282],[12.506602,45.57331],[12.471727999705784,45.56159750018168],[12.457101000117964,45.55272550023651],[12.458505824582351,45.54832472719144],[12.451870000193137,45.544849499893466],[12.446111060619337,45.534898842519496],[12.438012500057615,45.5351570003211],[12.435706500084036,45.52797750029647],[12.428308500158684,45.52605100026889],[12.428728999990241,45.53613299981496],[12.424490499469416,45.54169849986274],[12.415057999604473,45.545198999671676],[12.410114999631244,45.54173499983114],[12.410725500261684,45.53229699982114],[12.405254499868585,45.53218799986814],[12.404459500535314,45.53677800036123],[12.39864930714909,45.533352252284764],[12.396738999999998,45.53925200000001],[12.384124999999996,45.52301700000001],[12.387038963956408,45.51881620845847],[12.372016999810233,45.5210824999274],[12.354292740005437,45.50482139909943],[12.335956881696584,45.49921933472194],[12.337095500137504,45.501151999675166],[12.295539462202887,45.479282395082436],[12.27892600060204,45.47756699961805],[12.282472906725111,45.47031102644895],[12.265866806334142,45.45424406526362],[12.261062000547865,45.45752149982418],[12.258591836657198,45.44429285049351],[12.252695999999995,45.43622499999999],[12.252696,45.429999],[12.258485404125489,45.429505147001656],[12.24929153097006,45.41899126588766],[12.239229999348865,45.42342099967346],[12.193268499762146,45.41287349973698],[12.164675500376138,45.39072950010258],[12.187739500624803,45.37426100031095],[12.184050000431581,45.368396500399925],[12.180052999724143,45.36993799969219],[12.176588500029567,45.36663099977854],[12.173220000275876,45.369713500290565],[12.165226500164747,45.36906199983478],[12.154305499908103,45.38667649955907],[12.148591999928458,45.39108349998239],[12.144008499940517,45.39042600030541],[12.143176000533579,45.38034800014005],[12.147352499779172,45.37946799961607],[12.150197500488003,45.36479599978192],[12.165685999395834,45.35956050026651],[12.170417499550402,45.36158099981794],[12.166142999558463,45.35713499996394],[12.148987999983722,45.361462500429205],[12.140765500052945,45.35817800037516],[12.142011500338565,45.336996499626835],[12.139213999825975,45.318329500095594],[12.133659999776375,45.31610549971246],[12.130060000024447,45.26095099975635],[12.134823000394018,45.25807149962674],[12.14676400055887,45.26394900006821],[12.15375950021932,45.26102249969093],[12.158327999438903,45.25366999998505],[12.173175999436237,45.25238499969296],[12.188807499480589,45.25820749958924],[12.197884499428646,45.25646400017339],[12.204886999725884,45.25832400003451],[12.213132999425355,45.25448550001435],[12.213611245485415,45.247619774411454],[12.202215999929674,45.2328579999613],[12.207114999722322,45.229579500239865],[12.221829499804734,45.20065700040199],[12.204566500246358,45.197676000203614],[12.248510499864867,45.18409799987954],[12.266423999789515,45.18346800021502],[12.266238500027285,45.18682099976428],[12.259421499507628,45.185135499867705],[12.263988999910591,45.19168949984359],[12.26974300006082,45.19209000022394],[12.264071708354946,45.20560718613416],[12.277968999700226,45.21183950017494],[12.27833999983042,45.20371599963481],[12.282824000271948,45.20240699972093],[12.279777500048338,45.199388500208144],[12.280398499582759,45.19711600042268],[12.287151000334594,45.20964199983527],[12.29106999967292,45.22236550019113],[12.30071288009192,45.228311764821804],[12.298025000000003,45.215399000000005],[12.302455499595943,45.2023329999891],[12.321056000000002,45.172349],[12.321951000000002,45.13873900000001],[12.328461,45.101020000000005],[12.3195779999075,45.120054499877114],[12.310219499767568,45.119374000024855],[12.315548999944566,45.122648999730856],[12.313242499472647,45.13604300038537],[12.293885499760862,45.139263500212024],[12.291410499782495,45.13262700037801],[12.299345000165722,45.12136599966521],[12.287740999852897,45.122243500060016],[12.275620999513887,45.117111000414134],[12.267969499599358,45.11002949988505],[12.268986000088068,45.102391999629496],[12.260507999426611,45.09485649994403],[12.268661500003143,45.09295600016028],[12.271069499579696,45.0828735002687],[12.281072000419408,45.07645199989727],[12.29138350011205,45.08024950011601],[12.302928000252761,45.07518599977787],[12.301377000526518,45.0718724997298],[12.289017999797633,45.06915299992496],[12.282757999942946,45.06210449961583],[12.287286500321152,45.056134999941776],[12.323149000094714,45.04557499996285],[12.346526000092032,45.04515300028242],[12.364606658731711,45.05084774287065],[12.376231,45.038967],[12.376230998718809,45.03309003177938],[12.374072950677212,45.03189403707318],[12.374826000368774,45.036638999718676],[12.367204000596036,45.0443225004247],[12.359910999743358,45.04622350025471],[12.356174000183966,45.04446149974488],[12.347425999927525,45.02274899958977],[12.347247000012704,45.042565000205585],[12.336060499797727,45.044354499586944],[12.324845999971357,45.03113250026779],[12.313157500287618,45.02558699957216],[12.300996999696512,45.01363350042035],[12.300284999836808,45.001021000423215],[12.308825500236372,44.997034000158365],[12.30973549945426,44.989930000241934],[12.321018500439887,44.99088600000369],[12.319253500632412,44.98870500028571],[12.309669500480897,44.98930149982753],[12.312514999571379,44.96678749959519],[12.32112599943011,44.96617399978669],[12.3221840001352,44.973706499797835],[12.334834499889707,44.98165400029762],[12.339609499802581,44.99250800025221],[12.348233000208452,44.99789850029358],[12.36177950056612,44.99859450013538],[12.367765000234229,44.99394049959967],[12.381174999963227,44.99555700023563],[12.383282999384448,45.00050049995847],[12.377166499722119,45.003655500449206],[12.387243500013344,45.0078379999012],[12.395373000103177,45.020354500040014],[12.39995999942703,45.01369700008027],[12.39375699972341,45.01684600000593],[12.389162000372881,45.00669099973724],[12.40128099946595,45.00450750021046],[12.412097499583755,45.008072000223265],[12.409055000227765,45.02222099985653],[12.40474749973794,45.02315250005818],[12.409863999823706,45.03174649986383],[12.442758000428219,45.010716499543705],[12.443446499621565,44.99955549989088],[12.44865550014574,44.996591499795734],[12.458963117157298,44.99741668101007],[12.472384505835207,44.986461530285744],[12.469462499479269,44.97929750012988],[12.49403699955761,44.97136599986048],[12.497440499706292,44.95700349992264],[12.492194000365073,44.954234500071294],[12.490378999842521,44.92954600041297],[12.47928450058061,44.93210450007023],[12.476861499986189,44.93148599955549],[12.48405199991375,44.92749049992686],[12.485925000101807,44.89598250002758],[12.4710700005898,44.886971500040545],[12.461456499438784,44.886002499909345],[12.462964499541929,44.84339849957248],[12.452646000439138,44.836286999611445],[12.439524704965091,44.83312074769854],[12.438647292796643,44.835047116823574],[12.45072650025761,44.83755449973539],[12.457312499661507,44.84291649969568],[12.446870999639689,44.84389599960445],[12.432768999790214,44.85190050033986],[12.443631999645943,44.86418900027398],[12.439905832115155,44.8798308801826],[12.443043999999997,44.890082],[12.438324,44.901109000000005],[12.426930999999996,44.90497500000001],[12.400126999425456,44.89043249991661],[12.403605537913524,44.88477133328531],[12.389819499594092,44.87723600044789],[12.393037000154235,44.87409450030535],[12.38642599970656,44.869120499816326],[12.39187479815787,44.86398185589277],[12.391611999999997,44.858832],[12.405043999932442,44.85170950042644],[12.392874999991145,44.83067300040581],[12.403881499479196,44.81956049956739],[12.41702299946833,44.81782450029828],[12.415697500512804,44.82049849958349],[12.421125683604156,44.81416824136564],[12.41435677752574,44.802333326263465],[12.393397000000006,44.793452000000016],[12.349716999999998,44.818039],[12.345211999999995,44.823773],[12.343520999999997,44.840055],[12.336533000000005,44.84863599999999],[12.293378999999995,44.864752],[12.284238000000002,44.904599999999995],[12.294785,44.92744],[12.287643999999998,44.93535099999999],[12.272000000000006,44.936427],[12.223264000000002,44.926122],[12.174529000000003,44.93684499999999],[12.148030000000002,44.933428000000006],[12.129067000000003,44.940053000000006],[12.118674000000004,44.95653200000001]]],[[[12.537745999552106,45.52529899997778],[12.542898823292452,45.526584414827646],[12.544735000284467,45.52276850035575],[12.54415450001918,45.52229550011633],[12.537745999552106,45.52529899997778]]],[[[12.522290999384312,45.55644850012117],[12.526512500591444,45.55785850002335],[12.524246499948724,45.554951999587146],[12.522290999384312,45.55644850012117]]],[[[12.506602,45.49823600000001],[12.504553500314207,45.49911549995797],[12.505382134291047,45.50011352563147],[12.506602,45.49823600000001]]],[[[12.500040500453087,45.498416500423154],[12.500634938131299,45.49796108682293],[12.499695140591887,45.49799465347201],[12.500040500453087,45.498416500423154]]],[[[12.441547821559457,44.828569689661045],[12.458094500492734,44.83968849978158],[12.465202000513203,44.841316000182935],[12.45005171350427,44.82517543731718],[12.443783241457968,44.82299263314176],[12.441547821559457,44.828569689661045]]],[[[12.474671500331059,45.503475000185475],[12.472737500341365,45.50216400035165],[12.468765999499032,45.502684499940464],[12.469825639386428,45.50408169403352],[12.474671500331059,45.503475000185475]]],[[[12.424000997821931,45.50047161127739],[12.413258477293741,45.49396049111571],[12.408503999633226,45.49947699999002],[12.413524999969745,45.498525000332044],[12.416995000145626,45.50178800001144],[12.424000997821931,45.50047161127739]]],[[[12.38677549945478,45.04590800025746],[12.383487499738132,45.053030000331404],[12.377588500424705,45.05626800020873],[12.368826000000002,45.06561900000001],[12.394656000581742,45.04537600016834],[12.397683499518177,45.03958949994894],[12.38677549945478,45.04590800025746]]],[[[12.411078499911554,45.494385499803386],[12.411632000000003,45.49331299999999],[12.407380135126356,45.4929242345977],[12.411078499911554,45.494385499803386]]],[[[12.384973372200935,45.03223938811002],[12.386955500395105,45.027295500351634],[12.385536000428205,45.02657299957352],[12.384973372200935,45.03223938811002]]],[[[12.376249496428104,45.42255281795811],[12.389171000000001,45.433539],[12.400080500073239,45.42966850022751],[12.388508937947487,45.42243144739967],[12.376249496428104,45.42255281795811]]],[[[12.387184499409685,45.51604000018918],[12.387851700280915,45.51764443369408],[12.388539752230045,45.516652380785615],[12.387184499409685,45.51604000018918]]],[[[12.335609564818752,45.36728751737015],[12.336729000292555,45.37395800015872],[12.366347500005402,45.41533699997442],[12.374154123742562,45.419730581912205],[12.335609564818752,45.36728751737015]]],[[[12.349291499817207,45.062429499971664],[12.342797499497763,45.05949800021209],[12.344550999526087,45.06431149998228],[12.337118499958603,45.07034700013932],[12.327268500525376,45.08912700023447],[12.340831,45.081448],[12.356594508728165,45.06183980641374],[12.352404000345915,45.06146299982124],[12.356884000580468,45.05920350043755],[12.349291499817207,45.062429499971664]]],[[[12.360783499793456,45.41133000032046],[12.361353500540094,45.41339449991733],[12.36301200004975,45.41221099956361],[12.360783499793456,45.41133000032046]]],[[[12.321622999886456,45.44783649968264],[12.328955000202264,45.4486939998949],[12.354026500460318,45.438022500348815],[12.36219149948984,45.44079999956334],[12.362070999999995,45.43813699999999],[12.349117623980169,45.43261979013011],[12.33832549949702,45.43264300026226],[12.332486999788346,45.428480500161974],[12.320349700411507,45.43080899492373],[12.316579999999998,45.443061],[12.321622999886456,45.44783649968264]]],[[[12.356558527557947,45.45363557511264],[12.343170500173427,45.45471800024951],[12.34480163217207,45.458808168339594],[12.356558527557947,45.45363557511264]]],[[[12.343737257467899,45.43025134542158],[12.342410918015492,45.42966741436477],[12.342584999734237,45.42997350011631],[12.343737257467899,45.43025134542158]]],[[[12.321462000000006,45.348009],[12.325976999804992,45.35428700035158],[12.326535398389023,45.354924216452005],[12.321462000000006,45.348009]]],[[[12.288069999680813,45.21607050042621],[12.282889500025053,45.21539700000046],[12.283660999747077,45.21767099997685],[12.288069999680813,45.21607050042621]]],[[[12.281283499745955,45.214564000154965],[12.27970985352622,45.21508868635851],[12.282874824795638,45.21732173870353],[12.281283499745955,45.214564000154965]]],[[[12.278190000078602,45.21396950005766],[12.27814105012737,45.213981709338086],[12.2783071070723,45.21409888549844],[12.278190000078602,45.21396950005766]]]]}},{"type":"Feature","properties":{"slug":"toscane-italie","name":"Toscane","source":"https://doi.org/10.6084/m9.figshare.19312094","sourceIds":["PDO-IT-A0285","PDO-IT-A0289","PDO-IT-A0291","PDO-IT-A0297","PDO-IT-A0318","PDO-IT-A0353","PDO-IT-A0507","PDO-IT-A0703","PDO-IT-A0760","PDO-IT-A0838","PDO-IT-A0839","PDO-IT-A1199","PDO-IT-A1220","PDO-IT-A1228","PDO-IT-A1235","PDO-IT-A1237","PDO-IT-A1246","PDO-IT-A1260","PDO-IT-A1262","PDO-IT-A1266","PDO-IT-A1292","PDO-IT-A1308","PDO-IT-A1312","PDO-IT-A1325","PDO-IT-A1337","PDO-IT-A1339","PDO-IT-A1348","PDO-IT-A1377","PDO-IT-A1379","PDO-IT-A1384","PDO-IT-A1387","PDO-IT-A1400","PDO-IT-A1413","PDO-IT-A1421","PDO-IT-A1433","PDO-IT-A1435","PDO-IT-A1437","PDO-IT-A1440","PDO-IT-A1442","PDO-IT-A1451","PDO-IT-A1453","PDO-IT-A1456","PDO-IT-A1458","PDO-IT-A1464","PDO-IT-A1486","PDO-IT-A1488","PDO-IT-A1490","PDO-IT-A1491","PDO-IT-A1493","PDO-IT-A1495","PDO-IT-A1496","PDO-IT-A1497","PDO-IT-A1498","PDO-IT-A1510","PDO-IT-A1512","PDO-IT-A1513","PDO-IT-A1514","PDO-IT-A1515","PDO-IT-A1518","PDO-IT-A1519","PDO-IT-A1669","PDO-IT-A1671"],"resolution":"municipality","sourceYear":2022,"labelLonLat":[11.57817,43.29761],"scope":"Wine PDO areas within Toscana; regional guide, not a single appellation or vineyard footprint."},"geometry":{"type":"MultiPolygon","coordinates":[[[[12.282774000560073,43.76626550010742],[12.261907500066622,43.7593189999274],[12.255651499736851,43.760348500135116],[12.250207500215096,43.75624949976439],[12.25467850011213,43.753286000005374],[12.245927500534401,43.75117649968639],[12.229009499818758,43.75953600022261],[12.221539000592571,43.75604449995511],[12.209114000207343,43.75714199970566],[12.20885749975121,43.74962249975266],[12.197505499951408,43.74500700043223],[12.20056099980615,43.74030449999869],[12.195209000092648,43.73188199979613],[12.186610499945937,43.735993499868826],[12.181754952587953,43.74317488959124],[12.193601000000003,43.745388000000005],[12.206675000000002,43.75888],[12.218298,43.764076],[12.249939000000005,43.76176900000001],[12.273076000000003,43.7718],[12.284421936020046,43.76945105708786],[12.282774000560073,43.76626550010742]]],[[[12.238075000210054,43.799017000087126],[12.233475999770029,43.80650599978704],[12.225003499617042,43.80985750040935],[12.21729250043224,43.802732999628],[12.198630999658148,43.80619250039737],[12.187219999807267,43.80392900043984],[12.177225500008968,43.81165050021278],[12.171700326024204,43.808128731499934],[12.177561000000006,43.821666],[12.184328999999998,43.818415],[12.233196000000005,43.812625],[12.239546,43.80599999999999],[12.238075000210054,43.799017000087126]]],[[[10.734588500032284,42.80389000001443],[10.739373788222213,42.80937173469409],[10.747566499588215,42.80603849967063],[10.760008500597133,42.810009999552584],[10.7747535000671,42.83806300018855],[10.775359999873677,42.84916299969213],[10.77161499945731,42.851703000175675],[10.774578999605431,42.85584700017011],[10.768376500457501,42.85992850028204],[10.771710999407984,42.86672749969285],[10.768879500060422,42.86907500000834],[10.7867325002141,42.88836399994571],[10.777726000450963,42.90425749990669],[10.763520000000002,42.91828],[10.699930499663985,42.94413199983002],[10.632498,42.958482],[10.583263000000002,42.959703],[10.539072999999997,42.94912300000001],[10.54637711218466,42.934998269140955],[10.540837500056202,42.93663950013125],[10.544069226257704,42.9339168942057],[10.518664042212835,42.92531256147053],[10.499521999999997,42.94049700000001],[10.485632947966474,42.97183610957432],[10.487759500060632,42.97641850032078],[10.483344500499083,42.988397500057125],[10.495245999650487,42.99478800020886],[10.502386000529071,42.99046450019173],[10.507695499522384,42.99080650015944],[10.516169000068894,42.99935749999732],[10.509885000396467,43.00665799964575],[10.510826500607262,43.01238649957743],[10.521681000533587,43.01947700030766],[10.539073000000004,43.079413],[10.539821493637557,43.135083441037374],[10.546559999999998,43.147121],[10.538908375064475,43.16306975724318],[10.528168,43.246772],[10.437022000000004,43.388577000000005],[10.378768270365754,43.44773130548462],[10.392976499551862,43.4595829997502],[10.391781499501347,43.46677399986551],[10.397638499785547,43.47415799963573],[10.40810950054251,43.476235499951635],[10.412314499785536,43.48267549998376],[10.411204000490866,43.49553850041386],[10.418960499978764,43.5073349996469],[10.416295500565722,43.51071050043004],[10.418374499835087,43.53254200010926],[10.40847449978052,43.54511799969035],[10.41187549982136,43.55370549986729],[10.396556999895394,43.56424049965786],[10.381248500551777,43.56773900028445],[10.37314349976741,43.57564349968461],[10.34578000047446,43.576463499682426],[10.340153999897078,43.58079799999453],[10.338085499654817,43.59589499998249],[10.366166499532675,43.602846999861676],[10.4092759994853,43.62056599984673],[10.41165450006206,43.628604000004316],[10.440810999698476,43.650599499749696],[10.438084500444807,43.66398449961811],[10.455448500318107,43.69384700025253],[10.452903000565108,43.696801000216745],[10.455790000423043,43.700843000236056],[10.447584999777801,43.70336500025402],[10.444283499523472,43.7098239997514],[10.447164999847853,43.718298500210544],[10.452652500599484,43.721398500337514],[10.462776999591032,43.72185349973322],[10.469968499964777,43.717449500401145],[10.46817550039243,43.70327450026864],[10.471446500020269,43.698467999751635],[10.47860950050968,43.698582500247],[10.495221999983391,43.71377550000946],[10.50214299977772,43.698508999710505],[10.524084500505763,43.69165800031209],[10.529831499626246,43.682588500407974],[10.560252999985854,43.68247650018255],[10.570246000482976,43.66961700007388],[10.581987499492593,43.66445600024127],[10.589460000505955,43.66496849995184],[10.597551499840835,43.6599580002617],[10.598441000029815,43.65596350020852],[10.603399500549877,43.65841700012898],[10.605930999461687,43.673769499901766],[10.613537999565258,43.67034849986526],[10.620983000013357,43.674412500312215],[10.62446499991178,43.66737349979827],[10.631427499472228,43.665691999701174],[10.646178499586341,43.68087949976252],[10.665087500248754,43.66962299956755],[10.670477000076563,43.6630220003416],[10.678708999664346,43.6608565000768],[10.68976900017799,43.66606899972611],[10.722601000060093,43.69344550013041],[10.731049500241578,43.695211000306266],[10.761986499847557,43.692187500282984],[10.775509500047438,43.70641099990181],[10.782008999833522,43.708803999742955],[10.792284499774718,43.70708549971919],[10.797068500201092,43.710180000213285],[10.778847499988384,43.73714750039054],[10.774250000534076,43.73515250019619],[10.76219400031965,43.73921750044827],[10.760179999678986,43.74412200036353],[10.735329999546387,43.756179999878256],[10.725971999766848,43.76855299964198],[10.714556499618567,43.776684500382636],[10.711905500560556,43.78558150020638],[10.68850350015053,43.80508499986289],[10.6851475002685,43.80046399995696],[10.662595499995286,43.80620549981661],[10.655461000409508,43.80355400041831],[10.64616550043461,43.79642250037543],[10.63651800056839,43.774475000225365],[10.621885500528254,43.756253000291835],[10.609745500430986,43.75516449985857],[10.596641500420043,43.75940899960034],[10.594904499884105,43.76369200013235],[10.588410500362391,43.75864149993079],[10.570098999493833,43.75337500015378],[10.56242399972931,43.75392149968604],[10.554611499707942,43.749129999804765],[10.552779500209416,43.75227000027504],[10.52551799981883,43.76197899978719],[10.500884500007405,43.7532790003587],[10.495107499786156,43.75816049981632],[10.480571000429954,43.75964849972319],[10.46823300052154,43.76666849982209],[10.45330450036737,43.76534650011812],[10.450337000261154,43.772623499982586],[10.441263999995495,43.778212499934426],[10.43907500054064,43.787451000194054],[10.45082050006275,43.79423899958759],[10.452038000528345,43.8044434999003],[10.446389999612416,43.80902750029818],[10.44158449998529,43.80747800030313],[10.436022500428477,43.8114100002986],[10.425596500466042,43.83473000041668],[10.413807999891413,43.822269000310094],[10.409891000055794,43.8272310004058],[10.403191499439739,43.82134650031928],[10.389427499534017,43.81819249984674],[10.380431999410911,43.81257499986818],[10.373776500124388,43.81436349963333],[10.364733500579828,43.830266999852554],[10.367520499808872,43.84068700023091],[10.373173999934702,43.8446054996718],[10.377520499709291,43.839677499842445],[10.388248999495898,43.843162500260505],[10.393276500262967,43.84189950005745],[10.396752000046135,43.84598749985021],[10.386995999757394,43.852849999761105],[10.37362699992146,43.855271500412],[10.369569999632818,43.8596060000807],[10.369524000463123,43.87118550023919],[10.360220499389735,43.87911199974493],[10.365979999697192,43.881951499630766],[10.380746999548242,43.88052649988945],[10.394704999955177,43.88522350029563],[10.385214499837515,43.89154050043389],[10.387173000089538,43.898622499556865],[10.408300999550992,43.89905699957228],[10.412584999884688,43.90331699956816],[10.43286800004449,43.90906950001956],[10.448598000031984,43.9048729996302],[10.456481999562842,43.91873750017611],[10.47086249946968,43.929114500329625],[10.47817000041884,43.930406499939366],[10.496050000618412,43.922548000318],[10.508725500334899,43.93222199957533],[10.500494000305645,43.93731849978873],[10.50570549963403,43.952276499604004],[10.515504500140297,43.959631000264885],[10.52610100002139,43.94812500013079],[10.538953500099154,43.9536159998985],[10.587178500455,43.93743400028773],[10.595500000302067,43.94297200030644],[10.597543499657677,43.93807699976373],[10.59365700058006,43.932274500091125],[10.612327999985894,43.93120250013028],[10.61784650049535,43.92474999966505],[10.613985000276006,43.91783600002737],[10.62487800003314,43.91763649998244],[10.62911150034793,43.913479499804176],[10.63832849990622,43.91441000034533],[10.648139500160324,43.911131000250684],[10.657953500437301,43.916071499938084],[10.661594999473884,43.928785499997936],[10.666313500247673,43.92957200018788],[10.665194500347603,43.93768249963311],[10.673519499717193,43.95242550013505],[10.67093949991514,43.96220499999611],[10.673396000008838,43.97333349999148],[10.669705000178558,43.97997799972748],[10.694458999996767,43.998988500395384],[10.700013000335357,44.0109254998074],[10.711960999547967,44.01819299961142],[10.727526499690622,44.01846250030114],[10.73946050013257,44.02637550023845],[10.743479000063493,44.02160100008592],[10.740745999622138,44.01411349998103],[10.745162500183715,44.0093260002526],[10.741135000084151,44.006407499987226],[10.740596499913146,43.999721499867015],[10.733837000139653,43.99695900013961],[10.728670000224813,43.982004000389544],[10.736310499999396,43.97297850023356],[10.74071449989981,43.97323649970785],[10.74708750024194,43.979861499626956],[10.752289499967764,43.97798899980865],[10.764789500443518,43.98319149980224],[10.786948500360516,43.97045850014921],[10.799581499814431,43.9859934999966],[10.791840500093473,43.99272150036936],[10.791967999391145,44.00129500006685],[10.802267999553624,44.00184550031974],[10.810227499649118,43.99822850022966],[10.8134980000216,44.00720549987594],[10.806480499794631,44.015304999993134],[10.81153999964914,44.02053900034228],[10.828680999707442,44.02586149990566],[10.843777000014473,44.018414500257315],[10.861162499856661,44.03167700043079],[10.882904499439206,44.03769499983649],[10.889926999829864,44.042483500420346],[10.878332000203939,44.0615459999546],[10.86629950044442,44.06672849959846],[10.86571699981848,44.06954499977065],[10.88097849968504,44.07544150013692],[10.882134499384708,44.079150000264406],[10.868676499564197,44.08703900010896],[10.867904500704519,44.09102004649315],[10.901917379716316,44.07331773302549],[10.899161999919496,44.06646100005587],[10.901818000318231,44.0640130003507],[10.91773900053116,44.062762500033436],[10.929374000170888,44.05783350011714],[10.943883499906011,44.05905499988768],[10.970319999498473,44.051327000258446],[10.978213000462247,44.04243050033199],[10.977334500345972,44.03591149993089],[10.987023499983506,44.0281985003948],[10.98535950002972,44.01797249966781],[10.998145000537548,44.00822150036033],[11.01172750012032,44.00544049957552],[11.014357000096409,43.99572099990041],[11.03743850015648,43.99837999994348],[11.056105499432022,43.99158350014773],[11.059000999625114,43.98390299978221],[11.071267500049723,43.98322799998472],[11.08117050025127,43.97353450000135],[11.095614000467366,43.95032100018441],[11.08128649987541,43.93720400004143],[11.079916500297333,43.923634000421174],[11.067601000362695,43.90861000006605],[11.046260499469705,43.90227999957602],[11.030077499409703,43.90201299957919],[11.024840499500142,43.89629899981604],[10.990819500503,43.92195100018693],[10.989125999920748,43.910710499648935],[10.979150000604585,43.90890450030483],[10.982319500098225,43.90413050005762],[10.979871500581394,43.89377400017197],[10.98572500025877,43.88446200041768],[10.998680500106337,43.87906099997156],[11.002441000570654,43.87287049999642],[11.016941499760078,43.867375500413274],[11.02582650016839,43.85614899996219],[11.024563500273064,43.84456649991961],[11.045093999531744,43.82557600032023],[11.06210399999438,43.81637949960063],[11.069587500610742,43.82499249992927],[11.07709100028006,43.82370949989955],[11.083800000487244,43.81771850024911],[11.087194000320714,43.81998850033161],[11.093006499648132,43.81764899993073],[11.10386599937395,43.82592199960578],[11.122796499882556,43.85056500011459],[11.12312449984105,43.85700550017809],[11.135251000484296,43.852682999685996],[11.14573500019986,43.860895499877564],[11.147728499578045,43.86997899960575],[11.134470500502674,43.88415549970615],[11.147655499952636,43.90223949970223],[11.14166999993015,43.906853499612865],[11.157721000221331,43.91683350029373],[11.169353000216827,43.91861599958062],[11.16075799999284,43.93535899979465],[11.17175999963336,43.94156050038723],[11.175131500108439,43.95166149969367],[11.169393000188993,43.96279950019661],[11.173970999797058,43.97451600021938],[11.171331999660252,43.98035950009674],[11.180058999664768,43.99362650041684],[11.176017999952375,43.99584150007401],[11.177039499753723,44.00692999983236],[11.17356099960213,44.01102749991192],[11.178872000567251,44.01034550018496],[11.180567499451321,44.01474299971935],[11.18698399947809,44.016979000363825],[11.191591499938768,44.029788000379355],[11.179442500048099,44.04227849989415],[11.180427000426883,44.0510824997617],[11.186210499461016,44.0562660001323],[11.185699500564013,44.07114449982111],[11.189115000028695,44.07716500034626],[11.201762500315537,44.08489899976019],[11.212840000294753,44.086030500229334],[11.199158499599537,44.09838200029074],[11.200912499817191,44.10054450040332],[11.213605999677121,44.09871049955536],[11.22837350050134,44.102388999668676],[11.237355000341328,44.10149299976207],[11.244299499666209,44.097022499645874],[11.252617500325568,44.104519499955],[11.263765999622702,44.10434850040474],[11.260245500228889,44.11582550032842],[11.255893089261349,44.115098412360275],[11.255149000000001,44.11903300000001],[11.247568000000005,44.123065],[11.202722120326813,44.138535179340636],[11.196787412277768,44.15149875349792],[11.214035499442232,44.150129000445034],[11.23931049960418,44.15890000040759],[11.271514999414533,44.15918650013071],[11.280874499547187,44.15372399999651],[11.285349500358713,44.16228550010837],[11.298119000019668,44.16790800036114],[11.295821999456225,44.172379500409996],[11.309548999490488,44.17282700026646],[11.323164999724064,44.181251999595545],[11.32442900003016,44.1946229997753],[11.342829500526145,44.20580200023943],[11.380565499453976,44.199983999610346],[11.387409000527796,44.20520700004085],[11.389223000437678,44.212413000060934],[11.380990487745715,44.2184538172049],[11.391995000000001,44.232445000000006],[11.402541,44.234928],[11.431897000000005,44.22711700000001],[11.439807000000004,44.219987],[11.448798690866855,44.205222818258044],[11.446271499516273,44.20175500005221],[11.458381499698922,44.19207350014446],[11.45846199973998,44.18799799976679],[11.464026735688446,44.19184511311753],[11.469228545924686,44.18736485770263],[11.467890500327833,44.18478199977634],[11.47322320028097,44.18392365256923],[11.503451499778363,44.16230899981388],[11.515496499531647,44.16195149965353],[11.51615349991354,44.15753599969864],[11.52239050033123,44.15534449981853],[11.527418611638682,44.162244420459594],[11.551055000000005,44.162682],[11.571841,44.17369],[11.588320000000001,44.170635999999995],[11.604119000000004,44.162528],[11.610798000000006,44.152289],[11.590166000000002,44.13537],[11.588166,44.128833],[11.593747999999998,44.12588900000001],[11.644481999999998,44.117462],[11.692140999999998,44.130558],[11.73167,44.13271100000001],[11.745666000000002,44.130075],[11.747227000000004,44.121648],[11.730570999999996,44.09570900000001],[11.720199999999998,44.07023199999999],[11.703303000000005,44.05318100000001],[11.684802000000001,44.026714999999996],[11.677354000000003,44.023024],[11.655644999999993,44.02092599999999],[11.652392999999995,44.017729],[11.650062999999998,43.994987],[11.653315000000005,43.98640600000001],[11.685614999999999,43.96205],[11.683303000594707,43.936174500388674],[11.692437999505191,43.93267299989595],[11.69259549959941,43.92954549980162],[11.702488000551403,43.92833265505995],[11.706248000000004,43.92409200000001],[11.708884000000001,43.884838000000016],[11.732592999999998,43.86858900000001],[11.784888000000004,43.84745099999999],[11.78540046909039,43.847121078302514],[11.732497500468122,43.863147500236636],[11.715993999671124,43.876776499947084],[11.691167000090879,43.87270049997387],[11.678634000268625,43.87797399957141],[11.660404500192014,43.87193549967811],[11.649751499530012,43.86022249995457],[11.654392000014814,43.846956000317036],[11.652705999780155,43.84175550037873],[11.64967850011354,43.84558000002594],[11.630235000580296,43.84672299996977],[11.623330499480371,43.83167500020027],[11.629548499838313,43.824869499809346],[11.628553999880978,43.82119200025766],[11.623638000415784,43.814849500073784],[11.608559999861024,43.80837950008712],[11.604841499777109,43.81020649989194],[11.603767500411731,43.787348500420094],[11.602198500412852,43.7838460003931],[11.597346499851714,43.78314600018511],[11.595670499855023,43.77112850010879],[11.584847500207324,43.76936600026077],[11.581908499759718,43.766029500182526],[11.58957899984565,43.747155499672566],[11.57200050004217,43.73428149962264],[11.5771849998353,43.72141550025996],[11.581901999624217,43.717644500344306],[11.59379700028722,43.71598849968461],[11.600797499587754,43.70336200012213],[11.61111800038784,43.694390500050005],[11.609713499887267,43.68489700035085],[11.624135000180969,43.66708850006785],[11.641817999656364,43.66368849969942],[11.646812999673331,43.65505099981097],[11.668109999820148,43.649893000432684],[11.678589999650605,43.64438049967178],[11.686023500431654,43.63257349976416],[11.709617999502093,43.628009999610825],[11.728826500411612,43.61753199963387],[11.740732499806995,43.633272999582836],[11.749901999487026,43.63836500016788],[11.757172500273175,43.63903600025897],[11.758719500493282,43.64240899960033],[11.77511449994978,43.6390779995756],[11.779517999625128,43.64256099959057],[11.790516999769244,43.63494050036091],[11.782799000172874,43.62941149990181],[11.78912200007405,43.61873200038186],[11.79696399956614,43.612746499720394],[11.80866850050302,43.61450800004612],[11.809339000466702,43.611376500331104],[11.815170000052252,43.61312349991905],[11.821495499764143,43.60953700033966],[11.827778499999432,43.601890999758155],[11.828287000205208,43.594243500401035],[11.838237999406212,43.59853449989523],[11.842862499558288,43.61201450035859],[11.854163999468408,43.618044500448875],[11.848732999886037,43.62191649976116],[11.852491000617947,43.63192450013625],[11.840486499798372,43.6297024996037],[11.838031999634962,43.63495849971716],[11.865098999922573,43.64759900030839],[11.863685000589117,43.649739000300436],[11.88681600043253,43.64644950041849],[11.888829000517005,43.64370649999011],[11.905808999704899,43.6466789995971],[11.918313499988777,43.64374950015293],[11.914225500510362,43.637407499811836],[11.921756499958876,43.62833750043453],[11.939635000287662,43.62564650014537],[11.945652999773106,43.6217369998807],[11.946791000037205,43.61433349977066],[11.942232500002103,43.60468699968085],[11.960618499494878,43.60268599959356],[11.96795399980737,43.575008000406626],[11.950505999783157,43.55803850031236],[11.935496999741744,43.550574000342955],[11.930980500310376,43.55175449958708],[11.927114000540112,43.54668349966613],[11.933271500403285,43.54705649996469],[11.943363500365258,43.52756550025693],[11.952059999766478,43.52193550005679],[11.954721000462877,43.51329749965263],[11.964222000337465,43.51486250028585],[11.978044500310428,43.49859400036769],[11.989892499535168,43.491820000388415],[11.991874500512688,43.47987449967887],[12.008838999472836,43.48685700034802],[12.027141499835288,43.48886749998481],[12.055763000204502,43.46423699995832],[12.04608250036017,43.4519085002698],[12.05319749948666,43.44570449960108],[12.054158483894438,43.435074824020816],[12.042803000000001,43.427071000000005],[12.037068000000005,43.416524],[12.048866999999996,43.411514000000004],[12.073651999999997,43.41119499999999],[12.074443000000006,43.380379000000005],[12.080837,43.371875],[12.120850000000006,43.362932000000015],[12.132626999999996,43.35725200000001],[12.138713,43.299992],[12.157631999999996,43.295235000000005],[12.173451999999997,43.296784],[12.190502999999996,43.316735],[12.198457000000003,43.318778],[12.207136000000006,43.314461],[12.215353999999998,43.300145],[12.213179,43.29104900000001],[12.158401000000001,43.262682000000005],[12.122080000000006,43.259738000000006],[12.096657999999998,43.245521],[12.076925999999997,43.246664],[12.049636,43.25560699999999],[12.037375000000003,43.254673],[12.029003999999999,43.250224],[12.022961,43.24188500000001],[12.016720999999997,43.211859],[12.00958,43.196929],[11.992990999999996,43.186459],[11.956207999999998,43.17633],[11.944562999999995,43.167903],[11.922721999999997,43.137570000000004],[11.917755999999999,43.122431000000006],[11.929840999999998,43.068565],[11.937444000000001,43.063005999999994],[11.953571999999996,43.073344000000006],[11.963547000000002,43.07313500000001],[11.977345999999997,43.052206000000005],[11.973918000000003,43.020214],[11.951703999999992,42.989957000000004],[11.932170000000005,42.927204],[11.934345999999998,42.915282999999995],[11.946431000000004,42.90786799999999],[11.951396000000003,42.89330000000001],[11.936982000000006,42.87433699999999],[11.889016000000002,42.850387],[11.832700000000004,42.832578000000005],[11.808047,42.813352],[11.795808,42.81139700000001],[11.783811000000004,42.818966],[11.769243000000001,42.820361999999996],[11.750478999999995,42.806332000000005],[11.747226999999997,42.798477],[11.773878999999996,42.780646],[11.782097000000004,42.77137299999999],[11.785833000000002,42.759695],[11.807123999999998,42.742512],[11.803081000000004,42.727934],[11.788930999999998,42.710982],[11.786908999999994,42.65124900000001],[11.753884,42.64328400000001],[11.735229000000006,42.616159],[11.721431,42.608150000000016],[11.698645,42.601745],[11.671156999999997,42.577036],[11.620553999999997,42.560139],[11.613434999999996,42.560996],[11.601173999999995,42.56952200000001],[11.588165999999994,42.566137999999995],[11.584430999999997,42.55879899999999],[11.587859000000003,42.542825],[11.585529999999997,42.535903],[11.570587999999994,42.524796],[11.565930000000002,42.516117],[11.607854000000003,42.48733300000001],[11.609545999999996,42.474622],[11.601811999999995,42.447387],[11.590166,42.441959000000004],[11.498145,42.43404900000001],[11.487135999999996,42.43049000000001],[11.471930999999998,42.41857],[11.452640365813997,42.37685517998103],[11.396168999999999,42.392971],[11.396168999999999,42.400377000000006],[11.376637999999996,42.406887],[11.354666000000003,42.407213],[11.362071000000004,42.400377000000006],[11.353858342317551,42.40043523091761],[11.312892323589733,42.40609983531673],[11.270630000483926,42.41898299967731],[11.227387000000004,42.422187],[11.211274,42.418891],[11.204356000000006,42.410956],[11.200938000000004,42.39545300000001],[11.186290000000003,42.379298999999996],[11.183849000000004,42.366278],[11.164724000000005,42.36933],[11.155934999999998,42.366278],[11.134531999999995,42.384182],[11.106619000000006,42.39126199999998],[11.094493,42.402737],[11.087159088992433,42.42969678445974],[11.093838000327267,42.42913649990495],[11.097475500477376,42.43277600001509],[11.096304500426834,42.43962100002978],[11.100175000384509,42.438872499711096],[11.100780499828634,42.44284400025545],[11.112432817005605,42.44620978402448],[11.115518499866399,42.43976150043646],[11.123129500146986,42.438441000224515],[11.120108499579656,42.437050999719276],[11.122342000456857,42.43468350031601],[11.132166499427775,42.43897399971395],[11.137903999696253,42.43777749958614],[11.139954499439567,42.43402299961411],[11.147563000247363,42.43426199977462],[11.149236499431305,42.436950000223895],[11.160100500044242,42.434380499555466],[11.169160499963443,42.44040199955768],[11.180944499919992,42.456966999815826],[11.190514000530435,42.48555399971091],[11.191371499615302,42.513706000446014],[11.180286000167618,42.53621700016023],[11.168604999523414,42.55039700015462],[11.16428799947217,42.550911999689234],[11.158457999999998,42.564032000000005],[11.128673000000004,42.558051],[11.115976999999999,42.571966999999994],[11.099390499728969,42.604692000048345],[11.08216200036443,42.61353750042631],[11.082437499720257,42.61661150007794],[11.088276500345604,42.61782549981426],[11.08617000061155,42.62600350032648],[11.053477000000003,42.647040000000004],[11.005707000000003,42.66791400000001],[10.990000999999994,42.710273],[10.943614000000004,42.74298699999999],[10.890880000000005,42.763902],[10.734588500032284,42.80389000001443]],[[10.837130500362358,43.49491800039001],[10.81420799970943,43.4968325000177],[10.800955999886426,43.49164849957253],[10.79768400058898,43.484316500379094],[10.779799500244886,43.477456499862534],[10.77024500016966,43.478838000421895],[10.770625000068646,43.47406900042298],[10.79109599961359,43.45566900025474],[10.788057500401743,43.44300400001438],[10.794572000376885,43.43680599987572],[10.786909000322582,43.428741000157],[10.77217249984817,43.426701500079524],[10.77621050004133,43.40424549990452],[10.792591499399188,43.39982100023832],[10.794572000314862,43.38575250020768],[10.806906500420139,43.365830000347664],[10.80132800026617,43.35664349960561],[10.787443000614209,43.355709000313134],[10.76450849967353,43.340973999698186],[10.749522999620215,43.33807950044617],[10.745618999611885,43.333151000095455],[10.73921900029232,43.333647999849894],[10.74744249941587,43.32360549981954],[10.761780499625031,43.31707700035724],[10.759329499679977,43.31027700032061],[10.762308000140676,43.3011280003886],[10.7542649998054,43.29023950036291],[10.747866999794796,43.28806849998518],[10.749062499694595,43.279882999869955],[10.720973500412025,43.27281800043984],[10.727476999778181,43.27183749979242],[10.729528999814029,43.24769250035675],[10.739045500347379,43.239273500239854],[10.73668449970997,43.23289850040014],[10.74966100059752,43.229773999981965],[10.762293499830822,43.215651499745164],[10.775515999504258,43.207108000408454],[10.769541499960592,43.188642499730875],[10.773653499641672,43.17850300034435],[10.771240000512442,43.169067500044775],[10.7750440000553,43.166181500190845],[10.763213000350051,43.15131800032129],[10.767355499620482,43.14312299998859],[10.799732999901831,43.16242799993226],[10.811644499850383,43.15965549970014],[10.815389000177733,43.15070000017826],[10.839711999607102,43.157163500193576],[10.83951999959454,43.16387500034633],[10.844877999920682,43.164931999971344],[10.855455000146387,43.15877299997523],[10.866178000549036,43.157077000054755],[10.893489999589669,43.161301500047514],[10.908706499383817,43.15975199974719],[10.911575499889269,43.162610500036614],[10.90835099965312,43.16453950008287],[10.910937500522829,43.18042500041457],[10.920415500255302,43.18643399967358],[10.926111000471344,43.1947529999978],[10.931756000105889,43.193302499557255],[10.94144750006908,43.20398850015102],[10.943277500388753,43.21665349963694],[10.9381204998512,43.22252149981099],[10.93876649951902,43.226985500121884],[10.927274999981513,43.23109349961644],[10.939501999806986,43.24513450041274],[10.944173500460407,43.24600999981262],[10.957042000053269,43.236299999598835],[10.98897900036118,43.23110250011551],[10.996635000496857,43.23976150032223],[10.991283999631175,43.245541000084394],[10.99338149945417,43.26037950002786],[10.997591999811583,43.26509549976108],[10.989828499744661,43.267797999678976],[10.983693000021916,43.288677500221546],[10.975593499618492,43.29129400001956],[10.973931000077629,43.29668050005886],[10.967729500489904,43.296274000415416],[10.952097500553382,43.30203250009308],[10.954765499462791,43.318512500001994],[10.964536000470195,43.31310399981298],[10.970022499480754,43.31422250035231],[10.972103499767409,43.34424549994596],[10.9910135003286,43.34226950037144],[10.997744999460513,43.344025000204134],[11.004244500167745,43.356328000272946],[11.013068999594662,43.36421400017899],[11.012713999507493,43.37699699987539],[11.005490000341977,43.37952800024164],[10.999780000487325,43.39771750037942],[11.002068999663157,43.401234000320855],[10.990565500086634,43.40103000009098],[10.979046999941813,43.406056000268585],[10.97875750013386,43.41954049990889],[10.951664499641305,43.44912549975709],[10.952091000311903,43.452296499556915],[10.918935000408036,43.45710799960121],[10.915602499740666,43.46338100013034],[10.909398499748313,43.46592049987993],[10.899103999740255,43.465330999946886],[10.890398000211093,43.45957299964882],[10.869870499548117,43.460495999980026],[10.86795850017552,43.472673500025806],[10.851325000608647,43.4777704997558],[10.86072349955741,43.48715250031834],[10.856569000563029,43.49398250028259],[10.847248999743504,43.497402000334226],[10.837130500362358,43.49491800039001]]],[[[12.172020396983081,43.802552862076524],[12.175447999659028,43.80047900044087],[12.174884917285695,43.79758481744364],[12.172020396983081,43.802552862076524]]],[[[12.162467827026305,43.56008385409853],[12.162678999746287,43.56134950030717],[12.16437315353901,43.56264019578227],[12.162467827026305,43.56008385409853]]],[[[12.151923500400866,43.758681000132945],[12.143002500192933,43.75291750022289],[12.123596000392709,43.7491324995602],[12.10857200029892,43.753044999621466],[12.102550831357414,43.75912676006643],[12.125332000000002,43.76415300000001],[12.151923500400866,43.758681000132945]]],[[[12.12677799981235,43.53153500015735],[12.134321999453935,43.53167900028437],[12.141148598057418,43.535388096847186],[12.137483,43.531605000000006],[12.12677799981235,43.53153500015735]]],[[[12.132512500453569,43.482416999561465],[12.128163000600646,43.489766000150134],[12.11856200004406,43.4882549997141],[12.117229999809277,43.49222550031838],[12.095939500384892,43.498724499541304],[12.091229999794477,43.502948500070055],[12.0954120004394,43.522592999909136],[12.108895000017501,43.53252549997637],[12.114383788763769,43.528426560604075],[12.101469999999996,43.52271700000001],[12.097581000000003,43.518279],[12.098041999999994,43.51088500000001],[12.129528999999996,43.496306000000004],[12.134076999999998,43.488814000000005],[12.132512500453569,43.482416999561465]]],[[[12.117544999897095,43.52920550022599],[12.119281500123058,43.532107999884616],[12.12492862749814,43.53014585250772],[12.117544999897095,43.52920550022599]]],[[[12.055378463603057,43.43593450670438],[12.056895000388732,43.438237499844114],[12.060266043798551,43.438421586682125],[12.055378463603057,43.43593450670438]]],[[[11.788518918536614,43.845113319696615],[11.788129999594203,43.845218999568516],[11.787424431710432,43.845818012470566],[11.788518918536614,43.845113319696615]]],[[[10.888763500131713,42.38942550016044],[10.906451857210659,42.37980260334704],[10.925891197833284,42.35554511187616],[10.920419499968068,42.35182450029318],[10.925905000521912,42.34875650039403],[10.922486499924844,42.34389300044979],[10.931556788536627,42.33862148151558],[10.93138850023294,42.33120999966259],[10.929284500051148,42.32537750004132],[10.921053596376183,42.31976284031179],[10.908946000000004,42.32526300000001],[10.894269000049194,42.33931949975962],[10.885861788828581,42.34311163205834],[10.882499999774904,42.35263250045018],[10.874184451904133,42.352134403160974],[10.864631972944938,42.3628058417262],[10.867510000019026,42.369317999570804],[10.875312500431763,42.365347500214895],[10.881379000298763,42.367376499753085],[10.883820000434373,42.375246000304344],[10.880214500527346,42.38852750029932],[10.888763500131713,42.38942550016044]]],[[[10.731800770007096,42.804300538269274],[10.733159910299289,42.80557105582815],[10.7329474475195,42.804010426668455],[10.731800770007096,42.804300538269274]]],[[[10.385760000394425,42.75892249976223],[10.402489999931928,42.7574629999374],[10.405568499978965,42.753594000395964],[10.40996949981075,42.75466250018104],[10.40668349988974,42.747293000118844],[10.425272520029266,42.740346267223934],[10.430674999999997,42.722113],[10.417298271429475,42.71042723580913],[10.410980999999998,42.717963],[10.393240000000002,42.71820700000001],[10.381358000000004,42.722561],[10.364268000000004,42.749823000000006],[10.356956965619696,42.75311387743199],[10.357374999486602,42.75927499997168],[10.337901000000004,42.764838],[10.325042999999997,42.764838],[10.318359999788129,42.76005500017411],[10.320497963453825,42.75606064224263],[10.314254337612208,42.74399830474134],[10.31255249966895,42.75762850004263],[10.302995999723032,42.75976599999275],[10.265391000000001,42.74457400000001],[10.245371999999996,42.75727000000001],[10.242906996348548,42.750211987597055],[10.235879000006257,42.74623749965835],[10.238667500246294,42.742417000193505],[10.235198999999996,42.735907],[10.147226999999996,42.737291],[10.124848000000005,42.743109],[10.114366910033047,42.75139614797502],[10.113477999595897,42.75750100026241],[10.105838424742187,42.76206383402823],[10.103347500536652,42.786522499851046],[10.109489999990537,42.79457899986413],[10.122525000320792,42.7998710002723],[10.12137999971659,42.80300799965855],[10.139823499967573,42.80915199981866],[10.143295999861566,42.806721999566264],[10.166872500190292,42.80810449969906],[10.170452500457534,42.8059495001362],[10.185915500393753,42.81211799980728],[10.188818000367547,42.80951499976019],[10.1950319999894,42.810160499902175],[10.199177500002412,42.80866899957316],[10.194124999838499,42.80932849999855],[10.19820050040049,42.805945500169145],[10.206299500114124,42.806791499813485],[10.220043499972984,42.79295950043718],[10.232288999771614,42.78814800002966],[10.2383344996602,42.78984849973799],[10.243170499771264,42.78765349965579],[10.248968499955659,42.79116049977087],[10.247684499982288,42.79913350032662],[10.257284499716109,42.80091049984843],[10.261422000599751,42.79786550003596],[10.267868500127943,42.8014849998354],[10.269346500372993,42.8048550001053],[10.262517999843784,42.811340999745326],[10.275127499978087,42.81706849955665],[10.272145999807075,42.82507776448602],[10.287301499995106,42.823250999675714],[10.295257999857114,42.81860599995361],[10.315096999441062,42.82090999990337],[10.323988999669922,42.817486147264724],[10.323322000235459,42.81017699988963],[10.313477999421332,42.809819499560874],[10.316179499459752,42.80869599985726],[10.312928500511639,42.806714000301035],[10.323926999612366,42.80199050011091],[10.331893499722167,42.802262500422124],[10.3402500002199,42.7966670002912],[10.351959499479795,42.79769000005977],[10.3615565003237,42.803341000216264],[10.357396499885564,42.808910500394695],[10.362966999713363,42.810471999878686],[10.35849050056543,42.81311299985063],[10.359559500161236,42.81702900003154],[10.367249499920216,42.81704499997674],[10.373452357126515,42.8264736593223],[10.379593999907822,42.82631499997179],[10.380193828929096,42.831482805177764],[10.385720499607878,42.83375850005824],[10.38317099978847,42.83660549955989],[10.388143999690547,42.84413700014237],[10.391143000298925,42.84398350004567],[10.390326499931053,42.85073900030343],[10.40408950057961,42.861253999820946],[10.404594500072232,42.86751400008479],[10.412500500067805,42.872946999776865],[10.41753450033757,42.867272999668],[10.423761500108258,42.86762749974182],[10.421302000583603,42.85970399967381],[10.433700999587524,42.85635500020171],[10.44337,42.845445000000005],[10.431163000000005,42.827867],[10.429389999777348,42.80599549996191],[10.435887004698406,42.8023848345628],[10.429738999811079,42.79345150006103],[10.430023999999996,42.787584],[10.420258000000004,42.776435000000006],[10.388844999999996,42.763495000000006],[10.392097284955064,42.7624367609524],[10.385760000394425,42.75892249976223]]],[[[10.305239999670105,42.349591000190955],[10.315928999999995,42.34076600000001],[10.313242999999995,42.32392000000001],[10.294444000000004,42.32802999999999],[10.297048000000006,42.34487500000001],[10.305239999670105,42.349591000190955]]],[[[10.099902000375602,44.121944999758284],[10.124024499611274,44.12415950011766],[10.124905500017569,44.11919900007583],[10.136765999681826,44.118744000422026],[10.149649499881056,44.10770350020706],[10.15940100039779,44.11134149969626],[10.159332999570465,44.11552849987411],[10.179754999933643,44.115189000353034],[10.189293999987195,44.12209450043956],[10.213687500040528,44.11858349978368],[10.232611000270667,44.10863950036321],[10.243212499780487,44.0845899996558],[10.23912949984555,44.07161550022378],[10.228655000611894,44.066903000192546],[10.221939999382373,44.05791749999786],[10.223944000133704,44.05154900022081],[10.201630000461684,44.03578650038143],[10.206415000544377,44.02925400004682],[10.205611000550851,44.02407649960267],[10.185312500200396,44.012588999846805],[10.182316000390076,44.0041300000097],[10.169921500496564,43.9965550004164],[10.17353400027049,43.98738400033048],[10.166839999538242,43.98232949956956],[10.143476000239046,43.97542049978267],[10.132882007346192,43.98317605763423],[10.105804999999998,44.016750000000016],[10.090587,44.025377],[10.072031999999998,44.029526999999995],[10.028457999999999,44.04925500000001],[10.036260000000008,44.06640900000001],[10.056431,44.090689000000005],[10.053156999999993,44.09953300000001],[10.026811000000004,44.114254],[10.009453000000006,44.117462],[9.994512000000002,44.11524299999999],[9.989853000000002,44.117616],[9.981635999999996,44.13115100000001],[9.981481999999998,44.15007000000001],[9.968166000000002,44.159968000000006],[9.945621999999998,44.165363000000006],[9.910443999999996,44.16366],[9.898645000000002,44.166395],[9.89803,44.17413000000001],[9.908268999999999,44.191312],[9.902225999999997,44.199882],[9.884802000000002,44.20438599999999],[9.868982,44.18758800000001],[9.865729999999996,44.185622],[9.858917999999997,44.18831300000001],[9.859995,44.206089000000006],[9.852085000000004,44.252594],[9.837825,44.262625000000014],[9.80915868656651,44.27695491732867],[9.80936999988235,44.277854500047965],[9.81399400024884,44.27533649982113],[9.823189999969626,44.28162700015541],[9.835354500017468,44.278855999914875],[9.83946800003132,44.272082499974275],[9.852681499810776,44.27018850024025],[9.861148000005258,44.251196500053744],[9.85705249956193,44.234013499728626],[9.863489000622751,44.228184999673786],[9.883435999679724,44.220802999958295],[9.891233500000174,44.20779650040052],[9.908533500282621,44.20975799971434],[9.936962000477182,44.22518499998714],[9.951567499437035,44.229530000357684],[9.963304000281745,44.21923049971574],[9.971915500382373,44.223911999898974],[9.989825000488072,44.226337999853996],[9.987120500198056,44.23119150029882],[9.996226499523772,44.233343999728795],[9.993699000030514,44.23762550002954],[10.018848500043383,44.24439949977297],[10.025021999913445,44.24326649998869],[10.028547499538867,44.24885900004571],[10.03470200022406,44.24840299966324],[10.034787000195049,44.243074999712746],[10.051418500518228,44.2513430000051],[10.060309499484827,44.24860950032113],[10.063071999857941,44.23802799973407],[10.059668999745458,44.22356450012341],[10.055266499833051,44.21889699968719],[10.049157000539207,44.220801000125164],[10.03841999961721,44.218904999690864],[10.033630500359731,44.20990699991488],[10.032865499727102,44.20525149988723],[10.037436999467166,44.200700500294104],[10.031739500375256,44.20051149955354],[10.035377500174828,44.19512149970686],[10.030862999560371,44.18900450000305],[10.034401999474081,44.18550599958128],[10.031277500364704,44.18317999985325],[10.033683000608706,44.17351149979031],[10.048098499747965,44.167798499555225],[10.050327999928024,44.15705749973054],[10.063527499569796,44.16940500033842],[10.07410200009963,44.16588249998729],[10.078118000174518,44.16828349965878],[10.075418999570974,44.15663299995081],[10.083701999588692,44.14679549997883],[10.082363000415857,44.13782299991183],[10.099902000375602,44.121944999758284]]],[[[10.084321000000003,42.61469099999999],[10.086332499499438,42.60189849955722],[10.097911000000005,42.587958],[10.095388000000002,42.576972],[10.085785000000001,42.572455000000005],[10.058603999999999,42.575995000000006],[10.050304000000006,42.581936],[10.052181955563647,42.58777279415915],[10.055700490772717,42.58993915111596],[10.064111499404534,42.58677849966331],[10.073750000413863,42.590675500184595],[10.083185500426854,42.6035965003004],[10.08026845132219,42.614049482086244],[10.084321000000003,42.61469099999999]]]]}},{"type":"Feature","properties":{"slug":"campania-italie","name":"Campania","source":"https://doi.org/10.6084/m9.figshare.19312094","sourceIds":["PDO-IT-A0222","PDO-IT-A0232","PDO-IT-A0236","PDO-IT-A0237","PDO-IT-A0238","PDO-IT-A0239","PDO-IT-A0241","PDO-IT-A0242","PDO-IT-A0243","PDO-IT-A0248","PDO-IT-A0249","PDO-IT-A0250","PDO-IT-A0251","PDO-IT-A0252","PDO-IT-A0277","PDO-IT-A0278","PDO-IT-A0279","PDO-IT-A0280","PDO-IT-A0281","PDO-IT-A0527","PDO-IT-A0540","PDO-IT-A0575","PDO-IT-A0674","PDO-IT-A0677","PDO-IT-A0684"],"resolution":"municipality","sourceYear":2022,"labelLonLat":[14.94632,41.09857],"scope":"Wine PDO areas within Campania; regional guide, not a single appellation or vineyard footprint."},"geometry":{"type":"MultiPolygon","coordinates":[[[[15.064188500120945,40.47682999957664],[15.089054000510396,40.467813000405236],[15.090461000128562,40.47052450008802],[15.096811999521353,40.464787499975685],[15.111672000383344,40.463352000209255],[15.116719999789172,40.470420000102344],[15.128755499573305,40.47111299998224],[15.138878999881436,40.477909499799615],[15.136737499648937,40.48682249989659],[15.153036499539063,40.48823449992096],[15.17262100015312,40.48198449972478],[15.17322649993693,40.48809050019383],[15.166017499843441,40.498202499708476],[15.189348000348218,40.514795499950765],[15.190005499601464,40.50977800014089],[15.200564500130593,40.499822000048084],[15.212427000171777,40.49986250023269],[15.220287999551244,40.50742650028104],[15.218648500351529,40.522429500273844],[15.2315560002485,40.533468999634024],[15.231445000070238,40.539127499683204],[15.242893499517532,40.54750849962469],[15.2554145003122,40.548120499805805],[15.260681500318618,40.5541749999356],[15.30032449974104,40.544771499672564],[15.309487500165648,40.53912599963585],[15.315844000061677,40.53976749957924],[15.319506999496253,40.535390000032216],[15.341845000293393,40.52547599966938],[15.354109000207997,40.51555650025276],[15.33190450004211,40.48405349978346],[15.3342374999466,40.481058499858754],[15.329373999786213,40.47599749991261],[15.333526499634704,40.47585000045016],[15.33417500030523,40.46839799986835],[15.331164500195007,40.46060700027143],[15.327755999664701,40.46060499978714],[15.325019500145206,40.45333449994053],[15.313446999955948,40.44501349999286],[15.299469999585513,40.441350499709145],[15.295287000008294,40.437312499774656],[15.305547999555511,40.432170000138164],[15.304299500232114,40.43509150034284],[15.310561999944147,40.43527499981832],[15.31432000051796,40.43994749969909],[15.316810999996616,40.43272750000372],[15.321167500221817,40.44164249981201],[15.328270999897477,40.433088500287504],[15.330723500480303,40.42348050007503],[15.341232999670039,40.4242975000428],[15.340623500229427,40.42049700005881],[15.33479000014837,40.42052099977793],[15.342174999645648,40.41487600017659],[15.32956750041624,40.41332850024965],[15.323593500364128,40.40650549971523],[15.317214500368319,40.40563149967773],[15.315220500543921,40.4004395003592],[15.307963499475983,40.3978359995938],[15.308217499570773,40.38643999974372],[15.289091499920078,40.36883149993772],[15.286274000090579,40.35679599955002],[15.275588000473869,40.34379950023592],[15.28072900030759,40.34342500041892],[15.281062000218869,40.34055400023843],[15.286508000213981,40.33998700011528],[15.293571000489305,40.33342249953663],[15.306316500384215,40.33308150038514],[15.305760999781722,40.324390499747636],[15.325034500205595,40.31548150040147],[15.326092999669054,40.2951814998114],[15.341078000128928,40.28717599962895],[15.351861999588378,40.28630300020224],[15.350659499580866,40.27687399989937],[15.355870499873124,40.274562000187714],[15.35435649985077,40.27036550004648],[15.35947650049253,40.269295500192705],[15.369153500156553,40.257510999989385],[15.385077499982435,40.23276200041962],[15.393151999890556,40.234573499769155],[15.401059500375013,40.22948650023168],[15.410502000168774,40.23028949986426],[15.408041500368867,40.237666500375234],[15.414776000398033,40.256493999562906],[15.406380000306973,40.258513499599474],[15.39571700028508,40.26949599965856],[15.405727499870295,40.261956499655575],[15.430612999532096,40.26123649960216],[15.447688500402755,40.25434499989736],[15.454103499672554,40.23580400002474],[15.462876000351645,40.22608349975267],[15.497377500164596,40.20022499962592],[15.490915000284751,40.18377699977222],[15.48140949944407,40.17940399983518],[15.490014500125056,40.16321149966477],[15.49561050014419,40.164377000397714],[15.489286499567953,40.16987649973116],[15.493015999485252,40.1724070003828],[15.490723999787216,40.17539800042927],[15.493532999998706,40.18045999968065],[15.505171500032432,40.171042499634694],[15.513695999797948,40.17068749996794],[15.51537049994769,40.15592300034573],[15.528514500480357,40.15027049966952],[15.548325499601939,40.15544700008768],[15.557033500544721,40.166183999622085],[15.577046999795627,40.16396899980554],[15.577252499838634,40.1606860003435],[15.58474600003126,40.16991049982254],[15.583849499600099,40.17363800034781],[15.591402000276874,40.1793575004162],[15.594892499697483,40.199617999839404],[15.623238000329676,40.22091099975312],[15.64826449973342,40.227623500270035],[15.650156000404808,40.2226910004042],[15.644112499718476,40.21884149959562],[15.643903500251852,40.21072499987542],[15.659362499636194,40.213155500336406],[15.679917999481072,40.205163000304275],[15.690953000436947,40.19365600042759],[15.70135300010574,40.191679500171915],[15.704991999709605,40.18209550008793],[15.711038560751549,40.18002567123006],[15.693999000000002,40.16204400000001],[15.696790000000004,40.138588],[15.668533,40.09729],[15.649767999999995,40.080811],[15.651482000000005,40.072747],[15.664336000000008,40.066957],[15.662952000000006,40.061013],[15.646651000000007,40.046932000000005],[15.624848499751522,40.06473150038347],[15.62755350036943,40.06333250008633],[15.632655000358719,40.06811500030262],[15.624391329944688,40.074194231935095],[15.624277999999997,40.077786],[15.610198999999998,40.073188],[15.571771499841207,40.07826300023655],[15.565290674566787,40.07593811590684],[15.534922999999996,40.077786],[15.503372499655052,40.06394800011225],[15.491660499978854,40.05224400036525],[15.494411500276385,40.0523189997915],[15.48797014682258,40.0431319612972],[15.46029449987221,40.033932499757384],[15.43155650002326,40.00611399969866],[15.429479547500291,39.999756453333276],[15.411432983733855,39.9943681697297],[15.413368999666003,39.996899999995975],[15.405590999839664,39.99474899977019],[15.396536999719386,39.997595500177496],[15.392961999896142,39.99573599980065],[15.392451500081469,39.99844500017129],[15.386438912331966,39.99634182666004],[15.381545499905425,40.000763000152894],[15.373800499830871,39.999414499752916],[15.378714500381562,39.99787900019992],[15.36492749984324,40.000903499857294],[15.360943000000002,39.99889100000001],[15.347454000432837,40.005784499601596],[15.34209434100354,40.00524301780304],[15.314300999999999,40.03375900000001],[15.302745000000003,40.0362],[15.283051,40.02985299999999],[15.272226999999999,40.028754],[15.26789055718496,40.02899493041275],[15.272806500277085,40.032376500198595],[15.280545999984476,40.03017649969432],[15.285531000200388,40.03473649983867],[15.281836999906902,40.055864500052124],[15.27149099959706,40.07425599995676],[15.263498500303161,40.082256000098205],[15.245875856675926,40.0893470745524],[15.223696094122527,40.10500128475407],[15.205978999966922,40.12296550039522],[15.183941816309792,40.123969094192795],[15.132452500454791,40.171259500159174],[15.1228280001796,40.17545349994096],[15.120872499870465,40.17368349983277],[15.117868000087588,40.17443550036745],[15.121369999806092,40.17567250041223],[15.118199999968267,40.1772290002727],[15.085310000154232,40.173600000280125],[15.065683999999996,40.166571000000005],[15.053585999428842,40.17099600000647],[15.045695476468053,40.16972406371165],[15.034922999999997,40.17536],[15.022804,40.195626999999995],[14.99152200009178,40.21882049992894],[14.97397051278462,40.22037056029622],[14.95218299990288,40.233170000372276],[14.940548500127273,40.23347799963205],[14.937017006482197,40.22855234502158],[14.913391500139975,40.24091850041095],[14.907976700477864,40.254343166293594],[14.909845499608789,40.25670400022119],[14.926373500131454,40.26643900024257],[14.935073500236118,40.26816050013274],[14.944708500083001,40.278630500026644],[14.946308999673418,40.306170999864506],[14.94462349989282,40.313214999713274],[14.938328999630981,40.31848450028562],[14.945831999847378,40.33666850017258],[14.969789999831631,40.34085150035441],[14.974578500382808,40.34829399956807],[14.982726999659278,40.35465200044456],[14.979400499583239,40.35069599968575],[14.985172000466278,40.35146150022192],[14.987021999486279,40.355158499997316],[14.99479949949556,40.354338999672656],[14.999972999746968,40.36469249995321],[14.998266999999997,40.397559],[14.945039026278895,40.48176376322608],[14.9547894994667,40.48157900007683],[14.96311649942983,40.48531149997075],[14.9717030001394,40.49211299993684],[14.973271000185614,40.50062800023533],[14.990786500278501,40.494299500099295],[14.988353000432502,40.50176650001531],[14.995919499728943,40.508335499681046],[15.002091000553394,40.49611849959186],[15.007247499519055,40.49481000034451],[15.01548399982228,40.49727849999816],[15.024539500329208,40.50808850021059],[15.02987550018757,40.49813750002909],[15.038172999908738,40.495090999833906],[15.046809999546602,40.48355849994058],[15.051882999778375,40.48598800022051],[15.065441999711075,40.483947000111925],[15.064188500120945,40.47682999957664]]],[[[15.363394999483994,40.88433849957738],[15.3542255005004,40.88261850007939],[15.353563500161298,40.87579649990102],[15.354947500123869,40.87112999969365],[15.360849979965751,40.87149220799163],[15.365816000000002,40.84386599999999],[15.363658498004364,40.83843568615188],[15.341571500578821,40.836289500396234],[15.330793500010396,40.83239149998184],[15.318464499768883,40.83855650028823],[15.295599999642903,40.838112499727714],[15.283908500567593,40.818187999867014],[15.285025000284005,40.81030100011984],[15.280075500217995,40.7977275001659],[15.270267500200884,40.79634550026336],[15.264080000265308,40.7907200001695],[15.25164700019969,40.78746799987966],[15.239488000159042,40.77447000015843],[15.238261499896376,40.75591349984706],[15.242073999456057,40.745482000259784],[15.240781499909156,40.732050499739316],[15.24422399997339,40.72754799964697],[15.239485000128262,40.722859000415376],[15.247135999503646,40.71764199975497],[15.215298999503526,40.71762449988533],[15.202372499634176,40.71535199993811],[15.196780499657283,40.70924449970843],[15.187245500378463,40.70791749967094],[15.169033999503453,40.70660449961641],[15.164161000257032,40.7085714999893],[15.15297600041183,40.71975149962687],[15.151234499879079,40.72967399966422],[15.145771000420273,40.732771500317014],[15.139657500272223,40.75678899996887],[15.132343000294169,40.76114549967546],[15.094037999384792,40.76559649968379],[15.080440999875664,40.771658499813874],[15.054973499589657,40.77257699980628],[15.027347000439976,40.78172650041587],[15.00922399983427,40.77311900025355],[15.007956499519457,40.77698400036388],[14.991279999739834,40.780414999775196],[14.988155999488534,40.788537500121464],[14.97365700041369,40.78520200008573],[14.94095250046188,40.789704500078244],[14.918476499669268,40.801152500254666],[14.918713000400901,40.8104210001401],[14.913904499420354,40.80746349976828],[14.89593250015852,40.80547399963166],[14.87434799971227,40.796568500079175],[14.848439500013358,40.800234000058175],[14.834325000367052,40.793483500073854],[14.825858999581543,40.79435350030437],[14.808390499970647,40.80508050020522],[14.79963650055195,40.80259649962916],[14.802593999634631,40.80072799962806],[14.797882999964154,40.79852150024423],[14.783901499818578,40.79989149963487],[14.781412999753114,40.8067729998262],[14.774493500243107,40.805378499847045],[14.772930999551813,40.801370000210575],[14.769751999392268,40.805269999749825],[14.762552499781766,40.80585150036377],[14.757053499953692,40.80248099955724],[14.750467000058325,40.80423250042129],[14.745248000279787,40.80153599966548],[14.730265999901112,40.821327500235],[14.741777500453123,40.828436499659816],[14.734431000272028,40.838237499552484],[14.735933999791813,40.842023999726614],[14.72472800000358,40.83836049961714],[14.702195999626035,40.837639000397566],[14.68699350051986,40.84160550010079],[14.6743099999225,40.829777000074095],[14.676023500196903,40.8214869997611],[14.657053500384022,40.82517599975021],[14.651591500327305,40.835604000371596],[14.638279000231107,40.8368679996337],[14.624321999816495,40.84402949980249],[14.605582000390324,40.84756749957887],[14.587746000135583,40.86737899981714],[14.58795250027113,40.87235599983791],[14.577197999947106,40.88050149978619],[14.570103000344773,40.88139599992759],[14.559498999977706,40.887934499581895],[14.567957500404658,40.89216349968462],[14.567878000046376,40.8950884999871],[14.572605000378118,40.895052999532126],[14.576364500393044,40.90293249971926],[14.574308499913238,40.909069999559165],[14.592880000107474,40.91454000013711],[14.597133500399048,40.91422950012024],[14.596490499487981,40.910579000258565],[14.601014000106375,40.91273999993333],[14.610296500271893,40.90923100018712],[14.617816999962693,40.91283400014],[14.62599700052633,40.90889599962271],[14.62740450033295,40.9036329998601],[14.626843500473687,40.910421000136644],[14.632804999848545,40.91030499999506],[14.632163999651853,40.91234799987234],[14.645888000515955,40.90865499980281],[14.64534599975862,40.905364000126035],[14.651793999845374,40.90314799980228],[14.656331499617808,40.90507200010716],[14.665104000544531,40.90323549986606],[14.670286499452084,40.906859999758645],[14.66412849997669,40.915220500325624],[14.657492999646514,40.912472999702466],[14.627439000385175,40.91430799966258],[14.62074399977835,40.91167350006236],[14.614650000073038,40.92839600022816],[14.585337999740625,40.93391699962411],[14.586253500190448,40.94309800032197],[14.57833449985593,40.95343050023628],[14.58110999972889,40.96174899990924],[14.576751999849423,40.96299100005853],[14.581103499409352,40.99458999986291],[14.574813499549345,41.000188500392014],[14.571514000040091,41.010202500247345],[14.563158499481258,41.01663849973555],[14.547017000262489,41.016946500032034],[14.540598000530151,41.019803500381045],[14.531200000437062,41.01330649993304],[14.523214000028293,41.02239999960019],[14.525905999787456,41.0303089997514],[14.51519699988367,41.03377249995108],[14.518264999577308,41.048717999784515],[14.513955000015658,41.048906999599076],[14.513080499963712,41.05297750042022],[14.50775350054505,41.05552850008537],[14.493994500219905,41.05107350032087],[14.492181000085974,41.04716749976903],[14.47807200027529,41.05129350007786],[14.479548999707065,41.046568499930686],[14.472811000234282,41.04241100039752],[14.46398700014122,41.04640049974733],[14.455854499755128,41.042696500442176],[14.45645000024404,41.0493034996865],[14.450918999890833,41.04473250024281],[14.444837499416437,41.04956000009892],[14.434453500516968,41.050573999553635],[14.433217499662797,41.054521499985384],[14.430063499469926,41.05170450039519],[14.41933249997088,41.05283200026033],[14.419187999842928,41.055602500067614],[14.413019499713432,41.05715549974637],[14.415215999861616,41.05936850000805],[14.439971499541192,41.070434000127996],[14.435763500339686,41.078325499564095],[14.429421500059867,41.08198800001837],[14.43526149970361,41.086825499585935],[14.437013999746307,41.09620450011403],[14.434199500510303,41.107752999925275],[14.42407700058072,41.106471499912885],[14.409245999701291,41.113441000226295],[14.393791000349506,41.11580100014335],[14.39717849953318,41.12137750038454],[14.388231500286135,41.13430249975923],[14.36662800027028,41.13689400010237],[14.363452000190447,41.14204799980293],[14.355558500281726,41.144365499544655],[14.352050000530264,41.152047500177716],[14.345807499761777,41.14817350041901],[14.344583500484582,41.14064600032042],[14.327565499763562,41.145528000361764],[14.317671000349664,41.14016649966253],[14.294622999644627,41.148337499827655],[14.304867000247091,41.13850299968197],[14.29569400051818,41.13945750021355],[14.287608999469061,41.133370500066974],[14.26970399958171,41.13307249960466],[14.267009999477512,41.13981850028698],[14.254885500164855,41.14247049986211],[14.247878999727254,41.15280249989907],[14.249405500527569,41.16117300006986],[14.244463499438945,41.168920500446106],[14.207563499911753,41.210857000444236],[14.193727499574274,41.220455000248016],[14.19913999941812,41.24128200010985],[14.210240000371675,41.24416849970477],[14.218382500081496,41.24284450009168],[14.224012500122194,41.2492014995884],[14.234809500088653,41.249596499652],[14.253535000062667,41.255988500190476],[14.269660000538368,41.252939999897684],[14.29189850020469,41.237802499628316],[14.31096149968609,41.23107749978941],[14.323288499447136,41.219460000421506],[14.331721499790103,41.22191400005225],[14.343485499859046,41.212341499959095],[14.35907799960848,41.21829499981192],[14.379773499719539,41.207311499765254],[14.382804999926663,41.216055000234604],[14.394624000151678,41.21890349997954],[14.390412000083218,41.22929250007335],[14.397247999658953,41.233247500294],[14.399107999674504,41.23987600019238],[14.392998999898445,41.24622200034673],[14.39504850005313,41.24913300007766],[14.411026000330757,41.24703099957636],[14.418285499784481,41.25073100043479],[14.426192000133074,41.26240149978788],[14.432630500613964,41.26473050034359],[14.434832999805344,41.280574500023455],[14.453698000502511,41.293710000180795],[14.473632999527648,41.299467999637905],[14.48912899938516,41.300609999633245],[14.490318000014618,41.307457999745495],[14.476777499679132,41.32158200004058],[14.475067500087983,41.33814749980064],[14.471165499503583,41.34319949960952],[14.468104500346069,41.34554299997233],[14.458101000126428,41.34179600018522],[14.453268999715796,41.34505549958743],[14.439518500527479,41.34421599990354],[14.438960499732097,41.3466890002629],[14.447751500539148,41.36144999965029],[14.456560500252623,41.364758499798484],[14.45352349970865,41.36907150039037],[14.456166499733287,41.37174100015744],[14.465164000535951,41.37562949985566],[14.473563499858495,41.37342400029021],[14.477865999620915,41.37975900024768],[14.495369999613471,41.37403349967923],[14.501220999453352,41.382786999697885],[14.505099999710563,41.38246150034407],[14.499939500479819,41.38801599957314],[14.488634000044428,41.390672999910244],[14.482806500154943,41.40244693425509],[14.495939999999997,41.39039200000001],[14.555683999999996,41.389359],[14.565132000000004,41.38548100000001],[14.578316000000001,41.372615999999994],[14.594596999999998,41.370781],[14.659197000000002,41.403213],[14.732871000000003,41.405487],[14.746824000000004,41.409717],[14.764204,41.420835],[14.773389000000003,41.439951],[14.779585000000003,41.444675],[14.792614999999993,41.443445],[14.81417,41.429976],[14.827023999999998,41.425691],[14.851742999999999,41.431008],[14.881187000000006,41.442204],[14.926823999999998,41.451575],[14.995290999999995,41.48207300000001],[15.045520000000002,41.463879999999996],[15.072393,41.438095],[15.093639999999997,41.43023899999999],[15.097046000000008,41.42584500000001],[15.101857999999998,41.390601],[15.085576000000003,41.38031800000001],[15.081071999999999,41.370803],[15.066658000000007,41.358455],[15.066964999999994,41.34864400000001],[15.075336999999998,41.33039599999999],[15.091464999999994,41.321255000000015],[15.116776999999995,41.315718],[15.128247000000002,41.30770900000001],[15.143451999999998,41.274618000000004],[15.163644999999994,41.27732099999999],[15.178696000000004,41.28905400000001],[15.240131999999994,41.26673],[15.262455999999997,41.247537],[15.266016000000002,41.23541900000001],[15.244636000000003,41.226421],[15.253316,41.214435],[15.252699999999995,41.207150999999996],[15.203019999999997,41.1657],[15.20023,41.159404],[15.202865999999998,41.15338400000001],[15.255336999999995,41.127676],[15.275068,41.105912000000004],[15.280341999999997,41.103847],[15.382558999999999,41.09749600000001],[15.392380999999997,41.098452000000016],[15.406025999999997,41.105626],[15.455376000000003,41.079358000000006],[15.558559999999995,41.05512199999999],[15.576248,41.02659100000001],[15.577939999999998,41.011034],[15.572204999999997,40.997554],[15.555153999999995,40.97171400000001],[15.544035999999998,40.943941],[15.536652999999998,40.933262],[15.523930999999996,40.92419800000001],[15.489257999999992,40.90747699999999],[15.470867,40.901796999999995],[15.369221000000003,40.898952],[15.363394999483994,40.88433849957738]]],[[[14.401540999999995,40.602118],[14.34712450001543,40.57949300035463],[14.34194286408877,40.57135853827539],[14.340712499634698,40.57657899963289],[14.329845,40.584458999999995],[14.328124546234505,40.60371798930211],[14.34098100035368,40.61664400002888],[14.339473237283983,40.62506780793553],[14.357009963453095,40.631652607382556],[14.365402999620528,40.62751950018399],[14.37585349949087,40.630526500371765],[14.37721350034618,40.628804500392995],[14.400062499562814,40.63992099989077],[14.401455000532245,40.63836400016556],[14.407111499445726,40.644694000187414],[14.407142500513157,40.645616500171265],[14.405797999874434,40.645737999701616],[14.404805499411234,40.647691999816786],[14.40843650019516,40.64895550037679],[14.404798999999999,40.656033],[14.410306586514574,40.660221663104245],[14.41756949982558,40.661671000355426],[14.417848999427605,40.65970299982549],[14.425393499957561,40.66574650036281],[14.429786500545081,40.66572050015315],[14.438954999848924,40.68185699994425],[14.44663750050013,40.68658449998391],[14.471660640143662,40.69376803551839],[14.473797499607088,40.69151400026936],[14.481906499847458,40.70105649988359],[14.474131999999996,40.729682],[14.447397500323447,40.75437549999529],[14.419026942504866,40.751778781103404],[14.394432999999992,40.76156600000001],[14.360059976547712,40.78634480681779],[14.332532500093292,40.81366550023725],[14.320097335653088,40.82148725508146],[14.328293500339798,40.8253499998865],[14.351009999500961,40.82799650013105],[14.349489999735122,40.83287849985828],[14.356448999483467,40.83934799975472],[14.347060999547583,40.847234499817674],[14.349783999709631,40.85016000029291],[14.346946000322788,40.855642000421035],[14.353737999530004,40.857504500297644],[14.346801499865707,40.86678149962473],[14.362635500330143,40.87691399988552],[14.358229499721416,40.88614450019868],[14.369433000439095,40.88710949990569],[14.364941500079684,40.892807499648065],[14.37661800048176,40.90039150017975],[14.380350500289426,40.90036150004123],[14.380785499570212,40.892479999748076],[14.3820394996573,40.89609350007505],[14.385102500301912,40.894090499731476],[14.38344199942493,40.89899299996434],[14.387116499596079,40.899894000246206],[14.387653500590805,40.895432000359406],[14.405735999921527,40.89689249983322],[14.413501499695236,40.89344449986591],[14.414961499528372,40.898160500013915],[14.417621999741238,40.89599299991667],[14.41892400018413,40.89782150001017],[14.41962200001166,40.90339899986208],[14.425222500257995,40.90118000018681],[14.426683000026918,40.91057900033156],[14.429099000511217,40.90634649994508],[14.465568000147467,40.89949799966188],[14.474280499603905,40.88159149996109],[14.488187000258652,40.87617999982261],[14.480311499768383,40.872531500359635],[14.475178499730326,40.86412899975477],[14.490336000357203,40.86672749976951],[14.50664699945971,40.858514500187084],[14.51379899958856,40.85838999981201],[14.526869499462318,40.847463000382824],[14.532186000464181,40.8299814996743],[14.526872499783279,40.81030050032959],[14.531933499678932,40.80876550020621],[14.530133999786198,40.8051609997599],[14.52442949949184,40.80544399968802],[14.520731000193619,40.798815500269804],[14.528071499442355,40.793579999642475],[14.527896499807119,40.789775999727645],[14.536884999716731,40.78913650039473],[14.537673499605317,40.79332950029021],[14.54162049993514,40.793603500125876],[14.55082200006677,40.78939349972012],[14.54489149945404,40.77809900004379],[14.53582099962127,40.78024200003592],[14.520430999852985,40.778181000355694],[14.516066999635017,40.77348449994789],[14.507052999978779,40.772921499664854],[14.507319500317902,40.76919749965438],[14.48770050012869,40.76701050044468],[14.473243499887488,40.75663950033611],[14.482377999501308,40.735287000021486],[14.488497500151677,40.72788750008406],[14.49377749997487,40.728193999737115],[14.499296999799556,40.720161000285934],[14.499247500141847,40.70757999966199],[14.520834500399733,40.71036150043378],[14.520574999937237,40.72011000030426],[14.523269499480698,40.720813500441324],[14.519435499463151,40.73348849997337],[14.537853999401884,40.73669349975966],[14.543135000263785,40.74009850015893],[14.547347999591015,40.737352500152376],[14.55032100028345,40.72697349967478],[14.560745000538702,40.73169149980106],[14.570520999876473,40.717998499919794],[14.57167800019659,40.71048650039103],[14.579927500195,40.709530500367585],[14.57704350045769,40.70135649994709],[14.587833499974128,40.69463050004151],[14.5985249997834,40.70006649993555],[14.610411500573667,40.71592599994761],[14.619055499527585,40.71769150046632],[14.619332499917169,40.721125999842926],[14.641430999595013,40.720558000074014],[14.660568000499199,40.71291199989398],[14.658408500373467,40.70230099981518],[14.669845000284534,40.69258700025784],[14.667717000176696,40.67792400003582],[14.67492800049871,40.67225249958039],[14.682089499575925,40.68137900036118],[14.701504499752987,40.68228650014311],[14.711253000537297,40.68690300037931],[14.720971499837212,40.68518250028832],[14.720599999521434,40.68921150023727],[14.722718000153783,40.68306699991644],[14.736228999961307,40.68513900019412],[14.737089999582066,40.67594550035061],[14.734638574887065,40.671314013326175],[14.719083999423265,40.66679049961001],[14.690440000000002,40.649115],[14.678071000000003,40.64663300000001],[14.625742999999993,40.649075],[14.613291999999996,40.64590100000001],[14.571300000000004,40.617743000000004],[14.542257856100221,40.61403054121576],[14.516368000000002,40.619859000000005],[14.486582999999996,40.632636],[14.471365,40.624661],[14.422048000000004,40.615546],[14.401540999999995,40.602118]],[[14.414755500172303,40.83333649978631],[14.414197999783935,40.83601850015659],[14.405413000584945,40.83429800005221],[14.389406999933506,40.846455500140685],[14.378394499858556,40.84799450013743],[14.369418500364187,40.85419000018789],[14.364834500439182,40.8512595004036],[14.395542999947406,40.830552500235264],[14.414755500172303,40.83333649978631]],[[14.394787499715266,40.888634000000465],[14.392645499650003,40.892227499823406],[14.388506999866427,40.888784000250226],[14.389580000010191,40.88696050033862],[14.394787499715266,40.888634000000465]]],[[[14.479894404216285,41.40643862243],[14.47819700005083,41.40856049963251],[14.47797423188117,41.409655060399245],[14.479894404216285,41.40643862243]]],[[[14.468089352722252,41.4201875339898],[14.465891000116551,41.419775000040104],[14.46133456541987,41.42308987833708],[14.468089352722252,41.4201875339898]]],[[[14.333382000077377,40.81017449964935],[14.333379153961385,40.81012999223084],[14.333241892266935,40.81024739440073],[14.333382000077377,40.81017449964935]]],[[[14.3660126424302,41.447078965165595],[14.35300900015177,41.449820500287615],[14.348387292071326,41.451802570567196],[14.3660126424302,41.447078965165595]]],[[[14.338953658900214,41.45432922257418],[14.327187999795553,41.45340349961034],[14.308055916207204,41.46467041044559],[14.338953658900214,41.45432922257418]]],[[[14.047697000000003,40.78958900000001],[14.041332437582025,40.79715607148002],[14.052257,40.837591999999994],[14.044465000000004,40.87420500000001],[14.026999499573607,40.915930999858915],[14.02884050053025,40.92480899986503],[14.018427499551644,40.943050000240035],[14.018023000371974,40.947866499803155],[14.023245000010887,40.95112999988939],[14.008685000523107,40.96050499983304],[13.995726500577758,40.98445550021077],[13.9940219995121,40.99489699962864],[14.003574999491862,41.009063500378915],[14.031526499809017,41.02367550008104],[14.080777499664121,41.03252000039571],[14.079930000198866,41.04887149969385],[14.096578000503008,41.048814499612405],[14.118616499827588,41.04513000042046],[14.118587500236389,41.03935549961164],[14.135800999786987,41.039524500003004],[14.140094500343293,41.04274549999975],[14.142238499937678,41.03935349990897],[14.160628499736301,41.04051449982636],[14.17495249985119,41.035909500442976],[14.190421999592289,41.04139699986524],[14.208563500275247,41.04063950002261],[14.213028500025143,41.04334500022256],[14.22410249963744,41.03363200040118],[14.231485000377798,41.03189599987269],[14.264264999974122,41.012155000057696],[14.290077000011003,41.00173250013194],[14.29764350017753,41.004706499601674],[14.293314000014906,41.000643000357954],[14.294592000520897,40.99208499956921],[14.291342999897491,40.99347250030265],[14.289314499606583,40.986422000273656],[14.294310999641379,40.98052500019128],[14.293048500570956,40.969662500326756],[14.28495900021872,40.96375049985607],[14.286884500368052,40.96262649978611],[14.284508999823185,40.960260000027844],[14.263534000179,40.96151449995761],[14.264231999666952,40.959565000092496],[14.258751500242202,40.95870850001145],[14.264080999540376,40.95185200033341],[14.252276999403803,40.946039999928026],[14.245760999914225,40.93762049972428],[14.240509499957872,40.939167499717946],[14.23745049965106,40.92853000002201],[14.22554949957308,40.92858950040069],[14.223220500376975,40.932512999574],[14.218680500487418,40.92370250017925],[14.21335350032122,40.9242229998652],[14.220813500223407,40.918149999955695],[14.208567499892224,40.9219490000089],[14.180033000160801,40.92382949999085],[14.157300000291926,40.91991349986887],[14.159557500531706,40.91584349999769],[14.147463000555971,40.9130875003485],[14.136791000066907,40.9164460002091],[14.11984950043585,40.911610000247734],[14.114926499834828,40.91305800011802],[14.11202999949106,40.90227049998263],[14.142183000306698,40.90446449994901],[14.153923500138811,40.91079900004881],[14.159627000517567,40.905204999676826],[14.188326999753734,40.90213099972618],[14.191379499637476,40.904010000429125],[14.204231999551883,40.899522000085554],[14.202619999839605,40.88553200038509],[14.185311500112324,40.878505499872496],[14.188396499796092,40.87074450031623],[14.176559499901819,40.874472499850306],[14.152806999693626,40.86660749964339],[14.143969500194684,40.86807450003271],[14.138387500425532,40.86374100033393],[14.137238500284015,40.855666999772076],[14.13233299978182,40.85547899970949],[14.138517500076109,40.848656000323466],[14.154368500344916,40.85192800015652],[14.160613500234787,40.84613400006495],[14.158869500436905,40.840401500138206],[14.15342899970165,40.83823700032909],[14.159217000419515,40.81684250017823],[14.136504718430743,40.81843683701725],[14.113530499722378,40.82953150008007],[14.095957999999998,40.833808],[14.082530000000004,40.83128500000001],[14.071644500559913,40.818566500411904],[14.077098640546737,40.813321946545905],[14.081697923787837,40.7922005626647],[14.07796249988482,40.790618500040544],[14.082297571566027,40.78594137413155],[14.047697000000003,40.78958900000001]]],[[[14.294954000220743,41.46893600015047],[14.289355499672778,41.46948699960979],[14.28430799954044,41.47207100006844],[14.289182229411555,41.47315594660564],[14.294954000220743,41.46893600015047]]],[[[14.265384062787964,41.48534753858434],[14.249447000434625,41.48451900026391],[14.246089328446828,41.488517160457285],[14.265384062787964,41.48534753858434]]],[[[14.166839999782917,41.490389999731505],[14.164989000368287,41.47874700036346],[14.15166699973379,41.48262300020837],[14.141395955995177,41.49240259409366],[14.166839999782917,41.490389999731505]]],[[[14.109992999593501,41.395071499565034],[14.11340400016234,41.39058450041089],[14.111463500406584,41.38639900006518],[14.103867499963595,41.389113999610416],[14.109992999593501,41.395071499565034]]],[[[14.102015068448075,41.424404536694034],[14.105744000101186,41.422364999940825],[14.106538303296153,41.41549675539604],[14.102015068448075,41.424404536694034]]],[[[14.101546499748803,41.42479500013199],[14.101568294949118,41.42476540515568],[14.101528490648604,41.42479755563637],[14.101546499748803,41.42479500013199]]],[[[14.094841993070203,41.429295866352895],[14.098521499750346,41.42840299955884],[14.0997749590183,41.42621385855964],[14.094841993070203,41.429295866352895]]],[[[14.080287500237704,41.44390100012498],[14.090101500164494,41.43494899982954],[14.091700848534401,41.43120173254675],[14.083316,41.437677],[14.080287500237704,41.44390100012498]]],[[[14.086752420603057,41.45913520265803],[14.08611049960618,41.45789950037155],[14.085412741794686,41.457532487365356],[14.086752420603057,41.45913520265803]]],[[[13.903620970474025,41.07537371095309],[13.851724999999995,41.147316000000004],[13.830184500484538,41.169394500037626],[13.790490999999996,41.205864],[13.763398709066356,41.224233576225494],[13.775374499693656,41.243770999700004],[13.786403000495971,41.24109700027459],[13.791001999980013,41.24474549986335],[13.801448999510399,41.245779000189614],[13.802003999710116,41.248707000213145],[13.807328499512591,41.244738499643894],[13.81313600000172,41.24891149959048],[13.816886500013618,41.24364549962161],[13.824410000439565,41.25251300023192],[13.830138999906787,41.24990850029232],[13.83354700027307,41.25216500011801],[13.831095500221009,41.26244699965823],[13.83722999989292,41.259176999604584],[13.840143499452084,41.26250250019841],[13.834037499742422,41.2668430001456],[13.826687999993382,41.265932000130825],[13.83171650047017,41.27383749975983],[13.827592999848736,41.27741900044741],[13.82900099951859,41.281501499864106],[13.835719999615803,41.28035449986959],[13.854684499650755,41.291794999984305],[13.861434499956879,41.2867470003899],[13.868836000082535,41.29324400024078],[13.882358999514208,41.29090500018988],[13.889761499708518,41.29744649961962],[13.894836499581844,41.311599999718496],[13.873701999789542,41.335588999559675],[13.87796649950896,41.34126900012223],[13.870834000542214,41.3570539998972],[13.877695999616028,41.36060700025794],[13.870319844190178,41.361914150242335],[13.873879999966316,41.37526949958906],[13.886341000482899,41.38440999955735],[13.875602000487895,41.39606700006792],[13.882690000546507,41.39714800015197],[13.882610000512742,41.40108150003913],[13.8886209997093,41.40077150043456],[13.883105999874102,41.40423850030727],[13.877767999822343,41.40161149991246],[13.869275999837123,41.40493449986197],[13.861254500347586,41.41760050032203],[13.873099000585176,41.42257250009002],[13.875114000349361,41.42634549968765],[13.886265499406063,41.42731999989102],[13.891720999752714,41.424597999771],[13.899146499438702,41.42674000008961],[13.902595000293003,41.42269350014138],[13.910882000269613,41.428652000004455],[13.911307000360484,41.43341800040293],[13.931255500555352,41.4401180000807],[13.954225000164328,41.43991899987012],[13.966878999933586,41.4353970001818],[13.98199149993204,41.43784349960773],[13.983248500502206,41.4340345003196],[14.00072749953152,41.43089849976676],[14.003352442921356,41.43304851053244],[14.031481999999997,41.398148],[14.046070909211263,41.39338713695382],[14.038054000094734,41.39032250009267],[14.044529999997211,41.3833420002172],[14.046566500170174,41.37499149961664],[14.02893300025448,41.366568999739386],[14.059597500357564,41.35027550004945],[14.064866500434604,41.34455999960345],[14.055464999585189,41.344267499738784],[14.047340000535524,41.33581550021992],[14.03121350029796,41.33173349959761],[14.003331500062593,41.317894000404856],[13.999960000229173,41.31361550040023],[13.990821000379276,41.31205050008607],[13.989118000129785,41.308567999833414],[13.98749400020235,41.312334500261706],[13.985992499950838,41.309807000030645],[13.977787000131416,41.3120039999088],[13.978866000262324,41.31714350019122],[13.9588975003963,41.3150904996257],[13.947864500404155,41.308791500006194],[13.944039000020702,41.30011000031009],[13.945020500572394,41.28958750020198],[13.95935600002608,41.27430700005607],[13.959718999670185,41.26715599968997],[13.963083000025403,41.274132500111655],[13.96904000033436,41.271150999719794],[13.968429500420712,41.268269499645],[13.972849000218892,41.26962650013754],[13.988997000483979,41.26450099974904],[13.985963500380985,41.25379699968424],[13.990011500136333,41.25291449969212],[13.988200499560124,41.23485900005427],[13.997699500509427,41.23643649982981],[14.008813499706429,41.2132540004273],[14.020766000328438,41.20683500037243],[14.030517499877364,41.19427150041219],[14.028264499531984,41.186973999729496],[14.038035999928727,41.182480500254385],[14.040421999709183,41.17094150005157],[14.036012000297893,41.16270750019372],[14.027198500512164,41.15741700007732],[14.01623000029414,41.13376700025633],[14.024194499744743,41.12933150032224],[14.022728499473146,41.1205720003804],[14.031713500082008,41.108429999914],[14.020928000358225,41.10470649994014],[14.015138500334503,41.11184000031934],[14.008359500417713,41.105137999542265],[13.99412499960463,41.1035020001861],[13.992100500027945,41.1004925004134],[13.97309299995621,41.101388999958594],[13.967487000561468,41.089404499950746],[13.94705449953365,41.08471250032011],[13.945561499723842,41.070105499837105],[13.942912999692053,41.06384949996638],[13.936750999726176,41.06287199965206],[13.932258999671603,41.04628200028624],[13.927504500186275,41.04896200036957],[13.910907999674023,41.07472050002887],[13.903620970474025,41.07537371095309]]],[[[13.898291499611938,40.700958000365006],[13.89096556767221,40.694518477624094],[13.891230999762342,40.6991999999776],[13.881130063406804,40.699854149115545],[13.85297529273262,40.71254281994336],[13.860879000091066,40.715855999836066],[13.860791499681023,40.72375900020238],[13.854936726398787,40.73151263169943],[13.870128000000005,40.74872500000001],[13.864481472735399,40.75866905954672],[13.871125999483876,40.76156799958483],[13.876151000593268,40.75678700030756],[13.878004500494608,40.75922099995753],[13.88543449971029,40.75922050002725],[13.885489999595821,40.75478300025173],[13.890346999805361,40.75247699984246],[13.905233999857805,40.74967149983266],[13.90727200027512,40.75151100043894],[13.909758999490364,40.75248099976735],[13.911783499847601,40.75284000012764],[13.9077445002677,40.74881600039194],[13.923173999738873,40.75127350036512],[13.930182999730246,40.746292999606425],[13.941066000021658,40.74649749983699],[13.93794499965929,40.74478200038392],[13.941234999512345,40.74275250031297],[13.94170000027645,40.746108000418445],[13.944986006501543,40.74554363788435],[13.954849724900354,40.74075057448953],[13.957469499573946,40.73363899984916],[13.964292211664482,40.73209388946319],[13.959153500379852,40.728705499912266],[13.964465237365832,40.714617645646],[13.949043549900086,40.704796320656996],[13.939472000590193,40.70665500021139],[13.919769999999996,40.704495],[13.898291499611938,40.700958000365006]]],[[[13.987727999521578,41.4573840001324],[13.979792500445747,41.46092499998807],[13.978549590218314,41.46358938529921],[13.984613999999995,41.46101199999999],[13.987727999521578,41.4573840001324]]]]}},{"type":"Feature","properties":{"slug":"puglia-italie","name":"Puglia","source":"https://doi.org/10.6084/m9.figshare.19312094","sourceIds":["PDO-IT-A0222","PDO-IT-A0248","PDO-IT-A0279","PDO-IT-A0281","PDO-IT-A0527","PDO-IT-A0533","PDO-IT-A0535","PDO-IT-A0537","PDO-IT-A0538","PDO-IT-A0539","PDO-IT-A0540","PDO-IT-A0541","PDO-IT-A0542","PDO-IT-A0543","PDO-IT-A0544","PDO-IT-A0545","PDO-IT-A0546","PDO-IT-A0547","PDO-IT-A0548","PDO-IT-A0549","PDO-IT-A0550","PDO-IT-A0551","PDO-IT-A0552","PDO-IT-A0553","PDO-IT-A0554","PDO-IT-A0555","PDO-IT-A0556","PDO-IT-A0557","PDO-IT-A0558","PDO-IT-A0561","PDO-IT-A0563","PDO-IT-A0565","PDO-IT-A0566","PDO-IT-A0567","PDO-IT-A0568","PDO-IT-A0569","PDO-IT-A0570","PDO-IT-A0572","PDO-IT-A0575","PDO-IT-A0674","PDO-IT-A0677"],"resolution":"municipality","sourceYear":2022,"labelLonLat":[16.71036,40.91097],"scope":"Wine PDO areas within Apulia; regional guide, not a single appellation or vineyard footprint."},"geometry":{"type":"MultiPolygon","coordinates":[[[[15.294113500313633,41.920343000018356],[15.340310500199875,41.91787449996274],[15.352900999680104,41.90671049957421],[15.365660999924847,41.90276649971479],[15.417012499575092,41.900904500036866],[15.494213999382511,41.90763399961302],[15.617885000278513,41.92776399976397],[15.642994499687484,41.926726500058756],[15.657709000289502,41.92129649982136],[15.667626499989384,41.92272700014961],[15.674322500255991,41.915416499572174],[15.715683499584433,41.91471049968816],[15.806855499645296,41.92095599957701],[16.027110000000004,41.944078000000005],[16.108294809978695,41.928536340228014],[16.11253900022603,41.920990999791734],[16.124108500157288,41.9139909999434],[16.13433200007988,41.912481999804875],[16.140952999732487,41.914812000413804],[16.163593000402674,41.88934700030211],[16.172493000117417,41.88633650036007],[16.175749999528655,41.88956700022313],[16.178729519236846,41.89088919257506],[16.172954000465868,41.886320000299136],[16.177710358618913,41.885781158357034],[16.176091999889167,41.85616349968164],[16.18036749981425,41.846034499647836],[16.188151262152264,41.83891094046828],[16.193044,41.808417000000006],[16.192881999999997,41.79092000000001],[16.188561499810206,41.78891049957558],[16.184337,41.779608],[16.145762999999995,41.74884700000001],[16.107188000000004,41.737616],[16.089692000000003,41.72602],[16.063161999999995,41.701483],[16.027516999999996,41.67991800000001],[15.925304000000002,41.640041],[15.900075999999999,41.614651000000016],[15.891368000000003,41.57685],[15.896331999999997,41.536443999999996],[15.911793999999997,41.502875],[15.933603999999997,41.47943799999999],[15.979914500283375,41.4461305000838],[16.02473849974324,41.425590500227216],[16.14048192441998,41.38376438832652],[16.169071500286357,41.36934650019529],[16.207031500452985,41.35937649991579],[16.261038499504654,41.32889649989667],[16.28170350052688,41.32431649960025],[16.283535000327948,41.32823450003736],[16.289112995656357,41.33216150886583],[16.291192999784265,41.330283000419584],[16.284573999415215,41.327803500019314],[16.290137500570346,41.32196500024343],[16.294073999644844,41.32182450010748],[16.29560469950156,41.32990072665155],[16.294828999504606,41.3234105004113],[16.297950999787133,41.32143150032588],[16.35450848478578,41.306121046070146],[16.385607500308133,41.29091099987226],[16.42604391927252,41.276738079209885],[16.432974999909938,41.27107250011687],[16.442558982635756,41.26994344009434],[16.4413244997598,41.26709950033188],[16.45158700010075,41.26041400021517],[16.472608499762725,41.25500600011899],[16.481539999871803,41.25661500014896],[16.48644649944932,41.250287999689235],[16.495827499682964,41.25012000034516],[16.50993199953397,41.246409500321136],[16.504762500575087,41.2472905000124],[16.504801999611626,41.24338200027071],[16.507083999685623,41.245261500462604],[16.531793000433876,41.23886299975001],[16.54094450003679,41.229994999914744],[16.55594307036012,41.22667045522356],[16.57242599993145,41.218060499722306],[16.57513649947896,41.21334449977089],[16.583860581751914,41.212197181979754],[16.58012949951621,41.2110095004296],[16.582236500177704,41.208140000424876],[16.60099958885712,41.20517261966947],[16.626643999691915,41.19381199979208],[16.632906499609597,41.192573000467],[16.63853700034636,41.19492550038657],[16.655200557669463,41.1913325337916],[16.680888107296617,41.18476092567944],[16.681429000439337,41.18179300032913],[16.696148500200895,41.177000000121765],[16.744978499535847,41.168022499888984],[16.750640000041972,41.1665715000146],[16.749571499775616,41.16367449960273],[16.75768100039958,41.16445649965834],[16.763261499614213,41.16033649986407],[16.779479384094493,41.159464628794254],[16.803160999542538,41.143008500098205],[16.830912500175003,41.136445999862644],[16.841540082559213,41.13928555853383],[16.85315950013765,41.132499500062025],[16.853944499851572,41.12881599962867],[16.860108000209753,41.12885100009336],[16.85766649991704,41.13064800032802],[16.862142000012298,41.13365100007247],[16.861150000181713,41.12950649969557],[16.865856999738654,41.13033649980387],[16.86485300025866,41.133965000335735],[16.86870599963218,41.13466349969779],[16.861117999998672,41.13684000001913],[16.865757073462817,41.139323655060984],[16.872245656903182,41.134217741346184],[16.872306499554778,41.12962150007653],[16.874500000456933,41.12857349971111],[16.877068499773717,41.12845349961405],[16.879137000497614,41.12765299976708],[16.87288900019198,41.127087500314566],[16.87916850023039,41.1225510000283],[16.918620499615987,41.111814499854056],[16.929386500214893,41.11162100035316],[16.937912999992164,41.10558899973931],[16.960654999438443,41.097884000213774],[16.959401499591728,41.0957290002194],[16.981447000369677,41.094740500393016],[17.008427999467045,41.085696000056146],[17.04755449965068,41.080164999622674],[17.09760449999117,41.06243799984628],[17.099572999736544,41.061005500028756],[17.0931865005288,41.06138700033396],[17.100849499645435,41.05656150001902],[17.101493000314754,41.0624074999788],[17.103517499608067,41.055115500258474],[17.135086499479392,41.039736499650814],[17.17990850027165,41.02657700014995],[17.188384499893104,41.018348500178725],[17.18697350012243,41.016492500369736],[17.20136349983079,41.009027500366855],[17.204626000353198,41.005340000027964],[17.20038350049808,41.00607149965763],[17.20201900046316,41.00332200039182],[17.2138615000988,41.00026049999727],[17.2182304998044,40.995614000252665],[17.22387799983545,40.99698250045791],[17.2295005004932,40.993454999595606],[17.23656649956791,40.993760499749385],[17.23806249956544,40.99048399962298],[17.257031499531173,40.98186799989421],[17.258063500529545,40.978424499929474],[17.262754499822773,40.97843350045036],[17.264808999697397,40.973182499841656],[17.271560500186208,40.97517950033611],[17.282639500027752,40.96936299960463],[17.28802150002951,40.96217150041273],[17.292789500075383,40.96313550042908],[17.29409400003252,40.95873400011652],[17.30290599977242,40.95893649979911],[17.306017976570907,40.957838618601826],[17.299149500032893,40.95713849999713],[17.304560000147294,40.95286600013853],[17.304988500368484,40.9559394997553],[17.306604499890145,40.94787100021936],[17.31602300033654,40.94502450034488],[17.317229499759062,40.93991350034852],[17.326039192181838,40.936773940561864],[17.343183500608536,40.91739450037315],[17.347172499673732,40.90816800025898],[17.358486999874913,40.90184949966562],[17.38895950046506,40.89258600006633],[17.41196199957295,40.87133900000928],[17.44700559450646,40.85386356584771],[17.476084999999998,40.830146],[17.560253499543705,40.79769549982447],[17.633925000252912,40.78073049969768],[17.662761499920073,40.77257700033703],[17.663128499523253,40.77015600017442],[17.686475500238526,40.765778500302325],[17.697731500008437,40.759038500401296],[17.70360700015757,40.75934850019745],[17.704280000148565,40.75685299958603],[17.70839200046448,40.75779400030427],[17.72267349969144,40.748742000085144],[17.72683850016244,40.74935300002107],[17.727509499837712,40.74632900025994],[17.73496350049351,40.74537449978786],[17.74503599946112,40.734414999754925],[17.76820600013553,40.72330949980281],[17.780910499945644,40.71866350031288],[17.791710499387637,40.718567999810475],[17.792584999513686,40.715777999832625],[17.800046499530193,40.71606300038618],[17.796914499884277,40.71303149987496],[17.79913650041306,40.70938950004175],[17.839553999937014,40.690983000038315],[17.866123499443177,40.68674149978733],[17.869426000167344,40.6887885000579],[17.87410699963425,40.68479549990409],[17.889111000565926,40.682596500096146],[17.92339749990419,40.681420000246575],[17.94592875459176,40.674132840792566],[17.949326999459757,40.666898500017304],[17.955570586751552,40.66389013429139],[17.95511401747902,40.65187068751513],[17.95080249990589,40.644648500434364],[17.930690499469883,40.64246600003354],[17.92924049992039,40.63904799959024],[17.944189000125,40.64244250014155],[17.950875500282827,40.63698299985121],[17.949826500175938,40.63301449988088],[17.953034500298443,40.644985999804796],[17.96650600032438,40.646842336454405],[17.967240499906694,40.644887999606944],[17.970597642006272,40.64785608791789],[17.97384649964617,40.64473150017833],[17.977655500151347,40.646452999533636],[17.986101999761377,40.64375950018095],[17.988513499882913,40.646318999878375],[17.981935500167413,40.649511500317985],[17.98942550033682,40.64596999992765],[18.000198261245718,40.65180704300996],[17.99861950025174,40.648970499943616],[18.011175473667052,40.642048055748525],[18.018434499572912,40.621619000391696],[18.042924346877346,40.59966219334223],[18.040183576119677,40.57830480676707],[18.034568499911106,40.57138950004151],[18.037446,40.556951999999995],[18.078713359113937,40.530772033168674],[18.08408850036509,40.52293899964659],[18.115906000390826,40.50653049952854],[18.12657949966732,40.49318900034717],[18.160246999655705,40.481009499761356],[18.169877499913,40.4806750000442],[18.18438049962095,40.46985000027673],[18.2007560001824,40.46841800008185],[18.212172500099076,40.46307100019318],[18.222525500218524,40.4527849997439],[18.233894999572364,40.44920649988201],[18.24922899970467,40.437382499883626],[18.259516000251363,40.42412100001138],[18.27008000031788,40.41846449986203],[18.278737999541057,40.4075865003126],[18.306835500496014,40.39106899979582],[18.305398500069106,40.383694499860056],[18.316047499875225,40.37277200018065],[18.326104499633328,40.36856199964761],[18.343760999999997,40.35162999999999],[18.36018649980523,40.34467500000186],[18.382288999443205,40.31791850009053],[18.403701789069615,40.30348151203288],[18.437266,40.26789],[18.463547488078298,40.219606297412824],[18.45808750030194,40.21008200036761],[18.460835999563106,40.198871500232656],[18.463855499943108,40.19277900020291],[18.4723544999456,40.1883065003829],[18.471306499907858,40.18323400001078],[18.477869499535,40.1798540003941],[18.47695899976153,40.176073500185375],[18.48263349956332,40.17091899997815],[18.480191499608832,40.16759050000025],[18.492124000113137,40.153505499758396],[18.487386500395232,40.14817549983563],[18.493771500048112,40.14521900017977],[18.49732650036992,40.14740550010788],[18.494425500229827,40.14964349957671],[18.50359949957199,40.14681050027746],[18.508058499601532,40.13909750040078],[18.514358999399953,40.1384144998516],[18.506655999519076,40.12563400017976],[18.5170093015757,40.11106381729024],[18.516124000000005,40.10447799999999],[18.50644649976553,40.09438699960837],[18.49385000047517,40.08836749975322],[18.48782750013706,40.0793200001336],[18.482888499461694,40.081461999610845],[18.485118500174295,40.07565100000408],[18.478180000412664,40.060404500012794],[18.477745080382736,40.04998337080451],[18.435660000086557,40.02454750039547],[18.407260999627482,39.97531550009337],[18.392458500334257,39.92105500016909],[18.393844182515515,39.911517954225346],[18.390282000023642,39.907176500196854],[18.399101500471996,39.89169199963571],[18.399461500396992,39.8808579998121],[18.397115500443267,39.87034599985265],[18.393420499762108,39.86829850042433],[18.389508499984526,39.84618450011295],[18.384458000254103,39.841157500067844],[18.389171000000005,39.817084],[18.373709000000005,39.799791000000006],[18.368336999999997,39.796617],[18.338389999999993,39.800116],[18.282073999999998,39.833197],[18.265636000000004,39.83759200000001],[18.211273999999992,39.839342],[18.161876000000003,39.86054099999999],[18.130626,39.88349],[18.09424900000001,39.902736999999995],[18.07549324076419,39.90938005077597],[18.007335,39.986070000000005],[17.995372,39.995266],[17.995371989909856,39.99929064990076],[18.008199999927648,39.996603999775665],[18.020273999999997,40.01019900000001],[18.022146000000003,40.021674],[18.015797999999993,40.0362],[17.997689000458816,40.05054449961076],[17.98441399970409,40.05482149985071],[17.98008849951568,40.05364800046124],[17.980557000463378,40.05615499985314],[17.9783399998647,40.05378599968517],[17.979986000537618,40.05285900010458],[17.972429127656316,40.05474067604813],[17.974434999755932,40.05849050024024],[17.98257349957512,40.06145049968184],[17.97731349957085,40.05688849980941],[17.99030050007571,40.05855349967966],[18.005222999663527,40.07203350032033],[18.01180050055928,40.08526349980094],[18.01000199969857,40.1089874996157],[17.992785000100877,40.12926899974237],[17.996592999574695,40.13141649967539],[17.987799499470512,40.13352650042639],[17.98720149966253,40.14044399984775],[17.97935499957162,40.138184999889354],[17.980120500470953,40.14166549982767],[17.976743999804953,40.14093100041909],[17.973166500214386,40.14568900000439],[17.974814999582897,40.147935499892746],[17.962580754125874,40.14915647472184],[17.9589785003023,40.15875100029503],[17.955007999636447,40.15854799973711],[17.946191999751537,40.168515500461574],[17.936631999725453,40.17122449999209],[17.9251895003232,40.18414599969458],[17.925825999900603,40.18876399963016],[17.91957792471103,40.192112583828475],[17.919349097687217,40.20290960628714],[17.923249500108746,40.206614000351315],[17.91897049967003,40.21390600006049],[17.92612549986489,40.21955349996176],[17.922797000000436,40.22631300002974],[17.915869909587574,40.22947086861542],[17.909862099454884,40.2412833422389],[17.912771,40.25531599999999],[17.863129,40.285631],[17.84766700000001,40.29002500000001],[17.76349109022714,40.29345530994797],[17.758751000205717,40.29768450001803],[17.755296499787338,40.294521999564424],[17.747988500479213,40.29503350021732],[17.747820500556,40.29815300005145],[17.743162500057235,40.295030500214125],[17.731415999615024,40.30014149962943],[17.679138499826447,40.30469950021637],[17.602293372050585,40.30009576376086],[17.512055,40.303696999999985],[17.482748022566607,40.312360934584554],[17.440440000000002,40.330999999999996],[17.396895232112232,40.332391230487374],[17.368174999999997,40.351508],[17.355205000549912,40.356194500216446],[17.351248000000002,40.35480400000001],[17.340825499528517,40.362403999598],[17.33653286733295,40.36142391898755],[17.297758999576814,40.38010449968626],[17.269806659213685,40.38694908585534],[17.266028999968913,40.39102149999618],[17.260118504180532,40.38967479684715],[17.256855499418073,40.39577599963734],[17.247111499577812,40.395433500033676],[17.236691499568355,40.40250849977618],[17.23210249971575,40.40129149997381],[17.224864999423797,40.40881899959657],[17.21015829938177,40.40926372072077],[17.20488440587379,40.41516349794555],[17.20895050008502,40.421565999760695],[17.236713500354877,40.425330000060995],[17.237253999835144,40.42936600015071],[17.24568599968011,40.434256000321994],[17.251076999579364,40.446839000380784],[17.2481759996362,40.460444000400244],[17.229031118163785,40.47487022102222],[17.247406,40.480292],[17.295746000000005,40.473212],[17.316253999999994,40.481879000000006],[17.323253000000005,40.498481000000005],[17.304047000000004,40.499457],[17.261729000000003,40.488715],[17.268565000000002,40.49616100000001],[17.247405999999998,40.50283400000001],[17.210704,40.487006],[17.189952000000005,40.481879],[17.182584248110008,40.48497353594691],[17.181794000265842,40.492436999719715],[17.1780784025721,40.49075908630936],[17.166189000000006,40.509181999999996],[17.156015999999997,40.51239700000001],[17.14047587749673,40.51256576365171],[17.11135949953299,40.51976549998805],[17.049571,40.51911],[16.976085,40.49262100000001],[16.912120000000005,40.445217],[16.86236863261954,40.39159903890057],[16.848003,40.401513],[16.834512000000004,40.418772],[16.81280299999999,40.436339],[16.79729,40.463475],[16.78630400000001,40.47345100000001],[16.772746999999995,40.47329700000001],[16.745632999999998,40.46699100000001],[16.737876,40.469573000000004],[16.730889,40.477527],[16.711311,40.551531000000004],[16.710696,40.63669699999999],[16.720143999999998,40.664393],[16.719990000000003,40.67395200000001],[16.715969000000005,40.681388999999996],[16.696590000000004,40.697210000000005],[16.698281,40.70025299999999],[16.715024999999997,40.706043],[16.715662,40.71539200000001],[16.694568000000004,40.73364000000001],[16.653281000000007,40.743869],[16.621026000000004,40.758491000000014],[16.586879999999997,40.762315000000015],[16.574773000000004,40.758084999999994],[16.574619,40.74927400000001],[16.544801999999994,40.759161000000006],[16.53799100000001,40.757568],[16.535968999999998,40.751779000000006],[16.549614000000002,40.735497],[16.546209,40.73012500000001],[16.541089,40.730465],[16.525576000000004,40.741858000000015],[16.515666999999993,40.757514000000015],[16.509317,40.76118300000002],[16.497781,40.757821],[16.427974,40.705988],[16.420064,40.703252000000006],[16.396442999999998,40.71296400000001],[16.340435,40.75214100000001],[16.234812000000005,40.847063],[16.212268000000005,40.897578],[16.196624,40.911432],[16.172695,40.92112199999999],[16.159666,40.922726000000004],[16.137187999999995,40.91810099999999],[16.119038000000003,40.904170000000015],[16.110006999999996,40.90416999999999],[15.984015999999993,40.952543000000006],[15.981841000000006,40.962024],[16.006383999999997,40.96943999999999],[16.027103000185416,40.991192999729485],[16.032048999553997,40.9983635002342],[16.027998500573798,41.024060500001234],[16.04053150018362,41.02834049953835],[16.04095599976469,41.03486100023063],[16.027900500446233,41.045263500419935],[16.02512150022462,41.05220549979759],[16.018207999616696,41.05213500003566],[16.007312499761824,41.05908599959769],[15.998955000470286,41.053951499956895],[15.99722649995084,41.06111000022912],[15.979040500277168,41.08118849959594],[15.984015499602416,41.08589350022269],[15.976314499714809,41.09414649989751],[15.954200000353689,41.09310050006225],[15.944870040050198,41.088594842533155],[15.900409999999999,41.101111],[15.883909000000001,41.11152599999999],[15.858332999999998,41.13681699999999],[15.771101000000002,41.10455000000001],[15.753172000000001,41.102758999999985],[15.596396999999996,41.109351000000004],[15.583169,41.10455000000001],[15.561658000000003,41.08614800000001],[15.554736000000005,41.069196],[15.558559999999995,41.05512199999999],[15.455376000000003,41.079358000000006],[15.406025999999997,41.105626],[15.392380999999997,41.098452000000016],[15.382558999999999,41.09749600000001],[15.280341999999997,41.103847],[15.275068,41.105912000000004],[15.255336999999995,41.127676],[15.202865999999998,41.15338400000001],[15.20023,41.159404],[15.203019999999997,41.1657],[15.252699999999995,41.207150999999996],[15.253316,41.214435],[15.244636000000003,41.226421],[15.263225000000002,41.233375],[15.267576000000004,41.237869],[15.266169999999994,41.24161500000001],[15.245867000000006,41.26384],[15.187068000000004,41.28704400000001],[15.178696000000004,41.28905400000001],[15.163644999999994,41.27732099999999],[15.143451999999998,41.274618000000004],[15.128247000000002,41.30770900000001],[15.116776999999995,41.315718],[15.091464999999994,41.321255000000015],[15.075336999999998,41.33039599999999],[15.066964999999994,41.34864400000001],[15.066658000000007,41.358455],[15.081071999999999,41.370803],[15.085576000000003,41.38031800000001],[15.101857999999998,41.390601],[15.097046000000008,41.42584500000001],[15.093639999999997,41.43023899999999],[15.072393,41.438095],[15.045520000000002,41.463879999999996],[14.995290999999995,41.48207300000001],[14.935042000000003,41.525996],[14.938974999999996,41.563097],[14.932404999999996,41.615216000000004],[14.939062999999997,41.626554],[14.958024999999994,41.634541],[15.008013,41.61971],[15.017615000000005,41.619732000000006],[15.034665999999996,41.63012499999999],[15.049146,41.644231],[15.071315999999998,41.653163],[15.108867000000004,41.68366100000001],[15.139716999999997,41.69148300000001],[15.157097000000002,41.70169],[15.157096999999998,41.70789700000001],[15.123919,41.712445],[15.113064,41.718334],[15.105264,41.73626399999999],[15.102627000000002,41.763751000000006],[15.111503999999995,41.796798],[15.106186999999995,41.818639000000005],[15.107328999999993,41.835899000000005],[15.134311999999996,41.87569100000001],[15.141626977458142,41.92584418955546],[15.20457249980642,41.91934700002764],[15.294113500313633,41.920343000018356]]],[[[17.90545455931426,40.24465976215532],[17.90604650058944,40.24443400037479],[17.906189135572053,40.24409707361656],[17.90545455931426,40.24465976215532]]],[[[17.76281250010137,40.2935295000118],[17.763238544348535,40.293465921445545],[17.76275251365473,40.29348634169376],[17.76281250010137,40.2935295000118]]],[[[16.1768350003567,41.888101500395116],[16.178123129369567,41.88785009186031],[16.1780629972065,41.887548701706805],[16.1768350003567,41.888101500395116]]]]}},{"type":"Feature","properties":{"slug":"sardegna-italie","name":"Sardegna","source":"https://doi.org/10.6084/m9.figshare.19312094","sourceIds":["PDO-IT-A0903","PDO-IT-A0904","PDO-IT-A0906","PDO-IT-A0907","PDO-IT-A0909","PDO-IT-A1046","PDO-IT-A1099","PDO-IT-A1122","PDO-IT-A1133","PDO-IT-A1147","PDO-IT-A1158","PDO-IT-A1164","PDO-IT-A1167","PDO-IT-A1169","PDO-IT-A1170","PDO-IT-A1171","PDO-IT-A1172","PDO-IT-A1313"],"resolution":"municipality","sourceYear":2022,"labelLonLat":[9.09879,40.06999],"scope":"Wine PDO areas within Sardegna; regional guide, not a single appellation or vineyard footprint."},"geometry":{"type":"MultiPolygon","coordinates":[[[[8.364151500562276,40.495024500272926],[8.339138069172582,40.50727701649479],[8.32297900017764,40.537159500403135],[8.316402675610075,40.565072480672534],[8.318092000266914,40.57119749982431],[8.30637600031995,40.58615149968017],[8.291515,40.595364000000004],[8.267344999999999,40.59406200000001],[8.216318999999999,40.57062400000001],[8.198633079971415,40.57709715509094],[8.20828949975638,40.587644000259516],[8.203686999846566,40.593899999948064],[8.215381999947427,40.5933064999358],[8.217959999482453,40.595439000286035],[8.219362500290524,40.60185749988028],[8.21404391627485,40.609226729547885],[8.216319,40.61220900000001],[8.195419999587173,40.61842850004683],[8.176606000000001,40.60659400000001],[8.168010999431537,40.592896999783896],[8.16100049980197,40.575964000035015],[8.163685288518879,40.573525675598056],[8.161794000000002,40.56378800000001],[8.149438429611163,40.58752469694778],[8.145551291768347,40.60001512602889],[8.148182500378264,40.60168500007544],[8.144755740826694,40.60309600392758],[8.149128499849036,40.6053075000324],[8.143572499632773,40.613461000140916],[8.14458400040602,40.62317050019817],[8.146809500189972,40.626029499934596],[8.161809500294892,40.62764099986183],[8.160782499552573,40.63374650036127],[8.166980500241289,40.63232950039156],[8.175896999798873,40.634235499954464],[8.176754999691624,40.63680849974459],[8.184715000426891,40.63657450011886],[8.18986750003268,40.65385199986403],[8.192605500147723,40.653607000260266],[8.189297499923704,40.65777149976395],[8.193791999899707,40.66005949958761],[8.191537000431294,40.663422500091514],[8.199045999994365,40.672886500276775],[8.196442999894785,40.67841449998219],[8.202822499600218,40.67895199992069],[8.20519049960775,40.682001499761085],[8.203375499852571,40.688343500136725],[8.196562314002458,40.688447882296934],[8.197438999999997,40.691230000000004],[8.192149,40.694159],[8.174349416715936,40.69674829754737],[8.175612000501529,40.701351500339484],[8.162490499738123,40.71191450001204],[8.163553499848565,40.714272499829484],[8.157838802123196,40.7141421103156],[8.148510000328018,40.72489000009871],[8.137790989192512,40.727951873305464],[8.13518161975665,40.73140162610074],[8.139324227141381,40.738874137947185],[8.147467000499956,40.74015499962893],[8.145559500256743,40.74480250002068],[8.157245499786121,40.74880950012504],[8.156431499985395,40.7546104997803],[8.16136549980676,40.7636089996898],[8.166890000177961,40.766634499987475],[8.16489387326484,40.78495388440469],[8.178712499668581,40.80422649988077],[8.1790739995491,40.810051999673725],[8.187722499896473,40.811969000384444],[8.183959000437504,40.81774899981907],[8.191765500569947,40.82148799985361],[8.19091849977231,40.82475899994314],[8.19560650056414,40.82838450026502],[8.191660538933371,40.83311114935092],[8.198683500352635,40.83664649993053],[8.197524999741464,40.839037499872624],[8.219019999993593,40.868890500425636],[8.216011999418543,40.88043849994738],[8.223735000337927,40.88624549977306],[8.222755000369393,40.89233799962576],[8.21614813655864,40.896420376975044],[8.22047350002905,40.89993199960194],[8.215521953509864,40.90140006948363],[8.209727,40.91445499999999],[8.191691299342692,40.920899810089196],[8.190717999434124,40.924548000337154],[8.179572356433125,40.931618781790775],[8.18114838882939,40.939518138489284],[8.184676000362694,40.939504000301795],[8.183816999690757,40.94769750003399],[8.190696000431505,40.95387350037464],[8.189486000179498,40.95707749960826],[8.197833999500947,40.960264499609906],[8.201708999584175,40.97256649956471],[8.21363049963968,40.95973250024415],[8.229207000300322,40.95237249983991],[8.236071997614173,40.953453141970634],[8.234751500394083,40.944343999713695],[8.231848500240467,40.944331499793996],[8.233339131989581,40.939784868231854],[8.224064499482648,40.938436499815445],[8.23014550002677,40.93703000033502],[8.22643399982028,40.93661799972738],[8.230553755733652,40.92867586013102],[8.229259000000003,40.921575999999995],[8.238061500388573,40.9035040001885],[8.277843,40.865424000000004],[8.313342499567632,40.84493899985988],[8.324636999620484,40.843424500238015],[8.328062500258122,40.84542500039869],[8.332343500568545,40.84261850009506],[8.344331000457514,40.84280700022112],[8.343571000496935,40.84058100026184],[8.347512500288572,40.839796500167935],[8.349736206042628,40.84646435811009],[8.348025000241549,40.83975850012733],[8.355205999737947,40.83941550029779],[8.355791618023062,40.845820852863824],[8.355699999953785,40.839898000252816],[8.35885449980666,40.836374499885125],[8.361480000007946,40.838638500205704],[8.35813999948589,40.83905449960835],[8.373930999536347,40.83734649986315],[8.378397023580167,40.843415187415786],[8.380060000079219,40.83849649979565],[8.392554000191724,40.838064000207865],[8.393543996791857,40.84180024510674],[8.399609499942352,40.83834299998566],[8.399859499864007,40.840968500312435],[8.404387499868845,40.83874350023331],[8.406644892557301,40.84040150835486],[8.407854999742778,40.837823499584715],[8.417190087652859,40.839274325210916],[8.419199000131885,40.835898499977525],[8.425655000243808,40.835094000354204],[8.427017000259532,40.832019999831395],[8.449173000230187,40.82138949980455],[8.463338999797537,40.81905549963348],[8.527429999473972,40.82418799989342],[8.562713000517002,40.831943999891465],[8.606153500153095,40.850158000211444],[8.624754499460387,40.86399049976706],[8.634641932016418,40.88236805325617],[8.649934000090196,40.89202449956954],[8.684238499972585,40.90331250043415],[8.69974199973657,40.91472049999304],[8.703550500585402,40.91574649987797],[8.69837400031129,40.91302399979383],[8.705172500325792,40.91105499975483],[8.702762000313333,40.91440849963736],[8.707701000280496,40.913773500013264],[8.71272749946563,40.91881199972314],[8.717256499934637,40.91338200043344],[8.727114500022942,40.91272549960228],[8.743820500352598,40.919087500085276],[8.764414999999998,40.913804],[8.794740499533162,40.9249444998786],[8.824951000253915,40.946984499749455],[8.862980500291506,40.983401999616746],[8.874049999682011,40.9969625000348],[8.872511499900515,41.00237099998815],[8.877327499810313,41.00413699964238],[8.874118217545721,41.00654002851887],[8.888324499425988,41.01684750017903],[8.88375824997792,41.02441191979926],[8.920510999595951,41.034421499953716],[8.929133717086382,41.04332097773785],[8.931734500085447,41.0423684997198],[8.936837500091634,41.0518219995685],[8.94835200001935,41.05706500019275],[8.956701500463334,41.06778900009249],[8.983408499483515,41.08630650005844],[8.981004606282003,41.08781482530287],[9.012115644162565,41.124275388298],[9.026301000343146,41.126313499612046],[9.02961761343466,41.12930608148574],[9.057397540418298,41.131892874545834],[9.06086549956711,41.12722749968818],[9.086380499624298,41.1279169997844],[9.110726999453393,41.135082499779266],[9.126733202688426,41.15367783656174],[9.130252000461217,41.152575000010536],[9.13261600028523,41.155189500082436],[9.141855999999999,41.152777],[9.15260549951353,41.15543049977948],[9.152478499423747,41.15863800042067],[9.15968850050093,41.160964999992714],[9.171109499938614,41.17324399979927],[9.16676199993577,41.18235750023883],[9.162671516253202,41.18219503386211],[9.163002846771226,41.214497174266995],[9.166978500217452,41.219359999913614],[9.164003499635353,41.22236399980833],[9.170411572335006,41.24150061581588],[9.185058742305946,41.24899538282476],[9.187756500306287,41.24531100016076],[9.193544999702043,41.247503500103846],[9.193917999538955,41.23456849985152],[9.20431149950504,41.24918950044173],[9.207757999683343,41.25062499990196],[9.214542000136364,41.24678999968512],[9.213279000434628,41.25322950011888],[9.225357499758733,41.259110500220224],[9.231539955675933,41.25863739199131],[9.23843400036916,41.245280000104025],[9.243983500377906,41.247459000401136],[9.24715250050607,41.24136599956789],[9.256056499704172,41.24322449966741],[9.263419000210495,41.23702450030837],[9.266019925100197,41.23925270579321],[9.269616762637014,41.200574396115144],[9.265930499990162,41.199934499855516],[9.270767999507191,41.199810499805814],[9.270576499988003,41.19535400045066],[9.280163500356304,41.18813650035243],[9.28480400020025,41.18887299991373],[9.285548999844398,41.18403850010963],[9.289409000540305,41.18987950014125],[9.28576900018683,41.188041500116896],[9.284878500581563,41.19333150024903],[9.279809000568047,41.19163249995969],[9.27866549979758,41.19829150028666],[9.283013000238027,41.202382000183306],[9.280304000268153,41.20384100005572],[9.28275400005188,41.20964749999168],[9.287927750674957,41.213263762512476],[9.285329999999998,41.195014],[9.290164000330712,41.19296700017811],[9.311480500264917,41.19091150045127],[9.318389774200103,41.195498078170154],[9.333422500306012,41.18554049997902],[9.34360100049096,41.193979499820635],[9.3374039995488,41.19109149987889],[9.333488466366846,41.192724629236956],[9.33802899962851,41.20442299960761],[9.348756500203887,41.207734999869636],[9.351725500556384,41.20317300028932],[9.356572055295542,41.20395095846891],[9.366018865226431,41.19701740427548],[9.370075500431733,41.18339700006786],[9.374849000196612,41.1834999998692],[9.378700516376393,41.187705691831326],[9.386299691448581,41.18212371628703],[9.384205499905905,41.178371499902305],[9.392814999538773,41.18184149994142],[9.407384499765206,41.17302149970213],[9.406826500197988,41.17641099995153],[9.420760999815037,41.17834500017521],[9.422374000000001,41.174506],[9.405207999946615,41.157905500129615],[9.420889815070526,41.15564147305268],[9.43613349962567,41.13589450027712],[9.442882000000003,41.132961],[9.437021999999997,41.12543399999999],[9.436778000000002,41.11538300000001],[9.442881999999996,41.091986],[9.447237015375157,41.099735596007434],[9.449398999965975,41.096118500113775],[9.448269916998994,41.1015732916002],[9.461836696109671,41.121315092822314],[9.471987500318034,41.12581350014615],[9.468358499442623,41.129061500362],[9.472404999539602,41.134328500157785],[9.464196000128469,41.136253500078126],[9.467277500213946,41.14337550001114],[9.472848999691866,41.140794499783524],[9.477400500046498,41.14363999981613],[9.480160999993782,41.14039950028317],[9.483835785435597,41.14497648212708],[9.493096973363121,41.1426466300849],[9.49481199959692,41.13543699958629],[9.495255176099747,41.14219718592641],[9.510470000022435,41.13933250031723],[9.516673999643235,41.143674000207305],[9.52070649959172,41.14158449965603],[9.51643454054339,41.1463953450227],[9.523936000000006,41.149725999999994],[9.532237000000004,41.14036699999999],[9.524750000000003,41.13296100000001],[9.540019783975866,41.12349238577388],[9.53770150031009,41.12221199995743],[9.540900000527348,41.11411700027979],[9.547110999421074,41.112469500384115],[9.556781999771758,41.11971999963949],[9.565266999407168,41.11756200005049],[9.562266,41.097113],[9.548269608652166,41.07998269917219],[9.542528499615624,41.08470149999827],[9.544322000036637,41.08906200043842],[9.540437734638322,41.08828235046296],[9.539073000000007,41.091986],[9.529316500237742,41.07248500017156],[9.531460707845692,41.0662441650657],[9.528604491187481,41.0565798135551],[9.523127500107554,41.052875999726815],[9.525343895728065,41.0455433745551],[9.521250999999998,41.03168399999999],[9.512235959461352,41.016828938536456],[9.501609999655892,41.010722999668964],[9.505813500105194,41.00962600044958],[9.504558499891854,41.00791549994134],[9.51267499992666,41.00608700007823],[9.532236999999995,41.01626199999999],[9.527973499911786,41.02981300042561],[9.531575000542931,41.030677499738744],[9.533305999680493,41.026359499657495],[9.53994399948307,41.02985049995538],[9.54354700003984,41.02729249985735],[9.547978000560573,41.02926349981806],[9.54355850012569,41.02971700015554],[9.54500450036033,41.03137999984074],[9.554998797710757,41.03240658433556],[9.557627999999996,41.025051],[9.55098750048339,41.00673350030368],[9.55949749974262,41.001336499732204],[9.564385999829863,41.00943399956993],[9.569794456276721,41.0094975875938],[9.571063999555856,41.00454549983599],[9.575506000512611,41.00776050006301],[9.573209999488856,41.00502399975499],[9.577404999806785,41.00309049961182],[9.577691039215225,41.01281437445007],[9.579868230091934,41.01445630570399],[9.58585700027992,41.01067799958356],[9.59459664466449,41.0204409164626],[9.607662500464514,41.01863600024977],[9.61267650010825,41.010558500206606],[9.620466500440644,41.009575999876304],[9.622969499690967,41.00439799970019],[9.642446499756835,41.00087550011505],[9.655961999561363,41.00424599990488],[9.660034586198648,41.000030523470876],[9.651214999999997,40.99111599999999],[9.635997000000005,40.99237699999999],[9.61321149944388,41.00361850009059],[9.587576,40.995795],[9.578868000000002,40.961982],[9.566417000000005,40.94863500000001],[9.569951294662962,40.9345645048101],[9.557465000000002,40.93122000000001],[9.511892000000001,40.934312000000006],[9.51163642903268,40.9289565273527],[9.502870999631414,40.92938500006252],[9.507210521405103,40.922408369694026],[9.494469000431245,40.91662749957736],[9.503037000150377,40.91827550044028],[9.503843999413323,40.913982999705155],[9.507727000023166,40.91442199989862],[9.505955999878552,40.91323600008433],[9.502009500281975,40.913842000322425],[9.505865000128761,40.91127599955536],[9.521741503492565,40.91583420997202],[9.528213499729443,40.91617399968529],[9.53000050056066,40.91368150006201],[9.53785100040903,40.916469500354744],[9.542472499416794,40.91312899957633],[9.540821499957847,40.91082349956591],[9.544572000305791,40.91333250000799],[9.54373650270939,40.91908567851223],[9.54946947426039,40.91715176457437],[9.54865249995142,40.91517550003825],[9.548828500239388,40.914745000010235],[9.550598241889357,40.91659530388268],[9.551710500061654,40.912205499597185],[9.553549500322287,40.9146495000826],[9.559040999529874,40.909588500004006],[9.562507999797301,40.91063949995122],[9.560824499556801,40.90817449967274],[9.565122906193274,40.90943286586882],[9.58803699989676,40.89962350037409],[9.592640000378912,40.90163999987247],[9.592982999429546,40.906092000431244],[9.605686000524308,40.910107000037364],[9.608656499412673,40.91734150012957],[9.61315649979409,40.91995999992683],[9.617758000273657,40.91811450011405],[9.620674229767001,40.92302337907193],[9.621782000027308,40.91959500036226],[9.630719499630368,40.91756300044509],[9.641640297447735,40.91978569209454],[9.631521000000005,40.90485300000001],[9.614105999999998,40.899604],[9.61607250053615,40.889507500204395],[9.627246500230477,40.88796750002151],[9.625744500527002,40.88196649961717],[9.629384500326038,40.88487900009957],[9.635762500248608,40.88437300041031],[9.642584999822423,40.870769499801405],[9.64965199957779,40.87731750023755],[9.645691999703192,40.87984799970183],[9.653272094073698,40.87754420675647],[9.656276257160847,40.87292416648802],[9.652408499698808,40.8610054996534],[9.657569999598211,40.85639050032512],[9.667821500105976,40.8529539997956],[9.67600850039161,40.86120200012201],[9.681210000488893,40.86127300008601],[9.687809000387226,40.85745750011114],[9.693374500524737,40.846428499953774],[9.699555999981857,40.84813800015117],[9.705047000083203,40.84130500016241],[9.714530999442891,40.84455699979175],[9.715300721883542,40.842632245649334],[9.68782049947741,40.836706500262764],[9.681000000000004,40.82977900000001],[9.681064000093059,40.821896500402644],[9.689114000063796,40.81782000001115],[9.686550000230216,40.81531999955007],[9.689449000297776,40.81529000022335],[9.689789,40.810777],[9.674490000000004,40.81391],[9.661793999999999,40.809027],[9.657888000000005,40.799872],[9.668793000000003,40.79035100000001],[9.669770000000005,40.801459],[9.671135500041618,40.78562900037795],[9.678761999462026,40.77370599999689],[9.68781699951201,40.7658450001067],[9.693728999985414,40.76650549975295],[9.692920000268074,40.76238250026912],[9.699285499601428,40.759842000192776],[9.701154499459546,40.7546235001029],[9.705638314877769,40.755745180963736],[9.71517040970873,40.7257472508877],[9.712520999912114,40.72197050036516],[9.71725099949873,40.70565399956917],[9.73570456381939,40.694042837408716],[9.744477000000005,40.68048700000001],[9.749276711842656,40.65485785569675],[9.74276599967154,40.64619950025491],[9.741993500489057,40.63079950022732],[9.744701000254791,40.62243100045297],[9.752354445466482,40.61582212742618],[9.750771000444402,40.605501000321006],[9.753800500421255,40.59720649963144],[9.761566999999994,40.587348000000006],[9.782650999883376,40.57962900030263],[9.79390703153126,40.55574574108481],[9.79394399950564,40.5465845002378],[9.82429594758678,40.53206474093234],[9.826622061092403,40.521606769564166],[9.815195999999997,40.502509],[9.80939297141098,40.474729049353996],[9.800561852974212,40.45597703731754],[9.772826999894319,40.42597350016169],[9.77331153950604,40.41656945577652],[9.761728999999997,40.390692],[9.752860011043067,40.381065137715844],[9.741557500281154,40.38118450004495],[9.712413,40.3664],[9.682623999678889,40.337440499815585],[9.680617499807509,40.3307694996023],[9.680796500335815,40.33156249960582],[9.678437500156175,40.33251849992758],[9.680108499662627,40.33112799977943],[9.675789499535531,40.329267000365334],[9.676653499678357,40.32476300026356],[9.66569900016222,40.31982400011748],[9.656396000445339,40.30380800001802],[9.634612999999996,40.28262000000001],[9.623485999909121,40.25055199987986],[9.628939500522488,40.19147600007242],[9.634601999537102,40.17904149993137],[9.64017525700324,40.17632665549548],[9.654089000275649,40.14340849984325],[9.665049999999997,40.131578],[9.679638499742167,40.12247949960334],[9.689490500323085,40.1082280001337],[9.732269999999998,40.08393000000002],[9.726693288088493,40.06113873368913],[9.714732999432027,40.04059249994918],[9.705484000378675,40.03346400039985],[9.707640999566827,40.02743850022777],[9.699748999808211,40.01727950028966],[9.701527500153706,40.009763999570005],[9.686881499713031,39.984398999621554],[9.684774999722785,39.961302999968915],[9.688201999629964,39.94617900030943],[9.696624999999996,39.93378300000001],[9.711705999889826,39.93927650016598],[9.710641000308271,39.935528499620766],[9.71624850044068,39.930489000372965],[9.71369509985238,39.92420139964858],[9.70589300043865,39.924577499910995],[9.693645000447328,39.91924700019005],[9.682346999520798,39.902073999638645],[9.681066500316847,39.88236500044769],[9.68550849993469,39.87824999999959],[9.683116000000002,39.86554600000001],[9.693340337741942,39.859446668239684],[9.696609499995558,39.853087500286975],[9.684795999846386,39.841193499674915],[9.675548000000001,39.818915],[9.670258000000006,39.79376899999999],[9.668275999553376,39.76987650025579],[9.675059,39.73208199999999],[9.674417555688033,39.709530851941224],[9.670141499773933,39.70670000013759],[9.670011999679438,39.70072499998034],[9.664065999666112,39.7006929997536],[9.659964000262784,39.697213500179366],[9.66338164357952,39.681953001389594],[9.660036813265073,39.67009187481573],[9.651246500226152,39.66378499996633],[9.64727449961782,39.65177199955811],[9.655771999999999,39.59455],[9.653004999999999,39.56684],[9.64543482321814,39.54679921351469],[9.639861499754241,39.54184999962245],[9.628429,39.501776],[9.64390405902741,39.48499837066342],[9.641334000549548,39.48269199971265],[9.643927815545053,39.47890769278614],[9.639007999999997,39.45246],[9.606093499801007,39.38384599974155],[9.598803499443036,39.35654050016639],[9.599500999868086,39.34596099969992],[9.595995000242313,39.34622149967947],[9.605352500423457,39.31766350016158],[9.612969999619569,39.311496000088944],[9.620955999520977,39.31045449967578],[9.62045100005037,39.30716400000468],[9.629410999606122,39.30606749993544],[9.634120500513863,39.299336999730116],[9.630886236734066,39.29586119114108],[9.621783500015733,39.29850949977444],[9.61261050051377,39.29719799992727],[9.612474500178015,39.29375599972386],[9.607060000534002,39.29426199984935],[9.581878999999995,39.26630299999999],[9.567556000000003,39.238105],[9.569637500560727,39.212651000412535],[9.563764500020287,39.20376899994357],[9.563137500488418,39.193544999940976],[9.566591999718257,39.18781399968876],[9.575303000327052,39.186554999602315],[9.57836799994625,39.18253050029412],[9.574391761553574,39.17190448729117],[9.569707500557106,39.17104400008581],[9.571151805084504,39.164972881109115],[9.566416999999998,39.14923700000001],[9.557790999999996,39.139716],[9.522715999999999,39.12490499999999],[9.518437219628227,39.104615916038306],[9.507091000000003,39.111396],[9.511892000000005,39.124416000000004],[9.502869000092847,39.13117850034397],[9.480723999999997,39.135565],[9.44408150044504,39.12570150004422],[9.428965999999999,39.138617],[9.408702,39.146145000000004],[9.383473999999998,39.169257000000016],[9.367931000000004,39.17715100000001],[9.345062999999998,39.196438],[9.312265999999997,39.207913],[9.292165999999996,39.22125900000001],[9.285460661498773,39.21395534161853],[9.252452000000002,39.225165000000004],[9.224948999976883,39.228289999922396],[9.204192500302105,39.22538700000756],[9.181937500489196,39.21656149981455],[9.164664000475142,39.204153000453935],[9.159649499672831,39.19453150037749],[9.167973644117046,39.19041175737524],[9.166026000000004,39.187079000000004],[9.136892000000001,39.19432200000001],[9.073008999999997,39.248521],[9.063731,39.243069],[9.038748,39.26219300000001],[9.013927000000006,39.263902],[9.012542999999996,39.26056499999999],[9.025727000000002,39.256008],[9.021006999999999,39.240424000000004],[9.035167000000003,39.232164],[9.037851999999999,39.22711799999999],[9.050059000000003,39.225653],[9.074962000000005,39.22988500000001],[9.079844999999999,39.22459500000001],[9.07661985614376,39.2104264281436],[9.061993500370926,39.22194599996206],[9.05655349956298,39.22008600026406],[9.058608000124181,39.21573800032557],[9.065696999691152,39.21501349972654],[9.074081349472223,39.20833193464078],[9.026214999999999,39.165229],[9.008525999763012,39.122805499789536],[9.016357500224045,39.10480500017337],[9.016581500353302,39.08659700023253],[9.043792999999999,39.05841700000001],[9.043906629443748,39.04987866033317],[9.025539500104518,39.02242200027779],[9.01555450030297,38.99012600009455],[9.004648999999999,38.995307000000004],[8.994667822989697,38.9814856105885],[8.894704999999998,38.902288999999996],[8.877451999999996,38.89907500000001],[8.861898152399332,38.882773414339454],[8.853281999999995,38.87799700000001],[8.841481999999996,38.880561],[8.805431,38.905950999999995],[8.798840178091085,38.89413925880131],[8.776379999996543,38.91563800029381],[8.739513000000006,38.93065],[8.730770941229366,38.931394590452946],[8.721109000224846,38.93861150000488],[8.723460256580587,38.93201664388369],[8.716562999999995,38.93260300000001],[8.694590999999997,38.925238],[8.668591686383033,38.91036682129581],[8.664145499821773,38.91248399986749],[8.66546825382639,38.906903896069515],[8.65743508375345,38.897995423498855],[8.649633000321973,38.89496499971047],[8.64826350020223,38.89018349994683],[8.649101999457285,38.885802999564774],[8.652549999588341,38.885650499691764],[8.655121000000003,38.871161],[8.64042669940206,38.864915612080175],[8.63704799971252,38.86879150036315],[8.648600499484639,38.8751400000153],[8.640671000431922,38.880083499758705],[8.646450500452824,38.894311000291985],[8.607176591120215,38.897616284264366],[8.606798000034425,38.90545499964212],[8.6215309997184,38.918857500298586],[8.618001999569392,38.927747999666856],[8.622654999965627,38.93266899980439],[8.622466999446507,38.94128849983037],[8.609911000408177,38.960237000004454],[8.603281999999997,38.964911],[8.586275073813825,38.96168957688218],[8.589195000411706,38.964028000327886],[8.577936277260537,38.975157050640725],[8.572003468732868,39.0145427066321],[8.575929499662632,39.01980550003407],[8.575381999455628,39.03022650026947],[8.562612782681844,39.04642272171337],[8.559581000000001,39.056708],[8.552094,39.056708],[8.544280999999998,39.05125600000001],[8.53426944702881,39.05535872810697],[8.534511500099333,39.059119999610886],[8.504404999999998,39.06293399999999],[8.518077000000002,39.083441],[8.504404999999998,39.090888],[8.48707551076583,39.08248449242692],[8.48741100000353,39.08922899960165],[8.483558000051483,39.08389949975476],[8.482224531468695,39.08349087228944],[8.485515500207049,39.08820650000175],[8.478102000083789,39.093600000199956],[8.473300999996525,39.111779999770135],[8.467678999733444,39.11904299959982],[8.454275,39.12490499999999],[8.442231000000001,39.11815000000001],[8.437999000000001,39.128485],[8.438650000000003,39.153144],[8.435394999999998,39.165961],[8.428396000000003,39.173163],[8.418793,39.177314],[8.412607999999999,39.175727],[8.409516000000002,39.169337999999996],[8.402354000000004,39.181342],[8.398692000000004,39.20115800000001],[8.380138,39.207587000000004],[8.372813,39.222073],[8.372566608149864,39.23180194809318],[8.4009419994178,39.25195650043617],[8.41085950056201,39.2641319996286],[8.424183500276941,39.26812450012442],[8.436916500031549,39.29024799986047],[8.43222299978328,39.31138250012297],[8.416660999931642,39.32492700044901],[8.420812500310822,39.33029500010817],[8.417247000000001,39.33901600000001],[8.386444309983714,39.357128776665974],[8.38963349964649,39.365128999786414],[8.379103499702591,39.36730999988482],[8.375182784318424,39.37612017983306],[8.379417499545264,39.37393599970608],[8.378219999569092,39.38235099963413],[8.382612500169422,39.38470500044636],[8.385893499600314,39.3947795001991],[8.395509999454514,39.39864749995328],[8.39988250011268,39.4031449997897],[8.397274499509974,39.40462249962116],[8.40252150028688,39.4047974996652],[8.412715999818287,39.42722900038307],[8.411107499751527,39.44099350017311],[8.398550018102732,39.44560325312454],[8.385997,39.46552200000001],[8.386892000000003,39.469794],[8.444777000530785,39.535768999791905],[8.453734499937,39.551236499723856],[8.455267999863176,39.56311700020665],[8.464594999500429,39.57705750040595],[8.463486999938361,39.58840299954947],[8.470979000406734,39.600830000271735],[8.468276000407753,39.60717999984241],[8.464506999620477,39.60769099971972],[8.466963000267516,39.61299500020298],[8.462185299237483,39.61694949694294],[8.450148555842201,39.657398748560496],[8.459181999896476,39.66799049997978],[8.44865849748754,39.67521047254554],[8.447977904091285,39.685721261036306],[8.455688999873024,39.70896550018578],[8.453188499861957,39.713231500169236],[8.444726000238926,39.71243899981515],[8.450306999690389,39.727413999599726],[8.446406485371662,39.73073922010414],[8.449169499914458,39.740241500006206],[8.444386206819381,39.75801104072275],[8.45008555188486,39.76191939351338],[8.459727,39.76048399999999],[8.468598000000002,39.75495],[8.498730705173992,39.71750065002837],[8.490604000364195,39.71510499976361],[8.502164431752062,39.714247276190264],[8.516938000000001,39.70213499999999],[8.538258999999998,39.696031000000005],[8.565766,39.701077000000005],[8.514496,39.71369],[8.504623128688833,39.72133414478703],[8.508050500246615,39.72422550025645],[8.505623956837159,39.729973886339224],[8.519526000567181,39.74378249959686],[8.51412081510827,39.74795175075265],[8.545257999999997,39.782945000000005],[8.539070040933021,39.78294501538533],[8.552094,39.820786999999996],[8.55558550041272,39.84810649992784],[8.553841812062986,39.86200013711852],[8.564834999522501,39.8598150002284],[8.5651204998719,39.86308650021509],[8.570519500520478,39.863842000207015],[8.553599548498322,39.86367815384347],[8.53870999989695,39.89034600042877],[8.524606500133244,39.90228850013776],[8.494151,39.912421],[8.463064000000003,39.91413],[8.435395,39.89899299999999],[8.442231000000001,39.892808],[8.445567000000002,39.898098],[8.463390000000002,39.898993000000004],[8.451834000000002,39.89289000000001],[8.442601500254607,39.88077400028408],[8.435139124289158,39.85834613039131],[8.432621999743992,39.864952499603454],[8.437995000555595,39.86717700027222],[8.438933499439376,39.8711295000275],[8.435000499754562,39.88408050019966],[8.419852999527583,39.89642499998093],[8.400726999999996,39.90351],[8.39628270891135,39.9092591570683],[8.400036999802461,39.91240399967926],[8.402846500450481,39.943867499973614],[8.399730500308642,39.94906349982176],[8.400861999772676,39.962040000177346],[8.393820472961133,39.97989611399808],[8.41105099983449,39.999431999767644],[8.410557499711626,40.01056699954423],[8.414174499865437,40.01679999996343],[8.406213999562436,40.029581500278866],[8.394542,40.0362],[8.380138000000002,40.030097],[8.377595893878697,40.034192243136324],[8.384531999999998,40.04193800000001],[8.39647799942404,40.04391549985824],[8.401378000000003,40.049872],[8.40786350043958,40.042861499564495],[8.414051999843126,40.04127500033332],[8.426100000564922,40.04446650037847],[8.433612751805704,40.050951078480054],[8.440042499874124,40.05155749954885],[8.443626000270722,40.04770550007531],[8.45537349976664,40.05167200007435],[8.489321999447556,40.08008200011109],[8.488506000425438,40.08715450037026],[8.492870499516696,40.08687150026288],[8.488301790191615,40.09503192701106],[8.491054999717976,40.10294549985107],[8.485118,40.118109],[8.467296,40.144721000000004],[8.461798433305054,40.18563479495289],[8.467846499480778,40.19930950041311],[8.461083000057775,40.212987000040535],[8.46615049944208,40.22350649992448],[8.464024763892308,40.22806903557788],[8.474078499614699,40.24336349961156],[8.479846999540305,40.268483999709844],[8.484143999882034,40.274103000147505],[8.482863499555785,40.28547050040996],[8.476121719964476,40.288755340517085],[8.461792000066993,40.31754999983641],[8.415701,40.345282000000005],[8.408214,40.337836],[8.385996999999998,40.351793],[8.38459449335709,40.36327388698265],[8.389570500293157,40.36590200030283],[8.390019000209978,40.370509500089845],[8.386180000285037,40.372481500333414],[8.392579000478024,40.38007849963226],[8.392554499728138,40.390785000444936],[8.398694999488816,40.39730649993019],[8.401978000043291,40.40965000006405],[8.39840000010466,40.429653499908284],[8.380327499528901,40.4677614996872],[8.374376499928934,40.49035800006443],[8.369535000102116,40.49575700001781],[8.364151500562276,40.495024500272926]]],[[[9.478363,41.22846100000001],[9.472677305595552,41.19505386211101],[9.464482499458052,41.188942000047064],[9.465080999961009,41.183176499593955],[9.472385000018596,41.186633000423576],[9.474376000000003,41.18427200000001],[9.470387999999996,41.17210500000001],[9.469266000140893,41.18014399966718],[9.4527604998912,41.18443699976436],[9.45622899978739,41.18768349959875],[9.453360999816596,41.19228550029567],[9.441982999411936,41.18582100039232],[9.44449364623675,41.18404411134742],[9.437853499594295,41.18578949957024],[9.43905937356051,41.18956781311852],[9.443630999706558,41.19050550035417],[9.441204749878866,41.193387427709375],[9.44588673420329,41.201721380838066],[9.457126000544077,41.20036300015774],[9.45484800056414,41.205992499796345],[9.451154500300191,41.20596799965277],[9.45251450026204,41.20300349972141],[9.447991499990122,41.20340799965519],[9.450064000068291,41.20492249958568],[9.447085499550418,41.20686650008935],[9.451027999888797,41.20778449992708],[9.445994499462685,41.21542550013786],[9.453009500510648,41.2168570000546],[9.449758499633797,41.22505149975165],[9.460171999722101,41.22303149974153],[9.458357999412447,41.230057500069776],[9.463119500394173,41.237715500317016],[9.459460499962526,41.23950949978106],[9.462578499908453,41.24190649983825],[9.474783000000002,41.23606999999999],[9.478363,41.22846100000001]]],[[[9.42842850037348,41.250788999786096],[9.429047000000006,41.229397000000006],[9.435312999999999,41.217027],[9.4192379796089,41.21444795866995],[9.416622499477544,41.21681450028918],[9.412356504864993,41.21334304880699],[9.395274000000004,41.210598],[9.385236319440361,41.21209286234346],[9.384822999969156,41.21580099993422],[9.377100499965795,41.217214500230355],[9.377895500218921,41.227214999845025],[9.374533500009955,41.2253005004297],[9.37412300055415,41.22744349984726],[9.377503646943088,41.23373558241663],[9.389971999640137,41.23306100026313],[9.392281499711379,41.24133849979326],[9.400553499692846,41.24264300012196],[9.403734579410548,41.257676888550506],[9.411732499996958,41.24989650009454],[9.415185500305288,41.25568850009574],[9.418327500086582,41.25506000013022],[9.41276250012768,41.260586499871934],[9.421886000000002,41.26089100000001],[9.42842850037348,41.250788999786096]]],[[[9.317792551948815,41.19582178779953],[9.317192500402324,41.19591349972046],[9.316935283839378,41.196286436528325],[9.317792551948815,41.19582178779953]]],[[[9.287530283223216,41.21456189639346],[9.285688499524131,41.214637500174],[9.287151501975757,41.21579894686511],[9.287530283223216,41.21456189639346]]],[[[9.286756320407113,41.21708950246777],[9.285866499961253,41.21759999974176],[9.286452078079805,41.21808303612968],[9.286756320407113,41.21708950246777]]],[[[9.280104500296716,41.221199499649536],[9.281630500348433,41.217016000042605],[9.273978047772081,41.20319778519768],[9.274913000000002,41.21238799999999],[9.280104500296716,41.221199499649536]]],[[[8.800039074418088,38.89255758631982],[8.802572000482751,38.89074700021327],[8.80190684842585,38.890093294049876],[8.800039074418088,38.89255758631982]]],[[[8.535615000525096,39.77715399990124],[8.53589664885176,39.777536184162315],[8.535251685811584,39.77623840675323],[8.535615000525096,39.77715399990124]]],[[[8.53165319820337,39.77178474341841],[8.53091100039257,39.77185799966864],[8.529896000143884,39.77113150038075],[8.530282000074655,39.77173849965537],[8.530919500106418,39.772021500133185],[8.53165319820337,39.77178474341841]]],[[[8.531101792418841,39.771112526627384],[8.530894499488552,39.77145050004586],[8.531310901191286,39.77136745240982],[8.531101792418841,39.771112526627384]]],[[[8.478040841663091,39.06587051710895],[8.479427025100886,39.07208170729499],[8.483897000000002,39.06977],[8.478040841663091,39.06587051710895]]],[[[8.427007644851253,39.10525281710481],[8.431582999820428,39.09594149992525],[8.450333047794318,39.087923154432175],[8.458419499635019,39.066163999857096],[8.465433491062642,39.05747277143204],[8.459321000000001,39.049791],[8.46339,39.042467],[8.453948999999998,39.02814399999999],[8.437021999999997,38.96719000000001],[8.432465,38.962836],[8.421886,38.960517],[8.409841000000002,38.96181900000001],[8.401378,38.981024000000005],[8.382213020680213,39.00650947915226],[8.385668499692782,39.008378500353196],[8.380585498167262,39.00867262354796],[8.371331201699128,39.02096918488306],[8.374247499950418,39.022866999820856],[8.37035156275133,39.02227053787167],[8.364840787470053,39.02964964944217],[8.360458401381887,39.03881774672162],[8.361094499607468,39.05225650001089],[8.351578044043842,39.07364768153254],[8.358582999985181,39.08664499961416],[8.35066199973826,39.09637100038742],[8.352651999717962,39.09942100012656],[8.355552500478996,39.09694299988815],[8.361242000429202,39.098582500077605],[8.360371000165227,39.10967149985347],[8.365111000357562,39.108714000397235],[8.367750000428993,39.1134670000991],[8.376312707943317,39.10997321548597],[8.380386000144746,39.099643000105026],[8.38802149944978,39.099341499666544],[8.404001500475367,39.104549500366616],[8.410300500161862,39.102052499668574],[8.41905955787075,39.10639252400957],[8.427007644851253,39.10525281710481]]],[[[8.318650999799228,41.11649899993734],[8.328844000080245,41.1095720001749],[8.322563999833342,41.106232000091644],[8.326675999708723,41.10470149989643],[8.325800500465457,41.101072499881674],[8.330122000376592,41.10222900003076],[8.330818000318743,41.099435999865975],[8.342061633608088,41.0974620219617],[8.344501876687357,41.08723462686359],[8.33914350019236,41.08458099995159],[8.339340499824615,41.080414499830134],[8.334068499454055,41.079867000358924],[8.337927499506128,41.0762795002421],[8.335131500040854,41.073483000335294],[8.338908607166964,41.07157080535333],[8.332367000000001,41.064643000000004],[8.295389625002828,41.05992034180696],[8.28102149955636,41.066297499581445],[8.278989500595912,41.059538999584696],[8.269180999691017,41.05454700024773],[8.263504499641952,41.056414999606964],[8.266087999534369,41.05304750035086],[8.257555000506835,41.05123450010337],[8.262278842805289,41.0501407556777],[8.25115,41.043769],[8.250701499870377,41.03323549974274],[8.246634499429618,41.033765499694624],[8.234750999793343,41.02420300043594],[8.24956150027675,41.02608249990493],[8.246223999627993,41.02155800004587],[8.24960949987537,41.02164100040568],[8.246936500417103,41.016509999790806],[8.25030190792335,41.012723268162915],[8.246429999999998,40.993638],[8.216326443669752,40.99540428845878],[8.21264955473607,40.99927424975551],[8.231412499776768,41.02391050023058],[8.223155000420833,41.02426163206036],[8.223155,41.03363700000001],[8.228852,41.041734000000005],[8.240713000366158,41.04825699996109],[8.244722999635108,41.04672050040165],[8.251085500068168,41.05003149959973],[8.2582674997909,41.056384000445384],[8.255818500410927,41.05808949982021],[8.258519777709404,41.063193687225514],[8.275645,41.069769999999984],[8.276811759241786,41.07612032147151],[8.285660000393335,41.07574550000654],[8.285262999731046,41.08217249990876],[8.279988999862919,41.08431349993557],[8.282881499905576,41.08741949973601],[8.2757874981901,41.094517832452546],[8.277685515181854,41.104923421086504],[8.284303000178607,41.10195800026173],[8.310911000003212,41.108406999895635],[8.312212999688304,41.11748100002932],[8.317837000541891,41.11828500043979],[8.317419000122607,41.120537000091964],[8.318650999799228,41.11649899993734]]],[[[8.305929938748962,39.18713004334539],[8.310468576172028,39.11635273320917],[8.305837000000004,39.104560000000006],[8.290050000000003,39.098822],[8.269379,39.100165000000004],[8.254731,39.107123],[8.257335,39.12441600000001],[8.249347500480273,39.13398399960914],[8.232677000000002,39.14411],[8.224620000000002,39.15705],[8.227687000081175,39.15646249998675],[8.225355272331011,39.159206175141435],[8.2298500004037,39.16560649955977],[8.237613499469893,39.16680049964769],[8.241610000333447,39.16346550042688],[8.247834999524475,39.169803000266604],[8.256035500034118,39.1690074996954],[8.262769500434143,39.173022499894046],[8.266850500186917,39.18142949965772],[8.280540499459036,39.178203499543166],[8.288052500350101,39.18236999989437],[8.295955499737186,39.17921749965497],[8.305929938748962,39.18713004334539]]]]}},{"type":"Feature","properties":{"slug":"emilia-romagna-italie","name":"Emilia-Romagna","source":"https://doi.org/10.6084/m9.figshare.19312094","sourceIds":["PDO-IT-02360","PDO-IT-A0284","PDO-IT-A0285","PDO-IT-A0287","PDO-IT-A0289","PDO-IT-A0290","PDO-IT-A0291","PDO-IT-A0292","PDO-IT-A0297","PDO-IT-A0305","PDO-IT-A0312","PDO-IT-A0318","PDO-IT-A0327","PDO-IT-A0332","PDO-IT-A0337","PDO-IT-A0342","PDO-IT-A0347","PDO-IT-A0350","PDO-IT-A0351","PDO-IT-A0355","PDO-IT-A0458","PDO-IT-A0506","PDO-IT-A0507","PDO-IT-A0958","PDO-IT-A0971","PDO-IT-A0973","PDO-IT-A0979","PDO-IT-A1001","PDO-IT-A1010","PDO-IT-A1073","PDO-IT-A1228","PDO-IT-A1235","PDO-IT-A1384","PDO-IT-A1513"],"resolution":"municipality","sourceYear":2022,"labelLonLat":[11.66936,44.41995],"scope":"Wine PDO areas within Emilia-Romagna; regional guide, not a single appellation or vineyard footprint."},"geometry":{"type":"MultiPolygon","coordinates":[[[[11.380392000575444,44.21932249997006],[11.363541999758505,44.24412550031597],[11.367914000470977,44.25111150037565],[11.365259999567007,44.25300750039531],[11.36952699939317,44.25545050035792],[11.36734999949544,44.257506999618826],[11.373978499557902,44.26055399966325],[11.36476800015894,44.27035599989145],[11.368083000580901,44.27433149999731],[11.363955000106824,44.2945875003781],[11.368840499475526,44.307963500364124],[11.362080500378342,44.315588999594645],[11.338893999850484,44.31686149993611],[11.330639999846891,44.31182049993488],[11.323316999758392,44.314938499572825],[11.318868499599365,44.32565499957447],[11.311333000499497,44.32406950015259],[11.304123999460426,44.33106599987336],[11.31329499980292,44.33520600015984],[11.320354500235588,44.34332399970553],[11.298216500452714,44.34847599980389],[11.294019500335342,44.33770100006603],[11.282171999731887,44.3350984996243],[11.279731500542564,44.331443999560115],[11.277213000344302,44.33365000001756],[11.277117000398336,44.32779700039136],[11.270428000065817,44.32303950039074],[11.262015500470486,44.32735999964891],[11.26077850019056,44.324660999848554],[11.232201999434466,44.33101350032998],[11.227779999424664,44.325774999632074],[11.224340499688282,44.32626300009699],[11.22057050007565,44.313705500070796],[11.22617649946032,44.30764799960679],[11.244411999963777,44.30232600028143],[11.242959000610947,44.299302000036924],[11.21278000042913,44.29184250032169],[11.200974999396516,44.281854500279934],[11.19564399974031,44.28173749963011],[11.17675149999466,44.2919220004407],[11.177708499905311,44.313548999858476],[11.165431500111424,44.31108099979657],[11.160883000505837,44.31288499967659],[11.154389500618842,44.31933299980299],[11.153993000529837,44.32568600036944],[11.138338499528912,44.32525699962106],[11.123754999609565,44.33362799958273],[11.117327499645707,44.31476249971809],[11.103749499556772,44.311558999886465],[11.089281500453101,44.323320000095606],[11.081462999626053,44.325144999885524],[11.075714500569129,44.334574500361654],[11.056851499520889,44.34152750015495],[11.037712000186993,44.3425705003097],[11.026080499820297,44.34985500035896],[11.022405499826895,44.37352300011505],[11.042008500119152,44.401474500332434],[11.04957700007957,44.406886999775075],[11.048163000301368,44.41611699997167],[11.038083999527327,44.427244499949516],[11.017073499894598,44.43024199998051],[10.996689999393512,44.42949249966154],[11.002048500288469,44.4252220000642],[10.99934350020041,44.42298300019387],[11.004401499695282,44.408214000133356],[10.994687499995207,44.402596000130394],[10.98886550016598,44.393377999991756],[10.965713500186178,44.373683000068276],[10.965260000064294,44.36732249965214],[10.975913499670373,44.35952500027847],[10.961398000389918,44.35532349992716],[10.942765500059597,44.36009249985054],[10.92375399943262,44.35167299975219],[10.91612399982665,44.36977650002066],[10.914714000112927,44.38571500040973],[10.903667999675747,44.3856764996443],[10.897263000608952,44.3890510001457],[10.885056000006493,44.385364000262065],[10.88095149960858,44.39122949970882],[10.884377000516896,44.40167000044151],[10.878556499962567,44.40766749982731],[10.852105499843375,44.392835500340254],[10.842834500210273,44.39324800040315],[10.832681500090168,44.38910650034145],[10.821470000153798,44.39261700000391],[10.7955199998775,44.39006149969339],[10.79189900028613,44.38336650015815],[10.774458499939312,44.380640999623445],[10.768380999906288,44.38320450004565],[10.7642190002637,44.37653699999896],[10.760324999593154,44.38223249988305],[10.750553999847224,44.386587000278524],[10.745733999869218,44.40207350041275],[10.724837000156835,44.426374000399036],[10.699133500082308,44.419115999736704],[10.684941999875806,44.40699300009615],[10.684545499723914,44.39720350029069],[10.671417499835327,44.39475899964373],[10.66418200026845,44.40695500027131],[10.622340500611921,44.397963500285954],[10.621542500259457,44.405844500352565],[10.59859699959091,44.4080360003047],[10.57396849947505,44.41960449955841],[10.56233249959736,44.41747750024177],[10.551509999877954,44.41952450033514],[10.531355999434078,44.41579950031308],[10.520136000033705,44.406964499882335],[10.492530500118939,44.404213499644506],[10.476504499661273,44.40798699963596],[10.468767499453175,44.4048865003034],[10.467617000466289,44.41716750015305],[10.459981000343365,44.422198499670515],[10.455949000015442,44.43126200021685],[10.466517999624546,44.4369604996484],[10.479279999605408,44.43937050013867],[10.4848209998076,44.45269900037292],[10.474309499767271,44.460366499697],[10.47085199999216,44.48537950040767],[10.452690499962873,44.497107999620845],[10.451946999382631,44.503131500246155],[10.440668499870904,44.5081344998511],[10.436239999595104,44.51731100034596],[10.441084500118341,44.52298449971116],[10.43918649952202,44.52768049985831],[10.414386500187819,44.49947050044766],[10.40137300043451,44.49858200038665],[10.392944500226912,44.49900500017968],[10.38696999970293,44.50422249975624],[10.37763649966489,44.505298999877205],[10.362776499706573,44.512544499577245],[10.351062499717672,44.52537399974985],[10.353437499496394,44.52995850040972],[10.344809000567576,44.527098499670515],[10.338481000328093,44.516135999960284],[10.339923000468808,44.50548649966158],[10.335171499428137,44.495873500146324],[10.329132000123105,44.494053499716934],[10.332190000323505,44.48535749995433],[10.30315100005362,44.47012949995741],[10.291067499503155,44.48440749956686],[10.286884500011235,44.48283399979239],[10.274201499986017,44.48583900002019],[10.270583500401244,44.49006549979577],[10.277099499628205,44.500364000081206],[10.269965499452507,44.50675450013682],[10.273992500151067,44.50869900041163],[10.272140999931333,44.51019600029928],[10.26096050002208,44.50909599986417],[10.25742199983865,44.505389999981595],[10.253703500401258,44.507942500142796],[10.245721999767982,44.50409549955985],[10.232778500332353,44.50536600035376],[10.239834000197625,44.52645900034085],[10.249438500308608,44.52491399980736],[10.256043999640106,44.53774249972723],[10.255197500130656,44.53993950024392],[10.241679499495216,44.541005499691835],[10.238657999950652,44.55283150010932],[10.229499500566888,44.563760500266476],[10.202729999684939,44.55518699978403],[10.19182849955516,44.554482000390806],[10.173665500463365,44.56084599967846],[10.173554000581742,44.56651850024185],[10.166917999606238,44.572127499763894],[10.154267499675536,44.56544600013194],[10.140223999997739,44.56579400002719],[10.133470000339965,44.55644449989078],[10.122864999798706,44.55810650002322],[10.113174500413484,44.5635579996223],[10.111715000053533,44.56032199955173],[10.09657299953011,44.55844300022064],[10.09595999940504,44.55229950009434],[10.085886000452048,44.55173899984774],[10.074725999714927,44.54529950013084],[10.074872499996873,44.542318499877695],[10.068926499814644,44.541284999855925],[10.06514749998753,44.545290000165416],[10.068082499378706,44.5557235004212],[10.045068000321281,44.570412499706734],[10.046666999660971,44.57603150019352],[10.039693000096857,44.57475549967544],[10.02128850023387,44.56295750012869],[10.014707499846825,44.56312399971154],[9.99812199939971,44.57321749998709],[9.997790499872364,44.579603499699026],[9.977655000568326,44.60649350002509],[9.98355799946057,44.61336899980386],[9.995333000299564,44.61802050021944],[10.00588500031721,44.62689499996342],[10.019996500162932,44.629872499968265],[10.037018499774842,44.639462999867035],[10.046597999418566,44.65397799969079],[10.067489999715452,44.666037000137656],[10.065157000079333,44.66737300007382],[10.070825000119129,44.673810999908206],[10.088842499868711,44.682652499948496],[10.090502500373224,44.68973049956737],[10.053315499962272,44.6822649995833],[10.044379000580074,44.6735164998718],[10.045689999573948,44.66738900005309],[10.039297999480857,44.66118350009317],[10.01623449985642,44.66227300006202],[10.011650499426063,44.665590499964246],[10.013872000088343,44.670720499831205],[10.008090500270253,44.67416549968549],[10.011286000107145,44.6787105003339],[9.999296499543318,44.67340550005371],[9.998580499964616,44.68229900031336],[9.988036000021136,44.68295999957915],[9.992944999892316,44.67013000039785],[9.990442999629806,44.660978000052324],[9.977825500215937,44.65773750011266],[9.96312650040046,44.6688454996963],[9.95265050054934,44.667736000418955],[9.947175000496667,44.67932250006595],[9.917464999861663,44.678763499857624],[9.898495499563971,44.687367999878454],[9.884009999714687,44.687462500245985],[9.876355000281096,44.69947700032465],[9.887919999760115,44.707121000315354],[9.900730999881453,44.70865900035051],[9.89992900008467,44.71636250013415],[9.916673499816786,44.71254750011725],[9.918724500561677,44.70652650033586],[9.93763650035155,44.71059500019501],[9.939628999537605,44.705789499714854],[9.948912999423497,44.70460550041763],[9.96672500003603,44.7076880000229],[9.969643999860322,44.72901750008591],[9.977082500196582,44.728305999554216],[9.977682999993055,44.724970000313654],[9.986519499519025,44.72556900010717],[9.988026000175728,44.733928499809245],[9.983645499731988,44.75116100033931],[9.96845400008587,44.75755649969579],[9.941818999764102,44.76137099995606],[9.94128950049171,44.76979249993094],[9.936818999611136,44.770963499961105],[9.939678000346175,44.782031500368106],[9.93725350021426,44.785327999752056],[9.923700999784595,44.790749999726216],[9.92324399966364,44.80012499983774],[9.906062999858174,44.79863300015803],[9.900350999785513,44.80776199956419],[9.882192500555057,44.80365450038021],[9.878660499998196,44.79755100006428],[9.87254549994301,44.782761500120664],[9.880611500531435,44.7686410001364],[9.865032499527743,44.76209499964481],[9.853781499666765,44.767742999880156],[9.836972999419494,44.75801849968108],[9.828668000368385,44.76039299960282],[9.823700499863959,44.758484499958776],[9.819834000281483,44.762941500370694],[9.814329499719548,44.75514849983182],[9.823286999963345,44.750717999713395],[9.818567499863752,44.747502000427005],[9.816290500317907,44.73919099983814],[9.7937340003198,44.73021249965564],[9.78757799939265,44.717570499630526],[9.769155500208605,44.70983699991298],[9.759317999715163,44.734704999669056],[9.773171000341861,44.75163600021339],[9.796620499477962,44.768293999726595],[9.791699999570925,44.77171050012426],[9.79750700018472,44.77122899959243],[9.799282500525434,44.77444849982621],[9.79336200004961,44.78509499978959],[9.779671500017654,44.78318150004518],[9.77351049952962,44.775191499665716],[9.763156000206578,44.7708669996352],[9.743588499904803,44.76879300018542],[9.740120999641503,44.765440000405746],[9.73471750036986,44.766824999995876],[9.731629500491614,44.763424000417224],[9.73371650006162,44.76759700029986],[9.729942000367755,44.76591950028188],[9.723458499510546,44.7688595003851],[9.720202000562795,44.783768999774146],[9.713244000039703,44.787052999554696],[9.714179499996547,44.78280100002806],[9.710181500586833,44.78048700020255],[9.714960499549772,44.77967999965922],[9.718453999501383,44.76886400023457],[9.694957999916518,44.775950500359535],[9.666348500320654,44.73999399976675],[9.669874000248202,44.73246549992585],[9.657727000204016,44.720409499912414],[9.646754500130532,44.717024000185056],[9.627122500169817,44.726505499849274],[9.613287499668694,44.722169500135834],[9.59537350029358,44.72745849959363],[9.590713999812886,44.725042999651194],[9.592565499965502,44.721411499945546],[9.586378499415655,44.72207649998214],[9.584091499841302,44.7267075002283],[9.573132000017324,44.728436499940564],[9.569934499482002,44.73199949957626],[9.577537999693549,44.73337500023507],[9.577458500409266,44.74063149986111],[9.581969000458015,44.74427950012488],[9.574091500591603,44.74497849977243],[9.567966500487874,44.7412820000213],[9.567003000056221,44.74996499965629],[9.563141000462759,44.75163199979593],[9.566543000551059,44.75460399998932],[9.552063000157252,44.75315300006983],[9.551616499937753,44.75800799985577],[9.540851499411595,44.757969000174185],[9.533562999710604,44.74856900032736],[9.521918000508055,44.74181699985088],[9.509821999442359,44.74200299955311],[9.503138500423404,44.74506100015715],[9.501527499913733,44.74938900011996],[9.495594000391517,44.74910900041347],[9.483814000148175,44.742326499709385],[9.48055850006124,44.746042999622546],[9.468190499811369,44.74566849956994],[9.461620499408244,44.739132499784844],[9.463420500092358,44.72888049977373],[9.473781500330837,44.724915500233266],[9.463754999533782,44.714277500165366],[9.472201999456567,44.7014949998029],[9.448076499402992,44.69280549998455],[9.445052500342278,44.6967875003311],[9.438735499909527,44.6975950003994],[9.440588000478915,44.70054099956849],[9.431165999430634,44.701503999739025],[9.423711000488126,44.70909399998589],[9.400922500053708,44.71427149979656],[9.405202499920339,44.71787549969712],[9.401766500368241,44.72131749957931],[9.40415050056999,44.72457700001288],[9.386987500533015,44.737554999773444],[9.384697999605217,44.735077999998374],[9.37964500040566,44.7388130002236],[9.355791000215534,44.739637000269255],[9.347826999440118,44.742767499949],[9.334881000115157,44.73860200004575],[9.335902000130126,44.736086999830306],[9.328569999597724,44.73604550020237],[9.322953500053709,44.74355150000079],[9.310135487090475,44.746852998046755],[9.305867000000001,44.758844],[9.317643999999994,44.779542],[9.339821832703059,44.80463547552584],[9.354218000462076,44.81184999971103],[9.362522000503308,44.82114150019351],[9.355711635376506,44.830438678454314],[9.358314999999994,44.85649099999999],[9.351041999999998,44.869455],[9.316721,44.882221],[9.306965000000005,44.888944],[9.302615000000001,44.896173],[9.302615,44.913125],[9.306481999999997,44.924881000000006],[9.383122000000004,45.045027000000005],[9.407588541298889,45.07355532439154],[9.415232500557892,45.07596550003682],[9.412305099291503,45.079050838240036],[9.415640794235552,45.083671911118984],[9.435624500112189,45.081825000033206],[9.439029499666827,45.09344249961582],[9.467764000365111,45.094876500339815],[9.480228500436784,45.09880349956214],[9.48295000007912,45.09598349977849],[9.48011000047424,45.092241999803505],[9.486941499414229,45.090169500098355],[9.479799999693293,45.08556350034066],[9.483716999570797,45.06635499965804],[9.482659500012145,45.0629684997315],[9.471922499689772,45.06206499963965],[9.469143499467474,45.05529500036561],[9.464766999899453,45.055072999730214],[9.458385999732476,45.04322500026828],[9.462172500266687,45.03446000027448],[9.471176999892899,45.0320465003509],[9.475456500456172,45.03549450028929],[9.488808000051232,45.03552799986135],[9.50358199969588,45.0469685002207],[9.53372800007719,45.03743350017845],[9.529323499513472,45.03599599993317],[9.53210650025607,45.03374149975718],[9.529251499634634,45.03224449973638],[9.534756000387747,45.02943049977961],[9.529964999671343,45.023273000171784],[9.533512000229258,45.02127150036456],[9.524337499929096,45.02258800031734],[9.524718500522667,45.019885500162104],[9.51066950037811,45.011620999969715],[9.5129570003622,44.995511500406764],[9.518332999622997,44.997607999735585],[9.518205999844387,44.994331000219034],[9.528723500371376,44.98672349977503],[9.530238499553617,44.97996000036132],[9.559739999409883,44.97929050008595],[9.55645549982029,44.98271850002644],[9.566297000574618,44.980042000241994],[9.568734000519388,44.98531400034838],[9.574186999775005,44.985214499687956],[9.574845999908183,44.987570000392],[9.591391500334714,44.988196499845024],[9.59417800028435,44.956972000128616],[9.611596000494293,44.95558350033333],[9.613730000249232,44.96190949966333],[9.622036500081201,44.96091049976139],[9.624275499739765,44.96626350028571],[9.621173999540401,44.967927999991794],[9.631249499573089,44.97086150010151],[9.635116500079832,44.969624500106676],[9.630517000316807,44.96302449970594],[9.635397000039772,44.964050999717195],[9.651122499404247,44.957332499693266],[9.655959500485611,44.945876499639574],[9.670325499665548,44.947341499690786],[9.672159000598892,44.94260450008105],[9.68286000006357,44.93965150033933],[9.68833600050373,44.930174999632264],[9.699476500198044,44.92816300013651],[9.708319999489069,44.93628250014497],[9.715431999701895,44.934271999760185],[9.73259400009891,44.96344200017333],[9.743187500439285,44.96488550011109],[9.753209500378132,44.972021500292435],[9.753781999555486,44.97795049991942],[9.758158000496953,44.97797550001854],[9.776387000019309,44.973532000403324],[9.77559799996814,44.95795000044414],[9.790884499461246,44.953256499858426],[9.788845999680108,44.947088000003355],[9.7958214996343,44.94276350028214],[9.801201000384228,44.942230500346994],[9.80047050051975,44.94803349975467],[9.804331499538302,44.94857300025911],[9.80036999982848,44.94992450028733],[9.80767600038497,44.951097000298134],[9.804788500214716,44.95403450023834],[9.809626999858239,44.95372100013663],[9.808983500557556,44.961838500351064],[9.822874499444731,44.95632699959087],[9.809397499749396,44.94461249996843],[9.822436499765713,44.945203500201956],[9.826457000434166,44.950656500181815],[9.838732000527317,44.948289499768386],[9.838877000466367,44.95197949991897],[9.846839000099717,44.949606999927035],[9.842366500413702,44.93937749989697],[9.847809000223684,44.9348180000366],[9.846206000277661,44.92378450003926],[9.850494500520536,44.92245599973553],[9.850723500598026,44.91479350025891],[9.844854500509882,44.90892800018045],[9.848529000348917,44.90339499981513],[9.852146999943935,44.903097999961325],[9.859396999917632,44.90937200040076],[9.861390500424502,44.90626950014118],[9.895104500490458,44.899339500016055],[9.915007499988096,44.90045999956436],[9.919562499575669,44.89937000022477],[9.918339999697363,44.8965620000912],[9.932128500377555,44.89241749977396],[9.945471500139258,44.90870850007098],[9.955467999631507,44.91453249977274],[9.96555750014814,44.94055400004769],[9.974051499882394,44.943641499652536],[9.974901499917879,44.95010050037595],[9.981220499750481,44.94854950044015],[9.990559000326153,44.95237149979027],[9.979439500602796,44.93714250021191],[9.999151000411576,44.92917399955542],[9.992647500248244,44.91430500001578],[9.993939999875018,44.907704500439735],[10.002548500080167,44.90446949969936],[10.00467599954948,44.897186000176525],[10.010205999646832,44.896609999968874],[10.012367000482126,44.887890500069446],[10.020558999478473,44.890797500350914],[10.02187899989304,44.89738450033606],[10.012353499489572,44.90092600020396],[10.01654099954404,44.913581999916204],[10.014403500501126,44.92095600031152],[10.03306949946538,44.93890100031818],[10.053792499484254,44.92701800000506],[10.058619999863547,44.93042999993659],[10.065730999770844,44.92751649986119],[10.064823999822396,44.91848949982918],[10.055554999639716,44.91394849986662],[10.055211999712464,44.90868550033254],[10.0633605000472,44.90851950037539],[10.074405499987146,44.917283499987356],[10.100354000287782,44.91344900029593],[10.099250999864193,44.91070050021394],[10.10918099942551,44.905329499580944],[10.101833500574683,44.89602899962097],[10.107282500470856,44.89327150028203],[10.102933000014634,44.888512500158534],[10.108324999609648,44.88389449980063],[10.101734000390898,44.87690050009281],[10.104938000561445,44.854490000159174],[10.180449999647081,44.832400999694336],[10.22383350035658,44.82271449961428],[10.220139000342785,44.81120500009448],[10.213556500165001,44.80546850038052],[10.242859499564052,44.79917649989286],[10.232617500168951,44.774872500080114],[10.257174999726354,44.77601799963057],[10.273205500518072,44.772869500326536],[10.27239550062751,44.76888100016164],[10.286362500237555,44.766672999793265],[10.261361000209599,44.73908900042133],[10.244807500571342,44.729323000303886],[10.242022000387784,44.724257000374166],[10.254273500474982,44.72208049981086],[10.25240249953533,44.7142144996906],[10.277869499893688,44.70657400031659],[10.28519400046851,44.709420999903536],[10.29795649947025,44.70416350008092],[10.293247500177326,44.6742739998903],[10.306574999970199,44.66830700020213],[10.308897500129694,44.662595500205306],[10.3311500005625,44.68100499965806],[10.340606499779762,44.679066500078186],[10.34448199976996,44.68459350016732],[10.354036499971672,44.683598500392364],[10.354032500416496,44.678557000063726],[10.361019999923602,44.67523299983896],[10.356997499696629,44.67185850040892],[10.359555499882918,44.67087500043472],[10.376647500102699,44.66917600014193],[10.386370999579787,44.67487399962141],[10.402327499775664,44.667017999938054],[10.415410499516097,44.666843999725025],[10.414807499631687,44.673768999787136],[10.42119150042035,44.67841600005782],[10.447357500164792,44.71931849999432],[10.445924500145045,44.72666500038576],[10.435237000103516,44.73567599958814],[10.425236999936006,44.73937549962979],[10.429719000097558,44.75312000022371],[10.423537000561554,44.79819149960821],[10.437356500453868,44.800232999700775],[10.441056499870646,44.824002499783454],[10.455117000247828,44.831615500258785],[10.451406000360832,44.8365779997187],[10.455245500068687,44.8372895000155],[10.452676000324354,44.84686949968992],[10.459531999618473,44.84917200030538],[10.458252500491668,44.853122500210546],[10.464337000121322,44.85302200017806],[10.46289599961231,44.859044999784935],[10.470720999823914,44.85867449992624],[10.464262999776615,44.864033000367094],[10.468543000093801,44.8670744999504],[10.46445149977573,44.869458500287564],[10.469923500506933,44.87104949993604],[10.465509499696608,44.87521099956432],[10.475036000491986,44.87493550044644],[10.466172500181342,44.88236849978368],[10.470042500108594,44.884137000373975],[10.468844499900912,44.886826000275065],[10.460177499888934,44.88659500044589],[10.463753999479426,44.897765999999145],[10.477844000436145,44.9024504996143],[10.486489000255512,44.90025850004127],[10.485334999441903,44.90361349959717],[10.496073500129993,44.90837500039295],[10.491620000610736,44.9115300000975],[10.501225021805206,44.91947857309743],[10.521350000000004,44.916168],[10.565493000000004,44.915651999999994],[10.601242999999998,44.92239800000001],[10.632664000000004,44.939481],[10.65715456931711,44.96002728993777],[10.650356999367505,44.94807149964051],[10.668375000404984,44.94176049975439],[10.674623000378988,44.94307600035767],[10.677283999572813,44.93521150010931],[10.688130500124915,44.931275000314415],[10.714270500580266,44.93118700005166],[10.733525500535382,44.92382950017148],[10.749190000540283,44.922294000405124],[10.75388900035046,44.93011199996755],[10.765602499531328,44.93559850038187],[10.769477995544587,44.94269392289491],[10.859619000000004,44.927023000000005],[10.888931000000003,44.913488],[10.944784999999996,44.930802],[10.974756000000003,44.935866999999995],[10.985917999999998,44.94123900000002],[10.999408999999996,44.953434000000016],[11.083081,44.961905],[11.144670000000005,44.945733000000004],[11.163435000000005,44.931516],[11.185188,44.932351],[11.250554783415605,44.945991115259595],[11.260457000158612,44.93309399965788],[11.25488600038857,44.92452649976825],[11.238750999639931,44.91395599955567],[11.235369500477171,44.905172999613384],[11.245437500594063,44.89822400014569],[11.250320999383604,44.900512999849724],[11.269099500190732,44.89689149980788],[11.293491499488745,44.88553849978636],[11.305264499881115,44.88708350006081],[11.306505499366136,44.88330449983622],[11.327315000240578,44.87491399955074],[11.33939249996299,44.87191299960859],[11.34731699960669,44.87323699956615],[11.347353499789165,44.86449000009322],[11.350372999616447,44.863446500277085],[11.352847499443332,44.86636600014374],[11.356338000209684,44.86382750028846],[11.35660349966712,44.857034499815796],[11.368615000037867,44.84266999971611],[11.3662000005904,44.836918500013375],[11.352550500172013,44.83610700012882],[11.347513999942581,44.83012949997868],[11.323463000049928,44.83254199972939],[11.318235500446255,44.824848999802086],[11.311632499753319,44.827484999985295],[11.300988499993181,44.807994999982064],[11.24610599984098,44.75837150016476],[11.273126999914238,44.75042950011967],[11.25317699999837,44.716310000223466],[11.275456499426674,44.70556550034335],[11.28098650045123,44.71185549978812],[11.2928389994293,44.71452999975829],[11.307721000191144,44.735268999904854],[11.340768500415583,44.75490950037993],[11.359736000583741,44.77416200036073],[11.374707000268296,44.78015750009207],[11.388379000143544,44.778634500218054],[11.377071000151911,44.774098999994806],[11.362514999600105,44.762042999827706],[11.3500605004577,44.75133600003056],[11.352710000160748,44.74841250013345],[11.390817000393374,44.735263999794206],[11.397285000459838,44.74279349992753],[11.407189500537958,44.74080349994599],[11.405094499799102,44.73508999968133],[11.408811999433377,44.73782000027752],[11.418877500616814,44.72796800013518],[11.424401999691131,44.73529649994276],[11.432225999854653,44.735619499683025],[11.437977500103008,44.73391249964193],[11.436400999379893,44.7306784997956],[11.439515499981564,44.72975249966048],[11.442734999929257,44.73312449974805],[11.447070000565441,44.731385999867996],[11.450583500176451,44.733612999935126],[11.483246500423528,44.72322150000314],[11.464766000377534,44.69575500028936],[11.471353000203862,44.69389249956934],[11.466563999706333,44.68718650004996],[11.486112999454633,44.68391999956223],[11.481658999421422,44.672982500237275],[11.476466499738226,44.674246999967295],[11.47281099962547,44.6703949997636],[11.46842649949506,44.643244500002226],[11.42955400034108,44.60388799992983],[11.459311500554344,44.58516900000873],[11.463938499937575,44.59529799968064],[11.472829499827496,44.60269900034263],[11.50618349951639,44.58730899958556],[11.515876499626618,44.58786799987935],[11.517304000369954,44.59072999989179],[11.52380600042465,44.58876699995868],[11.535539500173176,44.60716349961549],[11.544182000055326,44.60397300041794],[11.547593000568225,44.60827249954769],[11.550674499548418,44.60612900027761],[11.557647999966834,44.61121299972895],[11.554808499683066,44.61477700002224],[11.570367000187288,44.6327620004221],[11.596552000196928,44.64623350014405],[11.607193000076066,44.631624999675545],[11.59883649944605,44.62698400008659],[11.603552500033732,44.62491050031658],[11.60719550059231,44.62744700008259],[11.62393499980682,44.61281600033455],[11.593608500431534,44.60021499988017],[11.596812500205337,44.59675200010148],[11.583859499647495,44.59059800002454],[11.586341500013521,44.58848949989102],[11.582130999765255,44.58360349959117],[11.5931199994493,44.5847175004327],[11.597603000489961,44.58009600022301],[11.595282500221126,44.578087000333646],[11.6291670002175,44.57750300042469],[11.62407799997202,44.573243500180304],[11.630735499403828,44.5682874998795],[11.62198749992921,44.567218999621836],[11.623361500102877,44.56239250000524],[11.610012499560899,44.557972499854735],[11.62096099979583,44.55111550003209],[11.606020499646482,44.54151900033284],[11.612059499761088,44.53852700010101],[11.622609500228476,44.54672449979502],[11.68064399954861,44.56034999993178],[11.697289000453496,44.57346500012033],[11.693458499652158,44.577910499998566],[11.697133500083337,44.577084999915414],[11.698372000333732,44.57987199968039],[11.72658700059324,44.58092399986591],[11.734655000422988,44.584405500148065],[11.745608000592545,44.57994299977105],[11.75920549999136,44.57959500025374],[11.766012500324598,44.58300949960699],[11.785647499408036,44.58502899993611],[11.785711500588372,44.59215549992696],[11.789627499908551,44.59225349955304],[11.78531000026,44.60566349976253],[11.794570000269259,44.61286300024317],[11.791250999414785,44.61798150011294],[11.806423500352821,44.62354750003318],[11.80230599964788,44.62961100014716],[11.790818999500564,44.63266999963093],[11.800312500197538,44.63451050008077],[11.783724000535788,44.63689800016689],[11.776634000148482,44.64395149993603],[11.771882500567179,44.64078299960899],[11.753681999523081,44.6512020000215],[11.735456000081996,44.64838100005462],[11.728061000250479,44.65420299981625],[11.72762550017042,44.64837850023719],[11.722895999783628,44.646291499817394],[11.72467500003209,44.636166000444454],[11.695818500501966,44.63719200004407],[11.690699000342532,44.628715499846585],[11.684154499602775,44.63224450037076],[11.674120499469359,44.63228250039361],[11.615183999664534,44.689348999583885],[11.617266000374007,44.693887499798436],[11.627063999680312,44.69467149996575],[11.630057999661062,44.70096000007278],[11.650052999778532,44.70073549967784],[11.654920999985231,44.69541899970058],[11.668737999956937,44.70605950034315],[11.678073000283078,44.69733999999549],[11.685510500008219,44.69658050028589],[11.692500499691365,44.68323950031885],[11.691993000362352,44.6744975003342],[11.696588999760886,44.67452999998566],[11.697568500377251,44.68172000018716],[11.68953400050513,44.69271100020074],[11.693473500089702,44.701225500141355],[11.7053800003573,44.70510149994614],[11.708501500165728,44.714404999582015],[11.7004110001713,44.71515999988734],[11.698769999546649,44.71824999962327],[11.704507999652774,44.7215259997302],[11.701110499454163,44.72520250042548],[11.70701700034598,44.72803049986802],[11.714816000324634,44.7281265002423],[11.71475449966444,44.72232800019163],[11.725485999456746,44.718406000057634],[11.7253139996248,44.7152869998806],[11.730419000002946,44.71651499982672],[11.734981999686283,44.71031100007681],[11.746863000132818,44.70571800021377],[11.749847999777797,44.70135500013096],[11.742071999416282,44.700901999861564],[11.747529000541988,44.69538949982012],[11.745422499870436,44.68919749995922],[11.757170499755434,44.68543649970638],[11.763972500103492,44.67566450006042],[11.772687000299854,44.67691600039824],[11.78065649993165,44.6727385003552],[11.78224499976811,44.674275499978705],[11.791690999705203,44.66559149989751],[11.811516500451885,44.66523949956117],[11.820368999809096,44.656905500079255],[11.826597500477217,44.66236550028041],[11.839794000085627,44.65508699979292],[11.853050499371724,44.654073499693276],[11.851874500307469,44.64961799962339],[11.854878499532512,44.64893100008166],[11.884151000344673,44.65482999984092],[11.898734500274779,44.65314599991086],[11.90919299982417,44.656994000413995],[11.963348500208966,44.65866099977315],[11.976039000464276,44.67494900025896],[12.019760499841045,44.66679649966055],[12.11842399966386,44.67625950022544],[12.095923499629762,44.689421500338426],[12.092420999763936,44.70019300011739],[12.095248500336163,44.70303299990108],[12.100906499737246,44.70081049970895],[12.106364499666999,44.719054499826015],[12.093938499641489,44.72083000039091],[12.10148250001313,44.75229400025083],[12.113501499550052,44.75923250014001],[12.098242500540932,44.79778100001896],[12.093875499819307,44.83361999990966],[12.054165500093326,44.83553599989073],[12.042280499608395,44.829435000236714],[12.03648649992427,44.836520499841455],[12.025441500246842,44.834073000368896],[12.005342499675574,44.866638499804594],[12.04428600021063,44.86736449963058],[12.029591000436925,44.888115999983015],[12.03307349966955,44.88827200019064],[12.032612500577782,44.90808349999672],[12.053367499948504,44.90917650036671],[12.052678500255931,44.92773049982106],[12.08813749992149,44.92812399976572],[12.088332500464277,44.92102750012241],[12.101045499394573,44.92145700004434],[12.10900799989045,44.92624700012647],[12.113573499466815,44.950850000002234],[12.099199000243551,44.95850349976569],[12.099903938546953,44.96637110841103],[12.118674000000004,44.95653200000001],[12.129067000000003,44.940053000000006],[12.148030000000002,44.933428000000006],[12.174529000000003,44.93684499999999],[12.223264000000002,44.926122],[12.272000000000006,44.936427],[12.287643999999998,44.93535099999999],[12.294785,44.92744],[12.284238000000002,44.904599999999995],[12.293378999999995,44.864752],[12.336533000000005,44.84863599999999],[12.343520999999997,44.840055],[12.345211999999995,44.823773],[12.349716999999998,44.818039],[12.393397000000006,44.793452000000016],[12.375662000000004,44.79222200000002],[12.35139601169106,44.81052970908543],[12.347288000071615,44.820137499960985],[12.342641795175004,44.81829778885403],[12.333526189116766,44.8247115751551],[12.332890499897347,44.82880999994406],[12.316976000467696,44.83801450006563],[12.317195999872292,44.84280949993886],[12.290038500556308,44.843650499761196],[12.284401999807562,44.84055249978959],[12.266368000000002,44.82664599999999],[12.266367999999993,44.820502000000005],[12.27881328119932,44.81729594395722],[12.271695499700202,44.7987440002946],[12.248769499962942,44.761029000124765],[12.240205499525523,44.70587300018044],[12.240519000297315,44.68640599966899],[12.245566499856611,44.67644449971003],[12.24875099955429,44.67661699977611],[12.253125000622907,44.6522435003907],[12.276862174973816,44.61896956895652],[12.279930499959907,44.60490300038496],[12.277443999473691,44.59950300042941],[12.28342000061296,44.596043500215394],[12.279761000323504,44.518142000270394],[12.288997000475545,44.462727499858424],[12.314219999999999,44.38719300000001],[12.318207000000003,44.361151],[12.343250347820991,44.31830215193805],[12.356684000355992,44.27162700026842],[12.371097000427131,44.24393649965218],[12.392339999781882,44.21406949959332],[12.39995100000409,44.20709450027088],[12.40411550047275,44.208508000406894],[12.422323999643192,44.18536799999746],[12.444815999836074,44.169880499666114],[12.450349000433329,44.162189499724825],[12.44112850012717,44.159607000419086],[12.428733500294133,44.14732650019136],[12.442657500365602,44.14033099991152],[12.439402000096809,44.127550500079955],[12.444369000265333,44.12312449967544],[12.448241000591604,44.12566350037693],[12.447459499762399,44.119322000313225],[12.450951500467896,44.11963049985421],[12.448484500179074,44.116536000114685],[12.454502499717892,44.11459849994565],[12.452627499546894,44.10865599965318],[12.476488999527007,44.10959999977066],[12.480302499502361,44.11277700046135],[12.484618999791504,44.107611000319615],[12.49809699999466,44.11064649964451],[12.504347499665306,44.11530399974281],[12.555389000322018,44.07843600029616],[12.568584500461466,44.07508150016571],[12.575214499524224,44.07874050026314],[12.637162999812867,44.02117700016123],[12.692658500332586,43.98483200032392],[12.731718500303788,43.96925899993154],[12.74291399968024,43.96802250012964],[12.751341000027153,43.970813500246855],[12.737182999999995,43.93086000000001],[12.737183000000002,43.91855499999999],[12.742456000000004,43.905075],[12.740742000000001,43.89783500000001],[12.728195999999999,43.879103],[12.696818999999998,43.865535],[12.679921999999994,43.845001],[12.668452000000006,43.842541000000004],[12.627012000000004,43.843628],[12.615850000000004,43.85334],[12.607785999999995,43.872852],[12.591350000000002,43.893341],[12.583241999999998,43.896187],[12.575331999999996,43.893550000000005],[12.562631999999997,43.876906],[12.555028999999996,43.875203000000006],[12.547581000000001,43.885069],[12.547734000000004,43.898615],[12.542307000000001,43.90349299999999],[12.498221827903786,43.92278542692234],[12.502840499667252,43.92415100001688],[12.515773000197335,43.942182000163236],[12.50680150045989,43.95783500016835],[12.50926700040879,43.96272899969242],[12.506567000548335,43.970914500272215],[12.512321000429791,43.9730515001448],[12.510245500306207,43.98132099958802],[12.51585950052342,43.984753999649854],[12.514344500419048,43.990814500054235],[12.506412000446051,43.99169699986486],[12.492500999623802,43.98294500003654],[12.453325000000003,43.97905300000001],[12.421389000000001,43.96721900000001],[12.395654000000004,43.948409000000005],[12.385629,43.924534],[12.399581,43.90321800000001],[12.418267971191026,43.89623529527535],[12.42269524371693,43.88369453652494],[12.420249000000004,43.878158000000006],[12.41381199943921,43.87430750039879],[12.400957000000004,43.87562],[12.395295798338308,43.88074324453125],[12.392486000181968,43.89653249993961],[12.388239168127223,43.8837180350355],[12.360327499385525,43.875677999914764],[12.34823650013956,43.867736999566354],[12.345814446787912,43.847444666509666],[12.335017,43.82794],[12.318113499756773,43.814745000085395],[12.317788876052996,43.81128782657514],[12.284757000201074,43.794664000111716],[12.282907000540286,43.78916549995301],[12.288215252960665,43.788277916414344],[12.288923105774472,43.7852204650247],[12.286468704437778,43.77030780031366],[12.26811,43.77138200000001],[12.249939000000005,43.76176900000001],[12.213816000000003,43.76296700000001],[12.193601000000003,43.745388000000005],[12.185229000000001,43.742861999999995],[12.172846499868974,43.74744150012442],[12.164065999856453,43.76224349965603],[12.152354356279622,43.758740279393386],[12.125332000000002,43.76415300000001],[12.102550831357414,43.75912676006643],[12.096218500122472,43.766183000251615],[12.104878499405123,43.784260499794414],[12.103648499974929,43.79354000025144],[12.117508499949656,43.79704950033602],[12.11982899986097,43.80121099977012],[12.116149000542261,43.80534249979231],[12.131278499606127,43.826781499802166],[12.145716499933188,43.82893250043684],[12.151008999759908,43.837564499935446],[12.125807499492744,43.857631999939784],[12.10693550017456,43.85552750015205],[12.101665000570446,43.852510499635855],[12.092102999461172,43.855254999969404],[12.092053500566426,43.86344000030358],[12.082768499811575,43.87207300033426],[12.080875999586492,43.88846450034524],[12.066088500585895,43.88825949966361],[12.07173249965032,43.897057000159506],[12.070157999877575,43.90566100021854],[12.083777499442725,43.913306500364385],[12.083586999426727,43.92576300033619],[12.089939499894651,43.92920100023466],[12.099630999878357,43.92552649970035],[12.10922600002058,43.92989300015265],[12.105403500039586,43.94021549971068],[12.11061400019757,43.94049699960488],[12.11104249967071,43.948705000287674],[12.102801000237497,43.950288500197864],[12.083650500314702,43.93758200028224],[12.059121499969327,43.92793349996303],[12.05489449989669,43.93149500016292],[12.051290000399268,43.92946650002498],[12.050041999847014,43.918471499872155],[12.030863999922857,43.920728499576626],[12.027399999403212,43.93051700030702],[12.031289500447306,43.933996999928766],[12.030765500269116,43.94129099967531],[12.017823999775363,43.93748649977353],[12.011054999748332,43.93839449986763],[12.008510999875137,43.91464850039852],[12.002086500246161,43.90948800015409],[11.985355500427158,43.906622500194814],[11.965155000272091,43.90665849966851],[11.959477499763551,43.909106000174454],[11.95288750040322,43.90503600025812],[11.944658499849796,43.90683299985123],[11.947165000256879,43.914979500402204],[11.928855499406474,43.92509299999471],[11.921092499913462,43.93520399970939],[11.91343849975554,43.937659499573144],[11.90872050059512,43.92829950011683],[11.873124499641074,43.92377200023977],[11.8671264996362,43.91767449962067],[11.86687400057963,43.913710499901754],[11.887222500240263,43.896695000309805],[11.88476900039618,43.89050000032942],[11.872624499848687,43.88829399979439],[11.867825500467845,43.8910164998976],[11.850265000561595,43.88721549988044],[11.84220099957612,43.888046999858894],[11.838424500373092,43.89162500013873],[11.815947999853389,43.88464600023192],[11.820686999398532,43.87718250042364],[11.838471499843445,43.87846100017064],[11.839891999994308,43.87509449986324],[11.829809000252723,43.865072500137124],[11.813425999579108,43.85646500039372],[11.79044750046936,43.856767500077154],[11.788518918536614,43.845113319696615],[11.732592999999998,43.86858900000001],[11.708884000000001,43.884838000000016],[11.708576999999996,43.919599000000005],[11.703560098645532,43.92712358441687],[11.718932500403216,43.92150249966307],[11.712701999595641,43.91186399965739],[11.713954500573035,43.898643000341295],[11.744966500211452,43.91653549967173],[11.751431499600939,43.915200500154796],[11.758067000380569,43.91838049978142],[11.770795999927309,43.918909499628555],[11.791904000060589,43.93720299959217],[11.792105500046125,43.944428000328884],[11.802269500084284,43.946996500136905],[11.81112899937272,43.94408699966112],[11.826855499685937,43.94411299965837],[11.83202550011542,43.95196150017104],[11.849425000505645,43.95827200028436],[11.850536999435072,43.9742064996993],[11.857589499631468,43.98010750016519],[11.867975999875366,43.980833000381516],[11.869967499456541,43.98522599972358],[11.86940949978604,43.99253249972682],[11.859617500258933,44.00029550002893],[11.856220499600763,44.012075500259826],[11.849620500563772,44.01905599980422],[11.85062799981054,44.02600799962248],[11.864371000229315,44.033901999732855],[11.864140499373802,44.03662649958822],[11.848896999978018,44.03387499997098],[11.808850000368466,44.01223400037739],[11.797236499919608,44.0148490002397],[11.791317499694884,44.01183550021691],[11.783574000379689,44.01243900007702],[11.776093500123833,43.99977350012805],[11.760772500495783,43.991871499983155],[11.753623499915395,43.98209550012411],[11.735555000422389,43.979342999662336],[11.721880500075203,43.9654894997972],[11.703263499611712,43.96342000034871],[11.69921500043013,43.956376499798495],[11.68906299965949,43.950021000315104],[11.685295568912775,43.94049234552595],[11.685614999999999,43.96205],[11.650701000000005,43.99085600000001],[11.652392999999995,44.017729],[11.655644999999993,44.02092599999999],[11.681550000000003,44.024441],[11.695238999999997,44.038394000000004],[11.703303000000005,44.05318100000001],[11.722990999999995,44.07498900000001],[11.730570999999996,44.09570900000001],[11.747227000000004,44.121648],[11.745666000000002,44.130075],[11.73167,44.13271100000001],[11.692140999999998,44.130558],[11.644481999999998,44.117462],[11.593747999999998,44.12588900000001],[11.588166,44.128833],[11.590166000000002,44.13537],[11.610798000000006,44.152289],[11.604119000000004,44.162528],[11.588320000000001,44.170635999999995],[11.571841,44.17369],[11.551055000000005,44.162682],[11.527418611638682,44.162244420459594],[11.527755500498799,44.17014450036229],[11.536236000465353,44.1798124996918],[11.535656499687661,44.190372999993144],[11.547602500019913,44.18899600039824],[11.556865499448124,44.184196999772865],[11.561698500454952,44.185476500271854],[11.562536999756036,44.18962350011708],[11.556903000132413,44.1902645004113],[11.54915050043509,44.20501099963173],[11.554186999714211,44.21422900039175],[11.544191000495733,44.219259499606196],[11.54158999998821,44.218052500133275],[11.541271999756152,44.22140050017076],[11.53459250010956,44.223011499741546],[11.529006000104244,44.22064999972313],[11.502241499538453,44.230616999802535],[11.495407499890765,44.231679499982924],[11.490639000131317,44.22841500044901],[11.482842499455101,44.23956899972984],[11.476024999821936,44.24244250040564],[11.438786499946808,44.243150499804315],[11.430843999963718,44.250481999803824],[11.42815500043967,44.24977250029054],[11.42199499954949,44.23987950010686],[11.451572999448173,44.22082549996741],[11.45502300017262,44.2123784996927],[11.448798690866855,44.205222818258044],[11.431897000000005,44.22711700000001],[11.412363000000001,44.233577],[11.402541,44.234928],[11.391995000000001,44.232445000000006],[11.380392000575444,44.21932249997006]],[[12.174245999950495,43.79714949995139],[12.170997500534149,43.793012999560894],[12.184206999599988,43.781481500365224],[12.185583000583394,43.77449699979573],[12.199365500386088,43.770357499806046],[12.199388000007207,43.774083000330265],[12.21360949976216,43.78366550010584],[12.234133000238623,43.787221000218146],[12.243698500036498,43.785199999745515],[12.236454999957022,43.79400950011097],[12.239874999999998,43.800891],[12.238228000000003,43.808801],[12.226692000000002,43.814448000000006],[12.184328999999998,43.818415],[12.177561000000006,43.821666],[12.169836000582544,43.80509150006999],[12.174245999950495,43.79714949995139]],[[11.789198499973063,44.55433449979408],[11.778711000261104,44.50349949980242],[11.820071500540417,44.485289000158026],[11.827674499631303,44.47311100016335],[11.84688799997579,44.468718499914466],[11.839997999933193,44.485306999907415],[11.84332550014332,44.48934599960574],[11.851153500511709,44.4879085001779],[11.854658999404798,44.49329000022183],[11.85186149954032,44.49461650011989],[11.865565500383791,44.508601000155934],[11.873080500268891,44.547134999552746],[11.88005850014178,44.54746299961998],[11.87928449969574,44.55117349991861],[11.886967999828352,44.55328399985983],[11.900900000526667,44.55159849981121],[11.902600499952392,44.553972499827424],[11.90918550050307,44.552112500208246],[11.91625800005758,44.559435500416335],[11.987028000576405,44.540644500400134],[11.9822420004066,44.5398694999527],[11.976732999798415,44.530047499964674],[11.964672999545497,44.532711000306215],[11.958407000043513,44.515138999684],[11.951285499699399,44.51137149969364],[11.955450500568228,44.50690649963942],[11.925368500417013,44.48473400027057],[11.925231000200222,44.48110100017854],[11.941691000501468,44.47398849961558],[11.933222499717782,44.46287649989265],[11.944997499983907,44.45800449967577],[11.940669500164011,44.455667499874416],[11.945503999984343,44.452580999965676],[11.947844499587244,44.45542399974295],[11.952070999639755,44.45324850022414],[11.974241000339655,44.468769499952806],[11.985016000372529,44.47075699991299],[12.004020999863416,44.480332499626726],[12.028685500561611,44.48519849995714],[12.054454500558041,44.4969549998493],[12.06517600004833,44.4930615000259],[12.104535000425658,44.543782500042845],[12.114158999496658,44.54721149988344],[12.105650500594946,44.55318099999229],[12.096481999934687,44.55239650034732],[12.093602000175455,44.55881350037013],[12.085060500121632,44.55778400031962],[12.079347499415505,44.56120999966571],[12.069222499816869,44.55998800014271],[12.067434999540973,44.55079600035955],[12.063446000566945,44.54805299987209],[12.028110500094211,44.5604605002367],[12.034697499422712,44.568230499923274],[12.025174500393524,44.5699389995836],[12.025079499499064,44.57848750019015],[12.00443400040232,44.582492499795116],[12.00803299981554,44.58642599964115],[12.007457000198821,44.59590250001529],[12.002220500292747,44.60018649978632],[11.871663499448838,44.57859299973952],[11.861662999804029,44.566731499676045],[11.860338500329274,44.55962749955701],[11.846074999705193,44.55431350040602],[11.831949500182507,44.5615870003774],[11.789198499973063,44.55433449979408]]],[[[12.090602654584501,44.96938547007302],[12.084364499970187,44.96732900002194],[12.082064168809586,44.97120045224392],[12.090602654584501,44.96938547007302]]],[[[12.073199021574153,44.972432626078884],[12.061087999586105,44.96956749957008],[12.049087847714953,44.97577979747444],[12.073199021574153,44.972432626078884]]],[[[12.042543184953281,44.97668731908377],[12.015484999893388,44.97654299985893],[11.976874186462398,44.98548587266642],[12.042543184953281,44.97668731908377]]],[[[11.946159309509566,44.98116165446498],[11.924613499437765,44.97466400030304],[11.895665000227071,44.977909499787295],[11.877307999925653,44.97444500020774],[11.8383480002208,44.972776999696244],[11.806497500499853,44.977149500408856],[11.799100500129601,44.974990999848224],[11.788476500205329,44.96637499985987],[11.784659449973589,44.964506781240075],[11.797346000000005,44.97764800000001],[11.821537999999999,44.97764799999999],[11.869635999999995,44.98537100000001],[11.923029999999999,44.978494000000005],[11.946159309509566,44.98116165446498]]],[[[11.782545499460973,44.96382800025364],[11.762469499601645,44.959720499558756],[11.75166564357032,44.95879653283513],[11.767792999999996,44.96335500000001],[11.782545499460973,44.96382800025364]]],[[[11.740000500333242,44.94976899991345],[11.744875499948574,44.93496200031337],[11.732960499401203,44.926597000352004],[11.715560000310052,44.92632550043712],[11.687549499883971,44.91683700002444],[11.671304999599013,44.91474499978229],[11.623294999777038,44.88876999985958],[11.600878999983715,44.88897700011538],[11.592109000187863,44.89202799998538],[11.587140953294028,44.90983310229891],[11.606293999999998,44.89881],[11.622267999999998,44.895086000000006],[11.640307999999994,44.898294],[11.677506999999999,44.92239800000001],[11.735691000000005,44.938548],[11.740000500333242,44.94976899991345]]],[[[11.702627499729516,43.92837199989937],[11.703069508447314,43.92767686073287],[11.702488000551403,43.92833265505995],[11.702627499729516,43.92837199989937]]],[[[11.572205737640683,44.918423267052376],[11.558568000095208,44.92134250012144],[11.54031828815915,44.93416840877411],[11.572205737640683,44.918423267052376]]],[[[11.537198047311124,44.93534452143174],[11.46962549985402,44.93636499970126],[11.431116000134562,44.92894699993978],[11.425578499596154,44.931045500200675],[11.423952999661733,44.937885499611625],[11.425213637213187,44.9455118965522],[11.431897,44.937669],[11.449871,44.937515],[11.48852,44.94351300000001],[11.509459999999995,44.94258],[11.524907000000006,44.93997600000001],[11.537198047311124,44.93534452143174]]],[[[11.509224822357107,44.163723312122684],[11.51314499941364,44.16346600037137],[11.513729431517099,44.162788803607455],[11.509224822357107,44.163723312122684]]],[[[11.473294500069915,44.18394150009908],[11.486430000128534,44.18281550036201],[11.489582499450915,44.18014700010779],[11.483167999847963,44.17655900040625],[11.500453488498337,44.16554232915863],[11.484499000000003,44.174207],[11.473294500069915,44.18394150009908]]],[[[11.464047499647034,44.19187149967546],[11.466486999566307,44.1932184999211],[11.470760500518184,44.189695000096364],[11.469228545924686,44.18736485770263],[11.464047499647034,44.19187149967546]]],[[[11.418470999984095,44.95031500007782],[11.401896999653422,44.9478989999889],[11.399425999884478,44.95162000004388],[11.400052157551736,44.95337550498975],[11.418470999984095,44.95031500007782]]],[[[11.37288050010527,44.957661000299574],[11.362787499750242,44.95545799981152],[11.357178499807583,44.9500734998643],[11.333172121705658,44.959215733952234],[11.37288050010527,44.957661000299574]]],[[[11.313562499661149,44.95828500009342],[11.309428798726,44.95988784739354],[11.318220773125741,44.959639597452515],[11.313562499661149,44.95828500009342]]],[[[11.30241799794132,44.95993358619246],[11.299760999406496,44.957456499785316],[11.298438806523299,44.958933820769204],[11.30241799794132,44.95993358619246]]],[[[11.297516943940698,44.95853349988414],[11.29638399996186,44.95731749973096],[11.295069866708314,44.95726547255671],[11.297516943940698,44.95853349988414]]],[[[11.27227949939108,44.93831450035182],[11.266658499695954,44.942486499761685],[11.266441043010289,44.94479438715207],[11.275154155247714,44.94248704374853],[11.27227949939108,44.93831450035182]]],[[[11.255117000174856,44.11504449974954],[11.22772600055809,44.12827299989857],[11.22024650005183,44.12709450021626],[11.21435012535467,44.13291471858079],[11.247568000000005,44.123065],[11.255149000000001,44.11903300000001],[11.255117000174856,44.11504449974954]]],[[[11.26449055184178,44.945320719516204],[11.26177350020812,44.94542349990702],[11.255877274303339,44.947099663345085],[11.26449055184178,44.945320719516204]]],[[[11.202722120326813,44.138535179340636],[11.202077000232114,44.13862899960064],[11.20217591925737,44.13899978924655],[11.202722120326813,44.138535179340636]]],[[[11.199941000387707,44.14026249982826],[11.193905499418307,44.14555499958152],[11.195750000485244,44.15139849997402],[11.196787412277768,44.15149875349792],[11.199941000387707,44.14026249982826]]],[[[10.901917379716316,44.07331773302549],[10.856740499705241,44.099057499690495],[10.876282000481442,44.099908500417904],[10.89174250005576,44.09264000037343],[10.903632000416748,44.08514949956843],[10.905647000461551,44.078660499967775],[10.901917379716316,44.07331773302549]]],[[[10.759603500150249,44.94645899966999],[10.743776000492327,44.94905499977406],[10.748175499516261,44.962666500125486],[10.738337979167577,44.985513833756045],[10.754259999999999,44.976527],[10.762016999999998,44.96831],[10.759603500150249,44.94645899966999]]],[[[10.712184999900902,44.98524899998852],[10.7107960005478,44.97307850020605],[10.69560700022482,44.962118000386255],[10.688064000273256,44.96558799984288],[10.695984999959684,44.97445899960544],[10.686703999471453,44.98658599964249],[10.67981749979071,44.97664199962685],[10.666750851622819,44.96959976872284],[10.680256000000004,44.98707400000001],[10.692494999999994,44.990381],[10.712184999900902,44.98524899998852]]],[[[9.458668500623796,44.47626399958232],[9.469713000408046,44.47682700013109],[9.47144949990884,44.46793399958197],[9.465938499600165,44.465651999688355],[9.46113850030117,44.457955999828364],[9.458223499618809,44.4421859997563],[9.445856500508626,44.438400000142956],[9.4396244995537,44.4300604998393],[9.438196499905375,44.41907350021764],[9.442153999665964,44.41597049985297],[9.460168999628275,44.419518000407486],[9.464066499742607,44.424922000101986],[9.470546499597615,44.42480550025649],[9.474110140065937,44.412357852681964],[9.440383000000004,44.41155500000001],[9.436054999999996,44.41992700000001],[9.436977,44.425870999999994],[9.450974000000006,44.46870600000002],[9.458668500623796,44.47626399958232]]]]}},{"type":"Feature","properties":{"slug":"friuli-italie","name":"Friuli-Venezia Giulia","source":"https://doi.org/10.6084/m9.figshare.19312094","sourceIds":["PDO-IT-02176","PDO-IT-02360","PDO-IT-A0367","PDO-IT-A0457","PDO-IT-A0459","PDO-IT-A0478","PDO-IT-A0516","PDO-IT-A0517","PDO-IT-A0905","PDO-IT-A0908","PDO-IT-A0910","PDO-IT-A0938","PDO-IT-A0939","PDO-IT-A0950","PDO-IT-A0953","PDO-IT-A0954","PDO-IT-A0959","PDO-IT-A0976"],"resolution":"municipality","sourceYear":2022,"labelLonLat":[13.04372,46.12726],"scope":"Wine PDO areas within Friuli-Venezia Giulia; regional guide, not a single appellation or vineyard footprint."},"geometry":{"type":"MultiPolygon","coordinates":[[[[12.834999000354797,46.609188999912796],[12.852714499937921,46.60460599962978],[12.862904076535136,46.60805727813491],[12.982047212940113,46.60218032132778],[12.98718800012511,46.599439499906275],[12.993068414135887,46.60162995055674],[13.025646157389883,46.59999643656225],[13.032586500386635,46.59601300036046],[13.046627499802824,46.595295500181],[13.064503999999998,46.59803500000001],[13.146462999999999,46.584961],[13.210024999999996,46.558012000000005],[13.231108999999995,46.55217300000002],[13.271417,46.550777],[13.305536331437152,46.55581497650048],[13.32058200016537,46.55122649983988],[13.332115721010766,46.559731403996444],[13.373323,46.565789],[13.44605849977233,46.55650800026289],[13.453887000542991,46.559448000176175],[13.474734500302581,46.557343499907745],[13.485165347153576,46.56155935173966],[13.506750999999996,46.546927000000004],[13.549228999999995,46.54584200000001],[13.569902033145796,46.54121938735024],[13.57091800033876,46.538843999587414],[13.580183526261278,46.538918612901426],[13.670256000000004,46.518712],[13.700951000000003,46.519746000000005],[13.699193999999997,46.50483700000001],[13.689892999999994,46.49333900000001],[13.688446000000008,46.46775900000001],[13.677490000000006,46.452075],[13.658783000000005,46.445125],[13.649039500131652,46.44670550021799],[13.600181999999998,46.442644],[13.575688000000005,46.42667599999999],[13.554396999999994,46.405954],[13.530006000000006,46.388332],[13.465040018704325,46.36171855487583],[13.449088000505979,46.36295800004492],[13.438748499616214,46.3600045004354],[13.43724339107857,46.35409793397455],[13.423242,46.34484700000001],[13.391305999999997,46.30156800000001],[13.375492499982295,46.29823250032209],[13.376749847285273,46.29527299509611],[13.365261000000006,46.290302],[13.378593999999994,46.268391],[13.384692000000001,46.243328],[13.398127000000002,46.230513],[13.401641000000003,46.216663000000004],[13.410116,46.20798200000001],[13.421079412153723,46.20916617027457],[13.42335700033476,46.20605399956622],[13.446257000576294,46.21273350016164],[13.444428505015559,46.224586356936356],[13.468304,46.223433],[13.482257,46.217904000000004],[13.510161999999992,46.21397600000001],[13.559048000000004,46.18410700000001],[13.584473000000004,46.18131700000001],[13.613927999999994,46.183539],[13.637388999999997,46.180386000000006],[13.645037,46.16173100000001],[13.616409000000004,46.125040999999996],[13.505098000000004,46.066027],[13.482257,46.044839],[13.490317999999998,46.038948],[13.492798999999993,46.032489],[13.490008000000005,46.02556400000001],[13.461793000000004,46.006392000000005],[13.509438999999999,45.967428],[13.527555761589062,45.96839736156876],[13.541812499723298,45.96478000032937],[13.549530999903103,45.97035500023568],[13.56776899963337,45.96850600012937],[13.576619058359856,45.9806401724918],[13.605867,45.985411],[13.622816999999994,45.96639400000001],[13.608243999999996,45.926551999999994],[13.569280000000001,45.86454000000001],[13.565972999999994,45.83033],[13.581268999999994,45.809246],[13.609174000000003,45.798601000000005],[13.660334000000004,45.792038000000005],[13.709478000000006,45.76532099999999],[13.778723999999997,45.743411],[13.858409,45.649359],[13.869158000000006,45.64114300000001],[13.884143999999997,45.63514800000001],[13.893136,45.634683],[13.894685999999997,45.631840999999994],[13.887037999999997,45.618767000000005],[13.878511375977865,45.611363700172085],[13.868713500001723,45.60908499964469],[13.86807155286634,45.60229545966817],[13.847763999999994,45.584661],[13.801056000180765,45.58152650006291],[13.761051000000005,45.596236],[13.746924499839155,45.59791900040418],[13.72282350036067,45.59472550025312],[13.720171222143655,45.60219469336948],[13.734435500127727,45.610545499934396],[13.744368500019405,45.60855650029733],[13.748799000266585,45.60866199982684],[13.75118650060324,45.61069049958389],[13.751610999469296,45.610802500437266],[13.752546000607484,45.61060349975909],[13.749866999749177,45.60928450037793],[13.752553000066916,45.607081499624265],[13.756319999535826,45.60881649972087],[13.754735499459144,45.608976499933085],[13.751792999645332,45.61007949971002],[13.774862999888207,45.60421050004726],[13.785432000288926,45.59787949978443],[13.813793500469231,45.6146144997971],[13.799811000173245,45.60977199966705],[13.792648769833896,45.612014115596324],[13.808116000000002,45.61432500000001],[13.795584,45.617011000000005],[13.777109999999999,45.635443],[13.74977486678823,45.6453209848717],[13.755797499801014,45.650077999605365],[13.75903899980516,45.64571200010478],[13.759528999532224,45.64891350035506],[13.769128000269774,45.65299999994153],[13.752005500193674,45.6762359995422],[13.753360499796287,45.680597000424754],[13.647308999999996,45.76203],[13.628917000000003,45.77261000000001],[13.574229,45.789618],[13.549357806254571,45.79124240196463],[13.5406770004795,45.80111849977074],[13.533326000142186,45.80463899985558],[13.54796095441392,45.79038222964789],[13.541548999762943,45.79276449973265],[13.537477000605636,45.79077599982922],[13.538353999528239,45.787297499809846],[13.532365999665531,45.790477499908704],[13.529117500288839,45.78889949959749],[13.536659279472417,45.78342101195556],[13.520863499647609,45.76253449995674],[13.52081449940539,45.751276499864964],[13.525829000090289,45.748479499827255],[13.52223849989257,45.7467045004073],[13.523853999763604,45.748479500345326],[13.521541000349561,45.74924900038138],[13.516538499811503,45.744252499938504],[13.52645849952281,45.73666649968429],[13.533094999847531,45.73752849981966],[13.542200406176985,45.73289787862042],[13.518402999999998,45.72484000000001],[13.507823000000002,45.714423],[13.469910498459996,45.70708530210732],[13.463824500541401,45.7109020002756],[13.45210249967388,45.7113504995885],[13.454138500577944,45.71623049990448],[13.443146000195032,45.72044700031959],[13.429223499542488,45.71462649976184],[13.422617999999998,45.72406600000001],[13.381684000000003,45.730048],[13.369395000000004,45.744615],[13.351816999999997,45.74030200000001],[13.316965429772655,45.745975450622424],[13.31396400039549,45.74903549964242],[13.300562742115398,45.74864127241259],[13.254893000000003,45.75604899999999],[13.215504999999999,45.778795],[13.169444000000004,45.768744000000005],[13.157766795369481,45.754634517057326],[13.154278999709835,45.75519699997164],[13.156400499355591,45.76047949975881],[13.153290000221853,45.753983500020404],[13.148123474529577,45.75205584241327],[13.139822000000004,45.754869],[13.14004399948613,45.760331000295594],[13.130852999924143,45.77184450008678],[13.130254263600769,45.76914951995728],[13.119314,45.771959],[13.110850000000001,45.76764600000001],[13.108165000000001,45.758205],[13.112032935268543,45.748768274322615],[13.106246499451633,45.7432009998737],[13.106250636068289,45.73648091153971],[13.092360500253209,45.73419849955673],[13.080577000000003,45.727607000000006],[13.067232499583193,45.71048800030817],[13.077716325011389,45.695601268220194],[13.076449500492163,45.69061750034934],[13.096833499693924,45.687601499760866],[13.098342431309199,45.68992867736231],[13.107560499604292,45.68551200020922],[13.134599500551863,45.69232200004135],[13.14632401718932,45.69963473929843],[13.138030999999998,45.689398999999995],[13.103037999999996,45.669013],[13.095627999999996,45.652321],[13.080724999999996,45.665074],[13.051897,45.718918],[13.028891999999999,45.742769],[13.025792999999997,45.759534000000016],[13.001931000000006,45.781957],[12.997427,45.80227100000001],[12.999293999999997,45.82547400000001],[12.992615,45.833483],[12.972883000000001,45.842624],[12.95179,45.820716999999995],[12.946845999999999,45.81932200000001],[12.894551,45.825836],[12.886332999999997,45.83254900000001],[12.883696,45.84203],[12.870051,45.846842],[12.855725000000003,45.844491],[12.845508,45.838603],[12.835421999999996,45.826660000000004],[12.826742999999999,45.82444100000001],[12.815427000000001,45.83126400000001],[12.810725,45.846864],[12.791959999999994,45.856170000000006],[12.783743000000001,45.853170000000006],[12.770405000000002,45.83849300000001],[12.739511999999994,45.831461],[12.698994000000004,45.803556000000015],[12.690160999999998,45.800568000000005],[12.672803000000002,45.802062],[12.660872000000005,45.81901400000001],[12.638855000000001,45.832088000000006],[12.629341,45.83281300000001],[12.613059000000003,45.826485000000005],[12.603127000000004,45.826243],[12.564170000000004,45.84203],[12.526288999999995,45.92035200000001],[12.512798000000002,45.92856999999999],[12.494054999999998,45.933656000000006],[12.473071,45.950169],[12.447803,45.95965],[12.434464999999996,46.016779],[12.418952999999997,46.05068300000001],[12.447341000000002,46.085202],[12.487529,46.09749500000001],[12.499174999999997,46.106647],[12.502118999999999,46.127159000000006],[12.494978000000003,46.155679],[12.491418,46.16142500000001],[12.462831999999993,46.17844300000001],[12.452922000000003,46.20971],[12.431366999999998,46.211808],[12.419590000000003,46.22555199999999],[12.382786000000001,46.22994700000001],[12.342905000000004,46.25774200000001],[12.335918000000003,46.269475],[12.343521,46.281978],[12.370393000000004,46.30626900000001],[12.436641000000002,46.332108000000005],[12.465315000000006,46.35644300000001],[12.497306999999996,46.397323],[12.520247000000003,46.442279000000006],[12.529299000000002,46.449025],[12.551162000000007,46.45741900000001],[12.593063999999998,46.46368100000001],[12.640701000000002,46.463878],[12.665507999999997,46.457891000000004],[12.669858000000001,46.45913199999998],[12.670320000000002,46.47700700000001],[12.642261000000001,46.491267],[12.646436000000001,46.50175899999999],[12.663662000000002,46.516536000000016],[12.681636,46.524962],[12.757090000000003,46.534477],[12.760187999999998,46.536927000000006],[12.761418000000006,46.57255500000001],[12.754606999999995,46.593385],[12.748499000000006,46.641],[12.773566,46.635191000000006],[12.834999000354797,46.609188999912796]]],[[[13.444912500105866,45.69143049991384],[13.443171500163762,45.69804899965874],[13.464455499662547,45.708930000015606],[13.46814376464445,45.7060339908429],[13.444912500105866,45.69143049991384]]],[[[13.427989,45.68113799999999],[13.398603356603132,45.67640162273681],[13.376719999999995,45.683173000000004],[13.392502999551484,45.682740500346696],[13.39605399952279,45.67911800017339],[13.411399000462426,45.68351500003289],[13.41786599956006,45.69251500010228],[13.432633999939453,45.691616999812155],[13.436439000244977,45.68609950002609],[13.442527588696969,45.688908368850235],[13.427989,45.68113799999999]]],[[[13.386313863237843,45.68492749982297],[13.385234500128501,45.684558999598444],[13.385209625311752,45.68472561015138],[13.386313863237843,45.68492749982297]]]]}}]}
