{"type":"FeatureCollection","features":[{"type":"Feature","properties":{"slug":"douro-portugal","name":"Douro","source":"https://doi.org/10.6084/m9.figshare.19312094","sourceIds":["PDO-PT-A1539"],"resolution":"municipality","sourceYear":2022,"labelLonLat":[-7.33085,41.15953],"scope":"Union of the named PDO geographical areas; not planted-vineyard parcels."},"geometry":{"type":"MultiPolygon","coordinates":[[[[-7.757791500352635,41.09243599981267],[-7.75592050037308,41.075589999866594],[-7.749546499666195,41.07221900009173],[-7.75489799948399,41.06845050006146],[-7.760137000102652,41.07054650034871],[-7.768229500407538,41.06415200024678],[-7.77704900035375,41.065250999823284],[-7.789670499791723,41.07958950004386],[-7.803646999863169,41.07970850012987],[-7.8133955005216364,41.073373999906124],[-7.817421499508382,41.077940999820974],[-7.812093500052309,41.08140050021538],[-7.809115999630492,41.08893350023853],[-7.82646349978689,41.090084999641064],[-7.837147000536131,41.084060500152106],[-7.846500999764353,41.09805200040062],[-7.845692499498585,41.10507550028418],[-7.8372119996931024,41.11132000006049],[-7.829924499890034,41.10750699998182],[-7.824284500267682,41.10989900041135],[-7.824518999659914,41.117831000519054],[-7.830511999696107,41.12072149994005],[-7.8283930004575115,41.12858949979808],[-7.843721000221939,41.1286825002216],[-7.853009000133055,41.119748499820474],[-7.850699999463305,41.11111100021727],[-7.860313499916251,41.102734499622585],[-7.875696500040449,41.11571350001139],[-7.888502500437372,41.12094049953588],[-7.9118640005630665,41.11988950023431],[-7.912431499670741,41.13845399962568],[-7.901187000298322,41.14727000010707],[-7.903696999915133,41.15474250044537],[-7.889449500270235,41.16314450023052],[-7.898443000006572,41.16765050030124],[-7.895392000400752,41.16820400020784],[-7.898482000250888,41.17458300037423],[-7.887970499583106,41.1890865004257],[-7.8940899999562095,41.20923849958862],[-7.875579500613824,41.24204800034502],[-7.883575500479619,41.24780299975223],[-7.8945884997609514,41.250423500455916],[-7.8773094997200594,41.26282550032932],[-7.8695800006336025,41.26160100028317],[-7.868484499893657,41.26416100041712],[-7.8624109999770715,41.26310149978958],[-7.856633499701077,41.26620000002345],[-7.843776500660146,41.26226250017342],[-7.840260500021205,41.265558500027495],[-7.828562500212398,41.26573899956377],[-7.817924500500604,41.26216149972274],[-7.8113279997294836,41.25568750034697],[-7.798855500337301,41.26044250028344],[-7.798508999673616,41.25186349999071],[-7.788084500453028,41.24599349945979],[-7.783099499965773,41.24747350044647],[-7.77988999955689,41.25030699969812],[-7.781847999925206,41.257401499765685],[-7.778835500093316,41.26319200028236],[-7.7697895001434585,41.26640599954752],[-7.773511500395626,41.271183000285774],[-7.7833049997789105,41.26667250037175],[-7.78497249991874,41.2700959996065],[-7.7901269999862475,41.27016849967203],[-7.787508000453592,41.28267999995708],[-7.770042500542499,41.286487500152],[-7.7666010003988735,41.290932999583866],[-7.768736499546592,41.293558500230766],[-7.763208499720691,41.29846699961242],[-7.759942999515308,41.29784699997911],[-7.757599499874586,41.303972500421665],[-7.7528349996241674,41.305080500239974],[-7.753372999749465,41.30939350046568],[-7.7423040002316315,41.31811699982072],[-7.718140499941379,41.31275450029013],[-7.704106000577383,41.305466000117676],[-7.69859899980599,41.30821799969136],[-7.69354999933398,41.30461549976706],[-7.697239000019597,41.297469000105934],[-7.7082899995533065,41.296736999709104],[-7.715855500501224,41.29161549987983],[-7.72828349983119,41.29392499960272],[-7.729864999343605,41.2911404996623],[-7.726634000356664,41.290187000356404],[-7.728244999812966,41.284674999721865],[-7.715791000071563,41.279311499711845],[-7.716974000135468,41.27583200014914],[-7.700311499708007,41.26652250006603],[-7.698911000210775,41.25911100037468],[-7.714014499656504,41.254410000313484],[-7.722966000363206,41.242844499926235],[-7.707758999363284,41.233886999719516],[-7.702697500275132,41.237673499893404],[-7.6976169997505695,41.23587349972754],[-7.694755499859502,41.24145449961912],[-7.684297500316865,41.24165149968033],[-7.676871499925311,41.23444250037379],[-7.655944499985983,41.24083600020009],[-7.650693999785445,41.236431000174875],[-7.651584999915338,41.24858800039785],[-7.6407279996820785,41.25366850030011],[-7.637010999945276,41.260218499636316],[-7.653524000105076,41.26510499969758],[-7.638288000354981,41.27381349983632],[-7.638605500495796,41.27663999976179],[-7.632489000079455,41.27752750005049],[-7.630632500102438,41.286006000245735],[-7.616611499705003,41.301709499624025],[-7.604536499987429,41.28887900020982],[-7.581288999659657,41.30533149991105],[-7.5711240004108475,41.307384499743286],[-7.573064999782408,41.310415499785655],[-7.568085999839633,41.31592649974544],[-7.5739319993963745,41.32189599979558],[-7.5703090002677,41.32305050014113],[-7.574803000010888,41.32539149986451],[-7.576589000375238,41.3316629996896],[-7.565509000466328,41.34204600030049],[-7.5470694999168915,41.34232500007561],[-7.533843500524045,41.348166500217076],[-7.526202000581748,41.33574549990059],[-7.521075000026102,41.340467499563665],[-7.500978499937169,41.344651000085456],[-7.511532000115601,41.3280390001766],[-7.521886999487168,41.319583499889035],[-7.518286000449532,41.31600799986939],[-7.522402500674997,41.31224250024554],[-7.506788500325692,41.309671500285695],[-7.504357999532359,41.30258500044793],[-7.489900500163361,41.30157199979546],[-7.473113500007564,41.31033450045419],[-7.458001499831215,41.311204499827824],[-7.452638000348329,41.33097449955505],[-7.469527000201359,41.33720749965439],[-7.473760999531565,41.34933850001574],[-7.458127500441003,41.37126699989828],[-7.4582124999233885,41.38183500008608],[-7.4498584999760755,41.38955150032303],[-7.4515865005074575,41.39387449991273],[-7.4677614999995345,41.4038340003979],[-7.467671000296507,41.40923800023803],[-7.481816000404623,41.41648449972097],[-7.484285499461401,41.42244850015177],[-7.477864999573698,41.42880850048096],[-7.452757000165943,41.43096350026589],[-7.440451499365411,41.426201999671136],[-7.43162249979051,41.41727100043274],[-7.418749000617069,41.4133270000707],[-7.418333999836857,41.42166900020226],[-7.425167500389225,41.43209099960219],[-7.42211749933389,41.44426049967304],[-7.386958999705743,41.45675300003304],[-7.373721499709065,41.45336450006595],[-7.369885499609759,41.44941449961827],[-7.359813500455916,41.42819299957985],[-7.366859999877169,41.41516249971417],[-7.362243999543563,41.40648449994854],[-7.366390500505021,41.40368950031089],[-7.366349499996006,41.397009500460925],[-7.36171699972334,41.39517800003267],[-7.361527999826845,41.38851300047078],[-7.358154000609479,41.38834500003331],[-7.36137400026866,41.38196549965478],[-7.352585499589082,41.37656149982332],[-7.361590500461129,41.364782500314874],[-7.348097999630831,41.351634500114386],[-7.314167499384631,41.341449499807574],[-7.314704500440173,41.33838999959211],[-7.300374499715224,41.33388350019471],[-7.289325000141505,41.34000150038134],[-7.287262499668913,41.34586599988032],[-7.2801199999290365,41.34637600034484],[-7.275293500562198,41.35195100003142],[-7.251429000072969,41.35285299995874],[-7.249972000396742,41.3603779998502],[-7.237964500226282,41.370511000149556],[-7.225666999761488,41.36903149989447],[-7.220955500653318,41.380934500268474],[-7.200126499818575,41.388698999604415],[-7.172037999696088,41.38437299966869],[-7.167008999551261,41.38987299995298],[-7.167966000509266,41.39736900006477],[-7.160905000153912,41.4027905000182],[-7.169486499446904,41.41251649999682],[-7.1641929997856915,41.42904099968184],[-7.153135499695442,41.427844500227366],[-7.139789499905659,41.418463000344],[-7.133191000162196,41.420998499939216],[-7.132288500171976,41.41640899986957],[-7.128990999483493,41.41647399965099],[-7.130698500241142,41.410617000131886],[-7.12577149987052,41.40604399993952],[-7.119907999873439,41.40541300020307],[-7.114907999903639,41.38370849982142],[-7.10195899984151,41.36380950022394],[-7.072223500004203,41.36962850015476],[-7.032637999870492,41.37082650007358],[-7.023379000548299,41.37552750030244],[-7.026453000081052,41.36795600015808],[-7.018567000621941,41.362676000251824],[-7.011692500593521,41.35145999994355],[-7.013868499890496,41.342128500145016],[-7.0244060000736,41.339902999959705],[-7.040901500257535,41.330337499884806],[-7.0695485001881515,41.30911950039547],[-7.053205499976135,41.300843999907705],[-7.047842500402014,41.30232150002858],[-7.021125999713397,41.2736069996345],[-6.986026499944287,41.25442300003602],[-6.975669500406502,41.25269600005653],[-6.983766999611457,41.249032999953144],[-6.983684000350086,41.23928400022842],[-6.994156499941707,41.24248199968681],[-7.007209000187594,41.23867549961829],[-7.00977700064572,41.23072750030844],[-7.027270499403197,41.21435700001237],[-7.05063500044128,41.21725799973872],[-7.0590854995686705,41.20833099980836],[-7.053676500460322,41.200960999817646],[-7.043741999947775,41.196292000279705],[-7.041724499585859,41.19114349962169],[-7.035652999584351,41.18791999987741],[-7.033351999640133,41.190826500317584],[-7.0193109996246905,41.189622500441246],[-7.016928500022823,41.18350299984408],[-7.021135500039213,41.16756700012625],[-7.0361315003535045,41.165595499865184],[-7.039594999483244,41.16264999964009],[-7.036708500212874,41.15818550007057],[-7.051526000391888,41.155155500346105],[-7.050256500041686,41.15220150003196],[-7.015397499515139,41.14257799981578],[-7.032762000440439,41.12103250031925],[-7.026487499785409,41.11154550039906],[-7.017970000318646,41.10988949956676],[-7.0101689994128265,41.11417849975789],[-7.009955500575442,41.107042000287244],[-6.991463500089072,41.102667499591846],[-6.979645500004717,41.11074799977417],[-6.963443000357525,41.10641949986162],[-6.9466835000091685,41.10725599987659],[-6.937715499414036,41.101713999807],[-6.922463500391738,41.10606949990336],[-6.908679499893241,41.10301950027637],[-6.901091500063613,41.10759000000352],[-6.892313500000337,41.10653699959885],[-6.883594500106569,41.11589750007758],[-6.873547499444982,41.11423800004919],[-6.871956999615633,41.12101800002795],[-6.864721499545983,41.127292499807574],[-6.851973000229112,41.12663399974675],[-6.845855000555231,41.13355499986244],[-6.831910000509959,41.13904049978278],[-6.83071150012549,41.142466999794074],[-6.817239500405814,41.1415724997361],[-6.809532999399654,41.14400649971265],[-6.809384499585319,41.15056349970477],[-6.798175500341672,41.15471399991366],[-6.8096570000524785,41.177410999650554],[-6.763710000017326,41.16262850033611],[-6.769033000057018,41.144511999960656],[-6.749213000362399,41.14290250023079],[-6.7674280002520835,41.135253999765325],[-6.77040150034857,41.13081749973392],[-6.770348499711929,41.12448899966856],[-6.754537500385351,41.10473999978424],[-6.754927999541955,41.100929000321415],[-6.770914500595174,41.08613950008197],[-6.773358999516349,41.07475300002023],[-6.77989250019147,41.06753549998593],[-6.809172000445688,41.04396449967229],[-6.808375000144286,41.03652600026714],[-6.836058000041255,41.02829350030567],[-6.865966999891334,41.026889499979845],[-6.915946500485582,41.03890550010724],[-6.930099500116023,41.03012099992844],[-6.931372499986878,41.01775000007209],[-6.924391500172652,41.01152049963535],[-6.921579999548928,41.00338749971376],[-6.908587999794807,40.999000500353596],[-6.903849000012196,40.98941049999674],[-6.892013499437242,40.98154450001877],[-6.887116000417964,40.97182850009202],[-6.870718999641249,40.958812499963685],[-6.890331999541165,40.93105050025119],[-6.924603000401909,40.92330150030058],[-6.945448500201254,40.92500500017972],[-6.945691000104741,40.93209699955844],[-6.953301000119561,40.93408050028945],[-6.959088999571659,40.94361600016993],[-6.968374500286932,40.944612000030595],[-6.97419899951567,40.95343749987311],[-6.983196499454238,40.95927299994109],[-6.983207499514684,40.967914999743265],[-6.991407000131796,40.969405500196984],[-6.996437999836991,40.98333800025427],[-7.045912500423192,40.96749100015909],[-7.059304999889757,40.967267999899505],[-7.081680000432176,40.97342549965592],[-7.102595499843505,40.973053499939915],[-7.106173500339748,40.96338500030799],[-7.11157900054365,40.96263750003015],[-7.131487000298608,40.943696000166284],[-7.135695499490569,40.92315850020676],[-7.141784499528337,40.92298050028989],[-7.145204999954622,40.92796350000344],[-7.159719999805969,40.93232550031703],[-7.1699135002034655,40.931163999761786],[-7.1817085006116494,40.93454900008325],[-7.195864499989754,40.92545999975789],[-7.199026500092775,40.932203499996426],[-7.206130999726353,40.9306139999578],[-7.206975000443731,40.925783000141934],[-7.217513500094921,40.93275649959103],[-7.222588500400051,40.93268299962487],[-7.225982999806251,40.94069849972293],[-7.230195000108236,40.94119699993785],[-7.246101000356176,40.92595049986194],[-7.249086500086601,40.93261799970921],[-7.254675000164831,40.932764000022544],[-7.253158499496207,40.93786549965358],[-7.262005999822243,40.941123000121976],[-7.291645999642159,40.935495999758594],[-7.295645499463947,40.93920150025714],[-7.299519499356877,40.93542749984386],[-7.30598949966952,40.94082450034803],[-7.312098000198135,40.94033749988231],[-7.314493000278935,40.9522985002792],[-7.319741500369902,40.9526314997922],[-7.317806500607182,40.96139049999685],[-7.3107555002690425,40.96550099960948],[-7.312887000052987,40.96962800031754],[-7.301445999976535,40.9820770002393],[-7.3022944999013975,40.99144149980449],[-7.294709999944119,41.00245250033768],[-7.303373000075913,41.00433199962487],[-7.297363500351102,41.00898750026929],[-7.295679499784439,41.01560700017822],[-7.321032500046674,41.01694700027884],[-7.337161999734146,41.027117000406214],[-7.340093000352398,41.0262609994937],[-7.338276499764157,41.03410000010445],[-7.34428000043889,41.03780199954892],[-7.340256500253871,41.04427849949816],[-7.345710999993434,41.046414499561216],[-7.342781000473035,41.05750949982606],[-7.347209500229186,41.05473149971933],[-7.3509159995152595,41.057305500292244],[-7.363091500336353,41.05359099968575],[-7.368604000137187,41.05624700040516],[-7.371269500243209,41.053899499537174],[-7.378736999857375,41.058239499970796],[-7.374032999515627,41.06341250035879],[-7.379387000300353,41.06201550034648],[-7.380204999392135,41.06784699969693],[-7.390444000309805,41.065309999629285],[-7.407876999743171,41.07012950025602],[-7.407227000480977,41.06199149997118],[-7.410163500080894,41.060517500331066],[-7.4383690003677945,41.05977199948639],[-7.446937499490961,41.05091249989623],[-7.45078300023596,41.04042250037674],[-7.484661499795956,41.04170100005166],[-7.496396999855885,41.04718700046353],[-7.500370499820198,41.04385849971456],[-7.504501500427991,41.04607850002627],[-7.503482499395161,41.04069399995514],[-7.513017000559521,41.03306450026141],[-7.507064000093393,41.032052999670874],[-7.508901000025131,41.02659250004655],[-7.513701499671214,41.021505000131576],[-7.520641500180983,41.02047949955214],[-7.530986500545209,41.005701500110646],[-7.5652510000595035,41.028577500158626],[-7.556174499827849,41.047375000187],[-7.545989500389552,41.09580100024298],[-7.559447000240998,41.100446500351865],[-7.59078349978906,41.104531500122114],[-7.598597500523584,41.10091649995082],[-7.595246500605232,41.10888900028017],[-7.620744000373167,41.11574000025056],[-7.620829500288609,41.10272000009568],[-7.627046000106192,41.10291150028323],[-7.627180999647152,41.10596550025999],[-7.645548999605082,41.10232350022248],[-7.654361499724421,41.10648500033026],[-7.665881500199253,41.10548199957978],[-7.670502499846008,41.09954950044768],[-7.667222500183189,41.0869384995591],[-7.67598049938256,41.08483849995665],[-7.689272499628459,41.08734000036746],[-7.697139499581572,41.083531500344414],[-7.69501900042793,41.096077499846196],[-7.700703500241536,41.097577499840675],[-7.720055000024957,41.0940204995828],[-7.7214859999850285,41.08904200041406],[-7.726578500298991,41.099762000399075],[-7.7262734996822395,41.109796000120426],[-7.738198500051024,41.101670500028014],[-7.744289000271251,41.10529550020697],[-7.7474685002766055,41.09814849955347],[-7.757791500352635,41.09243599981267]],[[-7.308094999681856,41.305471999782704],[-7.318494000388985,41.29429450007775],[-7.3177465000739375,41.29049099953712],[-7.3320825003022705,41.284682000259586],[-7.344429499826712,41.26970349958093],[-7.344508999457828,41.25207499999437],[-7.332404499490314,41.24373949998133],[-7.339455499846564,41.231115999606544],[-7.3373344996232674,41.222867499886306],[-7.340459500176057,41.21356049964538],[-7.336987500269234,41.183698500116066],[-7.332165499580873,41.1759155004152],[-7.327919000011129,41.17565200032258],[-7.319495499484334,41.19130850017396],[-7.2992890002130775,41.214191000368395],[-7.299121999472016,41.22528099996627],[-7.305513499860065,41.225908000360505],[-7.316837999631575,41.23308249989858],[-7.315378000556799,41.23758750010737],[-7.320323500286404,41.24006999986403],[-7.300102500382046,41.26843150010945],[-7.296899500426319,41.265978000095],[-7.287085000399891,41.26676949994593],[-7.279600999798105,41.26118000002969],[-7.281898000074685,41.25850549958008],[-7.286628000448229,41.260489999808414],[-7.286511999763206,41.254258499848696],[-7.292589000405735,41.25038749993812],[-7.291161000333475,41.24569699959896],[-7.294498000339152,41.24325550034162],[-7.289873999525389,41.2406779999496],[-7.294055500460069,41.23601049998876],[-7.281949999512193,41.23362049986581],[-7.282625500331729,41.2266284998403],[-7.264504499742717,41.20961200040037],[-7.251668000044659,41.21122550007021],[-7.242311500424962,41.204959000138366],[-7.240097499916184,41.21541349967421],[-7.231375499814157,41.224494000189544],[-7.230933500216213,41.23014150017896],[-7.218371500112339,41.22816649958644],[-7.200862500166273,41.234509000195466],[-7.194883000054179,41.231808500107526],[-7.201947000088598,41.20821749982603],[-7.179726499769054,41.20021950012901],[-7.169574000351867,41.200438000212856],[-7.16287449972465,41.20462750037944],[-7.149151999890607,41.22074949956424],[-7.146235500399343,41.232292500249024],[-7.158025499486082,41.24216599990193],[-7.157566500166579,41.25096100009145],[-7.164727999964585,41.25540999982548],[-7.170056999497186,41.251238500047315],[-7.174804499468883,41.253720500009884],[-7.175437999577255,41.24869399966388],[-7.195271000099623,41.25478799954523],[-7.192887000139213,41.2584165000337],[-7.197300500216754,41.257490500201946],[-7.196242499991366,41.260916999964245],[-7.198844000261001,41.26043249981065],[-7.194456500102688,41.26447299966746],[-7.194947000413116,41.273301999912064],[-7.191738999656124,41.27216950050839],[-7.179792000455165,41.286371499521756],[-7.174280000424589,41.30987049985793],[-7.165195499999693,41.32819450020774],[-7.179646499943913,41.32956799981591],[-7.208193000004723,41.31906499976425],[-7.213686000270537,41.30756900026703],[-7.213034500526375,41.29467599974577],[-7.2582819996259085,41.290944000026784],[-7.271400999494085,41.29549750021555],[-7.285313000128536,41.29076800043415],[-7.2981749998329315,41.29841850014583],[-7.292282999804542,41.30578399987626],[-7.308094999681856,41.305471999782704]]],[[[-7.067900000465107,41.50752050012683],[-7.114199000422462,41.515883500092194],[-7.111265000414,41.51239850006563],[-7.112528499733011,41.50353949969564],[-7.135225499997005,41.49834150030796],[-7.134754999567621,41.50114100024848],[-7.142942999705839,41.50261350022268],[-7.144618500087674,41.50605849956314],[-7.167605000439959,41.50268550034152],[-7.172937000486496,41.506196000147995],[-7.181527499606088,41.4963375000689],[-7.19749149996546,41.508640999913545],[-7.19040699971762,41.51942750034476],[-7.19211900020959,41.52355149989991],[-7.1824375004683185,41.536911500164926],[-7.174423500627843,41.53838450025551],[-7.172486499927873,41.5413435002999],[-7.150378000017733,41.52908550003867],[-7.139015500212935,41.52829000017999],[-7.12182499995991,41.5422944998168],[-7.107122999936334,41.54709099957821],[-7.103952999651723,41.556849000113175],[-7.081707500573826,41.55637100026242],[-7.066364999703843,41.54981100045262],[-7.062525999545727,41.55128450008462],[-7.063005500295622,41.55504199954808],[-7.044618000359714,41.55287550015472],[-7.042082499689825,41.55524850004119],[-7.045765000223421,41.54844000022732],[-7.039250500132114,41.54249050009253],[-7.039110500489424,41.5378440002121],[-7.067900000465107,41.50752050012683]]]]}},{"type":"Feature","properties":{"slug":"alentejo","name":"Alentejo","source":"https://doi.org/10.6084/m9.figshare.19312094","sourceIds":["PDO-PT-A1542"],"resolution":"municipality","sourceYear":2022,"labelLonLat":[-7.51587,39.26753],"scope":"Union of the named PDO geographical areas; not planted-vineyard parcels."},"geometry":{"type":"MultiPolygon","coordinates":[[[[-7.53625549947685,39.15757899976613],[-7.553373499772786,39.166874500345834],[-7.559369500244861,39.167030499513],[-7.564167999712482,39.15923149991553],[-7.569706000129779,39.161797000400746],[-7.5921544999741695,39.14895599961663],[-7.616223499664168,39.14609749979075],[-7.624621500532167,39.15039350029682],[-7.638978000386032,39.142286499798416],[-7.647225499512922,39.14667600032128],[-7.648514500559416,39.14119550013094],[-7.653926499899091,39.13775400013044],[-7.657901000463935,39.13903150019824],[-7.655200000178195,39.13388049987131],[-7.6619384995135515,39.12488100004977],[-7.665634500026448,39.128132999963185],[-7.666603000440362,39.11778200033796],[-7.670769499923375,39.11592249955765],[-7.676095500117853,39.12078349975794],[-7.690981999985506,39.12514200022472],[-7.695828999737695,39.130571500242766],[-7.689051500451127,39.15068200007333],[-7.6823690002104685,39.14771699997162],[-7.661505000530547,39.16166600008492],[-7.6615509997033655,39.16509649966959],[-7.666800499527665,39.164052999630265],[-7.672320000514034,39.170651000038816],[-7.679668000394063,39.17265950000655],[-7.670315499789027,39.18501700047151],[-7.675723499542528,39.187746500085204],[-7.677745000099994,39.184962499927714],[-7.683902999851994,39.19026650031181],[-7.677442999989153,39.19668950026122],[-7.716535500158371,39.19912949955935],[-7.710169999648024,39.205386500344744],[-7.711866000001538,39.209292000310775],[-7.713978000499436,39.207541500296706],[-7.719963999734439,39.211307000042254],[-7.717234999934697,39.21387749957376],[-7.724638500303238,39.210491999963466],[-7.737256000414232,39.21402099992705],[-7.743945999848004,39.2185090000179],[-7.7660569994059,39.22425449969009],[-7.774734999868926,39.23061549981965],[-7.747502499820665,39.24304299960224],[-7.733873499493579,39.25340600024467],[-7.722238500429344,39.254935499947585],[-7.713623000181526,39.26556050028492],[-7.698813500470744,39.26395249999282],[-7.689333000278629,39.2728844997584],[-7.690273500109373,39.28887849988225],[-7.679484000163318,39.31282250042064],[-7.6873680002791005,39.317806000300685],[-7.682086999621882,39.328787499637656],[-7.69501199991632,39.338332499937934],[-7.687287499898041,39.34531250008691],[-7.6954554999594205,39.34930700011935],[-7.691840500084963,39.35896600011024],[-7.678662500177814,39.359557500268565],[-7.66335250048705,39.36745450009818],[-7.659834500224439,39.374294500000936],[-7.651797500406937,39.37855599981456],[-7.646357500351142,39.37445249990362],[-7.635119999723325,39.372849000063916],[-7.629395000447733,39.39060849984283],[-7.636786000508782,39.39409099981756],[-7.64979950035257,39.41527400012709],[-7.651744499755214,39.42484899988861],[-7.649150500405613,39.431636499474465],[-7.658933000187354,39.43752650030118],[-7.654878000176098,39.442385499779995],[-7.608777999815307,39.45165600017626],[-7.598169499364094,39.44919849969621],[-7.593849500471895,39.45478249977595],[-7.587662500004794,39.451860499988314],[-7.576890999794305,39.457866000021404],[-7.580876999871536,39.46412050021538],[-7.574007500407049,39.46446100027594],[-7.56673099969984,39.47057400031166],[-7.571523999705773,39.49483800004667],[-7.5591899997107435,39.49024399992541],[-7.551936999729875,39.495614000468976],[-7.521056000136415,39.50232900041526],[-7.519683499994094,39.49890249959239],[-7.496102000260741,39.49370199967045],[-7.488957500631248,39.50270800028383],[-7.48665100040906,39.51353750009197],[-7.468682499937526,39.51330150000052],[-7.471326000079558,39.50543949985206],[-7.452916999432993,39.489331000028244],[-7.440033499452104,39.504766499903674],[-7.43725449984094,39.50255549977366],[-7.433909499995959,39.505307999541],[-7.428495500199913,39.49996199998839],[-7.428328500154977,39.506300999807394],[-7.423122000304349,39.50521699954309],[-7.42183700038758,39.50102150004649],[-7.403430500107101,39.498495499870714],[-7.3934389994634575,39.49925449975845],[-7.389259499629769,39.503257499658126],[-7.3866480002130235,39.498661000368465],[-7.378390500274044,39.49692200015943],[-7.37981449982649,39.49315650004407],[-7.385767000257118,39.49493500001388],[-7.396391999911362,39.4852614998303],[-7.406820999934014,39.48926450023812],[-7.409824499639269,39.486931500330925],[-7.406108999617288,39.472478000161296],[-7.407974000196049,39.45955249977296],[-7.40365649975619,39.44927949982477],[-7.407867499552097,39.44423349968085],[-7.414361000456149,39.44310899964369],[-7.412801500433151,39.43217700008152],[-7.405629500073761,39.43215999953034],[-7.406028999974622,39.42503750009216],[-7.393236500116741,39.42647449990409],[-7.393673999952506,39.41708799996216],[-7.385058500375454,39.41641050036982],[-7.371981000209463,39.43281249979538],[-7.352435500470822,39.42570100033051],[-7.341999999992116,39.4454715002302],[-7.335317999931406,39.44571000024813],[-7.334108000164292,39.45122399961976],[-7.321636499727365,39.45642250031661],[-7.309563499447515,39.456080499809666],[-7.305218999671308,39.46392250023461],[-7.2965660000198485,39.45896499985401],[-7.294675999905506,39.45599350040919],[-7.305643500380886,39.445861999701584],[-7.308994500290911,39.43164050034816],[-7.302357000203418,39.42228699995469],[-7.30233199981034,39.413390999836075],[-7.307460999940021,39.401493000224114],[-7.309898999650476,39.398666499964534],[-7.312770999538232,39.39969249968361],[-7.313904499545138,39.39361550027894],[-7.323552500182887,39.38200349972904],[-7.312338499770016,39.370830500249824],[-7.3064719999878776,39.35601799983742],[-7.3106080004889575,39.341022500343946],[-7.304305000043887,39.33356500001883],[-7.29294400035578,39.329105500268284],[-7.269057000120607,39.30949750035046],[-7.270811999563707,39.306125500332634],[-7.267456499730443,39.301479500387444],[-7.23146700044757,39.278431000238626],[-7.247949499707963,39.253597500200804],[-7.2417559998020895,39.24136700043265],[-7.245255499939565,39.225864999550836],[-7.240215500094488,39.2188909997494],[-7.24142549975589,39.20861400045311],[-7.231181000314179,39.20341099967543],[-7.220811000112447,39.192630500133575],[-7.208183499948218,39.1873895003228],[-7.195380499554563,39.18749999969449],[-7.181804000035234,39.18164849971321],[-7.1643084999992075,39.18048100034632],[-7.149428000435849,39.17263800021988],[-7.134658499701859,39.17116549978085],[-7.133316499677333,39.16049599999753],[-7.140386999674254,39.15049750042636],[-7.136176499749521,39.14515299991309],[-7.1415969994013055,39.139568499742865],[-7.143600000252817,39.127788499857985],[-7.149589499469211,39.122474499931705],[-7.148076499804286,39.1190870001194],[-7.156559500458611,39.12397049988921],[-7.165633000211375,39.123999499833175],[-7.171282999542828,39.128718500040314],[-7.179579499505632,39.125336499969244],[-7.2016209995363765,39.1287130001793],[-7.212535500193395,39.13899799999792],[-7.224409999824662,39.142621000335446],[-7.222799500364948,39.14464599997768],[-7.234687000113361,39.14533450002498],[-7.231571999853661,39.14695599999953],[-7.242247000322538,39.150268000023694],[-7.249458500421495,39.14238799980016],[-7.251912500219961,39.13383800016547],[-7.2563175001246,39.13552149964312],[-7.269625000255504,39.12967549975158],[-7.277252999534749,39.13231450030615],[-7.280004000202245,39.141591499720015],[-7.288405499746528,39.14745749992092],[-7.290795500458617,39.15584899995503],[-7.306367999998449,39.15090750042434],[-7.310725500275106,39.146479500183446],[-7.318893000314541,39.1458645003219],[-7.317687000073082,39.138363499765944],[-7.321043499610053,39.138494999908666],[-7.334685500384345,39.14403849951225],[-7.335116499666337,39.14675000025917],[-7.350832500577053,39.14630700029703],[-7.353876999959987,39.149792999877164],[-7.351900499559294,39.15304299971926],[-7.356068000275208,39.15549999979888],[-7.354981499729725,39.16486750036677],[-7.363561500133631,39.166205499522924],[-7.373794000047534,39.16058350013561],[-7.37816949997651,39.16147949990892],[-7.390067999656123,39.14624150031234],[-7.364885499479162,39.13065599982883],[-7.353155500397817,39.1190469996612],[-7.365111499789088,39.1101810000678],[-7.36272750044249,39.107175999476375],[-7.371595499903533,39.092435999612896],[-7.384022000301301,39.10039449998578],[-7.383228499573878,39.1044274999678],[-7.378726499411063,39.10439049981952],[-7.382502500225845,39.11154649961089],[-7.393388999705061,39.1050065004943],[-7.397184499757885,39.10637299981163],[-7.407421000022822,39.102657500441865],[-7.423065500168835,39.11787100028446],[-7.432020499959136,39.11034950011337],[-7.439658500128356,39.11416400007317],[-7.436385499768705,39.116060000050496],[-7.440093999887369,39.118467000086106],[-7.441995000376168,39.11698299972978],[-7.450935000228469,39.12236949987427],[-7.459180499622814,39.11059300037494],[-7.449487999626661,39.100096999969615],[-7.482174500326403,39.06936849954263],[-7.475257000515764,39.061417999976996],[-7.469348000258541,39.05966599961951],[-7.471285000406986,39.05247349963301],[-7.467015499827681,39.04732249969547],[-7.467003500544874,39.03787600004441],[-7.4719735005036245,39.035475500124946],[-7.4770209995595875,39.03723950037146],[-7.481657999907702,39.034506999593646],[-7.4973089999250835,39.034650000088625],[-7.506197500094476,39.038904999557936],[-7.51321100013251,39.036980500311714],[-7.512051499532312,39.043613499922515],[-7.531756999547574,39.06405049988315],[-7.53493500045699,39.07072849996834],[-7.52897300027046,39.075159999513495],[-7.536652000271807,39.0864965001742],[-7.532486500462928,39.09037650026322],[-7.548131000417929,39.10744649987846],[-7.558432000502118,39.12751250008889],[-7.555193999472626,39.12895899997024],[-7.557152500402871,39.13556299955026],[-7.568109000284585,39.143114500340744],[-7.53625549947685,39.15757899976613]]],[[[-7.428058500211203,37.74112699976275],[-7.447536499945464,37.74120450004665],[-7.457404000413117,37.75123049960071],[-7.477333500115621,37.756062500069284],[-7.480803000070886,37.75993549962858],[-7.484815999562984,37.75854800014734],[-7.492288999593063,37.771198000017804],[-7.504929999782958,37.768456000081045],[-7.512598499762565,37.77201000039056],[-7.515858500586335,37.77005900029166],[-7.519767500369057,37.775533500364105],[-7.527683000240948,37.77421500020418],[-7.528232500317677,37.76869500007885],[-7.535458499803617,37.76226750024151],[-7.54805699966006,37.76358849961453],[-7.549562499845981,37.76742099962601],[-7.560244500230525,37.76810499960978],[-7.563584000213279,37.772003000166464],[-7.5782230004526285,37.774889499802605],[-7.587119500198887,37.771087500061064],[-7.588101000430673,37.76622049980314],[-7.595415999628155,37.765228499947895],[-7.600685000111874,37.75884449990565],[-7.605581999651126,37.759368000360055],[-7.616535000248993,37.752353499885814],[-7.621798999803193,37.75506399992573],[-7.6354474996466895,37.74629200021132],[-7.639435999576544,37.74596949982838],[-7.649332000370409,37.75480100009008],[-7.64335499956573,37.76960550045721],[-7.641345000407855,37.792168499765985],[-7.633585499684412,37.80256950047752],[-7.632922000247873,37.81025850037328],[-7.6460859999338,37.82133049984353],[-7.6475205001389215,37.854220499896236],[-7.655401999690213,37.89345150000636],[-7.639964999906471,37.90458349968717],[-7.649652999626636,37.9141219996084],[-7.676107999897897,37.929859500355406],[-7.682328000201572,37.940309999716675],[-7.67140350036101,37.95442600021026],[-7.662370500439364,37.97779499980408],[-7.652644000231592,37.98179550018862],[-7.641995500360869,37.992670499944566],[-7.643954499694836,38.033328500230276],[-7.652410500097222,38.053971499894196],[-7.648881999567044,38.05750200018821],[-7.637300500455653,38.05713850017885],[-7.632659500437172,38.0616810002695],[-7.642612999733611,38.076663500477565],[-7.658905500137117,38.08737749973408],[-7.667192499986366,38.08818150010887],[-7.669517999813678,38.093516000214805],[-7.673799000274572,38.09290550027145],[-7.679359500513062,38.09978900035099],[-7.69162199983413,38.10261150021211],[-7.695234999916775,38.108520000214156],[-7.701362000003359,38.10831349996265],[-7.711809000080304,38.11923999982023],[-7.725690499729761,38.1180055002647],[-7.72759500008489,38.12056599976061],[-7.7408630003272885,38.11566050012677],[-7.7441815001754,38.11683600004861],[-7.753640000266483,38.11119499949895],[-7.752728500291415,38.106438000034316],[-7.749667499503336,38.10883650012989],[-7.747778499841883,38.09668850049068],[-7.756568500476783,38.088122499803085],[-7.769195500285873,38.08500800028449],[-7.771901999499966,38.09677099985259],[-7.79591100045152,38.09174799974558],[-7.791349499678649,38.086290499968044],[-7.773924999809135,38.083939999812806],[-7.77435549959233,38.07963100019781],[-7.780578500164843,38.066532500385705],[-7.785538999530004,38.06407049997104],[-7.80301699945016,38.06740049998208],[-7.807743000218425,38.07340599982321],[-7.802230000264188,38.076947999713816],[-7.811839999827023,38.08787150017849],[-7.805151999556672,38.0939490002089],[-7.822568499558589,38.100335500073115],[-7.821164000367471,38.10414649952374],[-7.80679750010107,38.10451699975787],[-7.803503999787348,38.10866100046298],[-7.821901999865457,38.12442949997669],[-7.817941500009622,38.133666500261626],[-7.824896499539805,38.13729599998916],[-7.818634000062518,38.155468500355184],[-7.819618999933335,38.15797900026429],[-7.838169500407361,38.16258649949384],[-7.839104500049078,38.14687399961636],[-7.849952999866205,38.15121299974992],[-7.8581434997707005,38.149849000012914],[-7.863791999817563,38.134198999859706],[-7.8749169996341575,38.133714999920386],[-7.883733999692111,38.12468249980741],[-7.899025499647081,38.134335999716924],[-7.913248999899968,38.12478049990567],[-7.937472999773378,38.118708499827],[-7.938880999986324,38.113489000331455],[-7.945375999685105,38.11010649984594],[-7.954077999670617,38.11264700012793],[-7.962384499872998,38.10582749964638],[-7.981375500477247,38.11598199965752],[-7.99964449957364,38.12099200014167],[-8.002820499984594,38.12536399982849],[-8.002991000051269,38.141074999836114],[-7.9770614996879825,38.156601000094675],[-7.996323499793205,38.17137500017103],[-8.004256499705724,38.16491550003078],[-8.009751499724144,38.171691500400804],[-8.018224500097842,38.17124449957297],[-8.023832000001926,38.161671000448344],[-8.052481499583722,38.16035700042574],[-8.070337000259821,38.153609500313074],[-8.096535500233841,38.150559499792536],[-8.101756000104638,38.15678599984291],[-8.105595000452105,38.17796949969395],[-8.114782500344898,38.18727999986735],[-8.109936000083481,38.189867500307656],[-8.116325499853623,38.20881600046728],[-8.113668500210439,38.20989200001693],[-8.120883999662755,38.2130825004098],[-8.120990500352748,38.223133500291375],[-8.129861500211238,38.223986999978074],[-8.129696500283321,38.26630000038695],[-8.136627499979904,38.27443549964178],[-8.143087499558872,38.2978385002178],[-8.164357499852775,38.319322999919144],[-8.159541000018091,38.32095150025913],[-8.162024000173652,38.32698200016536],[-8.151922999630072,38.329283499905735],[-8.142179000412604,38.31502850003643],[-8.130954500026892,38.31291400006517],[-8.105360499921604,38.32037000046668],[-8.077482499641325,38.3223050001077],[-8.071973000322393,38.318370999844376],[-8.06719949985633,38.319324999881296],[-8.055076999657212,38.32832950011127],[-8.051748999897276,38.32528649960851],[-8.043644499973265,38.32607950027536],[-8.020485000224483,38.30096700009446],[-8.01029100032299,38.302796999848056],[-8.009684499948744,38.29952499991023],[-7.995680999992675,38.30249200019392],[-7.993979500080877,38.30826300000767],[-7.981415499719167,38.31817750015014],[-7.95657700031709,38.30708250037205],[-7.943195499703912,38.305229499799275],[-7.929594999487323,38.295498000057776],[-7.908017000392155,38.28699599974526],[-7.911348999610391,38.284443000223675],[-7.907058000431456,38.27940999954898],[-7.900254999454735,38.28472449991082],[-7.875517999711614,38.271328499981564],[-7.868499499384178,38.26399099981069],[-7.863703999949323,38.26571650045699],[-7.8579665001191366,38.26348300005145],[-7.839079999761584,38.25157950019491],[-7.825217499390265,38.25440549975858],[-7.817789500289327,38.244618999758856],[-7.813973499536907,38.24478849965015],[-7.804421499446099,38.2458989998412],[-7.802209999674246,38.249716499705265],[-7.797065999508081,38.24945700005161],[-7.790560500050959,38.254815500327204],[-7.780331999963538,38.24857300038341],[-7.758963999539942,38.24654649974996],[-7.734111499933611,38.23338249980989],[-7.733400000009377,38.229843999867725],[-7.7130435001502695,38.21498050013413],[-7.693606999997644,38.21139100044173],[-7.6696179996741956,38.20022300015457],[-7.644670999950116,38.204953000401375],[-7.635009499946481,38.20952500039267],[-7.620083000231034,38.22701800032915],[-7.613568000636548,38.22642100025278],[-7.612366999982508,38.23138849972447],[-7.617810999716617,38.23325299998073],[-7.6091340006097035,38.24362250012823],[-7.614298500478363,38.24808600018793],[-7.613935999630956,38.25505100025036],[-7.6335965000982355,38.25744049981113],[-7.626909499687308,38.26625650051468],[-7.626575499858323,38.274605000433205],[-7.638140999883942,38.28224400042135],[-7.62771950039189,38.282186499679185],[-7.620569499560334,38.293274999956786],[-7.615412499411471,38.295064499684344],[-7.6127419995815515,38.3023384998569],[-7.6230860000717975,38.310342500293395],[-7.629916999492581,38.32092449979347],[-7.634319000115077,38.31986650042192],[-7.634641999633553,38.324000499874224],[-7.645245000254338,38.32339650011768],[-7.642791499632501,38.32712599996922],[-7.6492280005666,38.33124450032034],[-7.664751499469203,38.35731700001251],[-7.668517000094574,38.35973000020547],[-7.671791000070475,38.353429999930256],[-7.6775864995675205,38.350756500428226],[-7.705719000375011,38.35776450035059],[-7.722642499570267,38.348533999814315],[-7.734321000400384,38.35908950027253],[-7.748547000522634,38.35104950018997],[-7.763483499864767,38.353208500082324],[-7.773381500288058,38.33636350013591],[-7.77930000023241,38.33501250018806],[-7.784383500493654,38.32621550015149],[-7.798924500465719,38.33775050021623],[-7.80092199997545,38.33319649965913],[-7.812152000334668,38.341085000198284],[-7.809963500113102,38.3560180004137],[-7.815836000301898,38.36018499989567],[-7.826233999605969,38.359621999824824],[-7.8326140005437255,38.35392849992803],[-7.834935500388798,38.34253750037522],[-7.843330999468657,38.34097949977869],[-7.85731200017078,38.34826699985807],[-7.855001500591277,38.35834600007908],[-7.859067999781309,38.363421499937324],[-7.86943249957809,38.36693150036303],[-7.88011700038214,38.360105500256786],[-7.889861499876648,38.37266900032549],[-7.906896000551123,38.368072000267205],[-7.909282499833138,38.360602499778466],[-7.939246000226503,38.35421699952322],[-7.940918499517119,38.35117450025908],[-7.946919500277616,38.356579499612145],[-7.939255500241273,38.35940449993073],[-7.939427499626761,38.373475000473384],[-7.9318874996035085,38.37369350051889],[-7.918602500289921,38.38454849958169],[-7.9332994998558775,38.391578999569106],[-7.927659499666022,38.40687650011954],[-7.939556000532416,38.41181900023861],[-7.949786499667526,38.41239900006371],[-7.971941499747767,38.40910600020567],[-7.985056000006657,38.401099000248415],[-7.996184500314865,38.40412600012467],[-8.002667499541817,38.40182849964777],[-8.02547350017711,38.386683500006605],[-8.044598000294304,38.38065500011542],[-8.055983000091056,38.36780849975534],[-8.064401500309442,38.36607000012203],[-8.058363499530014,38.38529549968088],[-8.061337500133853,38.394294499726854],[-8.09319499960295,38.39476199970208],[-8.097065499920582,38.40834250040453],[-8.106141500067325,38.42048550011009],[-8.096642999960752,38.42234899982222],[-8.099046000317573,38.44214399986105],[-8.11138500000553,38.440271500109276],[-8.113103999718508,38.458057500170646],[-8.118645499996958,38.45932600008587],[-8.122180999416372,38.474275499813515],[-8.131967999631218,38.47376050042799],[-8.13590950008037,38.48174299991014],[-8.153995500338155,38.46819450002081],[-8.17592699979987,38.46355699998803],[-8.178484999957396,38.46616749999101],[-8.169493999472571,38.47750349964361],[-8.170425500481398,38.48146200013416],[-8.227002999612855,38.47333299972328],[-8.230259000211579,38.49202850025769],[-8.227256999710523,38.50543850044544],[-8.237083999904861,38.50491700000598],[-8.230918000506257,38.51580599994749],[-8.231608999389906,38.522436999719766],[-8.236352000451706,38.52394349954144],[-8.230371500345804,38.5307995002511],[-8.234767500176526,38.53869649960052],[-8.238992999927094,38.54051099962634],[-8.243341500044943,38.53323200009614],[-8.254881000181918,38.5308780001194],[-8.263792999382801,38.52224299985873],[-8.257409999873373,38.53456750017688],[-8.257694500226656,38.54219550020954],[-8.250671500138399,38.54367049971373],[-8.251238500075678,38.54664200008636],[-8.24410849969939,38.550673499780004],[-8.233031000180231,38.54852150034734],[-8.23140550042718,38.550604999730595],[-8.245623499605015,38.55802049984385],[-8.243685499616161,38.56511550034461],[-8.249022999720303,38.568931500012624],[-8.241753999758481,38.56651999968633],[-8.23588199969944,38.56812249992481],[-8.234121499736546,38.57819199968978],[-8.250429999852402,38.58324100028557],[-8.261350000499364,38.590915500067986],[-8.245480499459918,38.607750999672085],[-8.25365550000725,38.61161399997043],[-8.284133499765504,38.61334250044141],[-8.292608500444837,38.60297600024544],[-8.304453000421782,38.60042500013396],[-8.314001499612239,38.592494500172585],[-8.31871599978534,38.59489349975238],[-8.336530000239854,38.59116799978492],[-8.345054000015669,38.581104500171335],[-8.342015000334278,38.57954200019251],[-8.345058000313546,38.56959349981632],[-8.341367999554665,38.562948999699465],[-8.352332500233121,38.556801000200146],[-8.362980500532133,38.55637799982909],[-8.368701500431909,38.55288499977839],[-8.367302500037503,38.557485000068084],[-8.374650499917621,38.558174999695765],[-8.372897000272728,38.56455449977571],[-8.393519000181298,38.61191649971405],[-8.392628999631828,38.61932999995858],[-8.402565999629093,38.6311464998605],[-8.41049999972261,38.632652000158636],[-8.405918000070812,38.63234100029812],[-8.39806699954056,38.637540999898114],[-8.39834799954461,38.64556399987625],[-8.391630499589041,38.6555020005052],[-8.380254500480651,38.650069999848995],[-8.383325999864878,38.672736000059714],[-8.378239500289997,38.68278000005106],[-8.382116000059096,38.68989849971065],[-8.380824000536753,38.69717200029755],[-8.386843999740037,38.705222500485924],[-8.378355499418996,38.70251799995482],[-8.351483500449296,38.68158050023251],[-8.340314999824255,38.68428099985568],[-8.317724000473955,38.67813700016895],[-8.30484850019966,38.678063999503635],[-8.30286449976554,38.680898500057424],[-8.29990499991391,38.678980499779605],[-8.282082999702702,38.692472000150865],[-8.287237999870703,38.6977065003976],[-8.28688249965884,38.70583150001662],[-8.276805000096308,38.70054999963431],[-8.275466000621655,38.70808600024151],[-8.267753500048768,38.71723099990003],[-8.264305499724257,38.71450200023856],[-8.25421250010729,38.733179999824856],[-8.253106500486263,38.74415249983131],[-8.246039000124378,38.739267999682916],[-8.237636000332099,38.74037799972896],[-8.22443600041016,38.75322799951948],[-8.22286950065009,38.765988500277544],[-8.21152100036311,38.780759500327314],[-8.205076999783607,38.77820649991539],[-8.192223499361473,38.77993699982333],[-8.178293000235232,38.78672299985971],[-8.172922499746138,38.78097399998306],[-8.152626000288546,38.77343050034412],[-8.153465999427226,38.770175499819146],[-8.146422999648962,38.76747550025595],[-8.144475999937333,38.75213299989147],[-8.10041650037118,38.72171399993928],[-8.103014999541358,38.719159500383874],[-8.100934500448346,38.710643499861185],[-8.09224250043669,38.70265899985995],[-8.076497999371735,38.708326999726644],[-8.07584649984183,38.705742999877266],[-8.080397499668477,38.704882000290745],[-8.071965499901744,38.697774499824554],[-8.08866650026601,38.695508000114295],[-8.085355499457437,38.69161449977966],[-8.07250950029253,38.69251549968904],[-8.052543999895754,38.68371249986127],[-8.045941000322083,38.68879399990709],[-8.03913249986299,38.68505299998498],[-8.038030999955172,38.689812000116405],[-8.027292000469522,38.686683500200466],[-8.019065000385567,38.68238100034068],[-8.01983849941417,38.67515099991253],[-8.015077999925879,38.670785500459544],[-8.011848500315752,38.67382200024933],[-8.015600499576195,38.680764000313786],[-8.009592499368965,38.68252149973518],[-8.011834499725053,38.68884849973058],[-8.004757000130125,38.6920069997343],[-7.99791949994085,38.68333000046353],[-7.987626999653257,38.68669050005099],[-7.977119999684318,38.6862284996217],[-7.9685194995897275,38.70012099983166],[-7.959050499697944,38.69896350028391],[-7.947170499489624,38.68763250027253],[-7.938883500133383,38.69200499957201],[-7.942264000116382,38.701441500403256],[-7.950341500130344,38.70872449968263],[-7.94309000036435,38.714220499636],[-7.936358499561141,38.729301000299586],[-7.927992499864422,38.73746149985701],[-7.915458999435869,38.7345844998479],[-7.911833999925994,38.74201000022983],[-7.913648999481987,38.75066600014396],[-7.904917500181687,38.75600449957962],[-7.897771500381408,38.757233999696],[-7.896818999581962,38.74519049994058],[-7.8914989999229155,38.7425694999537],[-7.89538950040743,38.73270099954085],[-7.886505000471633,38.72486899960778],[-7.880385500157564,38.73305100029868],[-7.8669259994651135,38.7396559999319],[-7.851846999687654,38.73291249994715],[-7.83234799975278,38.73580600048575],[-7.826534000216337,38.731014499567216],[-7.82385699997034,38.73457649972892],[-7.816445499776829,38.731047499802315],[-7.802407500449835,38.73625099989824],[-7.797324000344712,38.745370000277006],[-7.8009384994416555,38.75236699978706],[-7.799424499514242,38.75780600002828],[-7.808755000064966,38.75121199989595],[-7.803150999481236,38.757809000199195],[-7.803875500421284,38.7616060003471],[-7.795145999381838,38.7699809998312],[-7.796571000264893,38.77583100036224],[-7.800849500232464,38.77446850009328],[-7.806362500474099,38.78267500020913],[-7.813662999677347,38.78659249988422],[-7.815768999499796,38.784666000275756],[-7.833200500082345,38.796088000203994],[-7.843692000519251,38.79565900011473],[-7.854578500551009,38.799200000167566],[-7.856784000191987,38.78421349989803],[-7.862161500426162,38.77735849998393],[-7.864251499698945,38.77869850003787],[-7.869638499781048,38.77536800030403],[-7.871545999889757,38.77929399981286],[-7.867529000346963,38.79040149985403],[-7.877411499640544,38.79455700021943],[-7.882188500225441,38.79078049988934],[-7.889159000140125,38.79581249983608],[-7.8853790001992445,38.800032999920596],[-7.89318300003846,38.80376050002615],[-7.888575499577181,38.81570899995305],[-7.912828499516591,38.819630500025895],[-7.911809499960585,38.828823000203165],[-7.915081499559201,38.83012299977835],[-7.915763499617779,38.83845050028302],[-7.927283999423374,38.846049499908695],[-7.93311749983706,38.843903000305716],[-7.933259000385944,38.837273499837394],[-7.941910000102028,38.835833499833655],[-7.938986499916025,38.83188949981727],[-7.94669650011582,38.829066500107835],[-7.955203499846356,38.8318280004004],[-7.947521499957068,38.8347705002525],[-7.947797499529723,38.83937199971973],[-7.96124850016903,38.8351835001801],[-7.978719499427737,38.83559649989959],[-7.979882999750311,38.850468499962155],[-7.971501999989087,38.85451499955422],[-7.971640500181451,38.863000500137964],[-7.9643184996608465,38.866352999837744],[-7.955768499861939,38.859571499885206],[-7.946061999931606,38.869989000239705],[-7.956092500404872,38.87891299983404],[-7.9578435005832056,38.88962450019452],[-7.943777000041,38.88665250024743],[-7.938433500297343,38.89459649994249],[-7.926996499651483,38.894735000009675],[-7.925248999892781,38.90586849991694],[-7.913250999729186,38.9041300001308],[-7.8973485001683335,38.90995150039159],[-7.890726499757239,38.91948199998258],[-7.8908805002775635,38.92841649979768],[-7.885787000197756,38.92472099953478],[-7.883564499396116,38.927788999761766],[-7.87700099983027,38.92637500018556],[-7.875952999596986,38.90835850050425],[-7.864656000232769,38.909032000386745],[-7.851868500187525,38.90088149980943],[-7.846274999434705,38.903582999781655],[-7.827476500314558,38.90230000009321],[-7.821938499497309,38.89857449990609],[-7.804228000429922,38.89934800010286],[-7.789947000522346,38.89579299992837],[-7.785546500404362,38.907122000312086],[-7.772271500323877,38.90114249962358],[-7.752026999958525,38.90824499973585],[-7.741285999610432,38.91905100028423],[-7.741255000327471,38.926504000029894],[-7.732876500500881,38.939200000102744],[-7.713548999756903,38.92036549991893],[-7.69808899997336,38.91240050043124],[-7.692920500009127,38.91689149999662],[-7.694480000037806,38.91979149964558],[-7.683439000086265,38.929373000143485],[-7.654150499560548,38.916368000346296],[-7.6525674996692,38.912317499992376],[-7.637677499798829,38.911466500270905],[-7.640889500078699,38.91811799955684],[-7.636984499820166,38.923070499995866],[-7.634657500343345,38.921351999758606],[-7.631047000395985,38.92496300035218],[-7.626374999991621,38.92166000011869],[-7.624881500550548,38.92399200020261],[-7.626096000237028,38.92790800003137],[-7.634133500542027,38.92940999988399],[-7.629089000116967,38.934360499728726],[-7.624206499994962,38.93398050042696],[-7.619737000227233,38.943336500183165],[-7.597078000077167,38.956487999921],[-7.54257050054577,38.94851650023231],[-7.513526999490158,38.94597150002526],[-7.500255500427417,38.94795049971682],[-7.466114000329765,38.926037500344286],[-7.454905500486778,38.93367199975875],[-7.466075999821317,38.94092049987608],[-7.461654999608296,38.946389500153394],[-7.462542499932182,38.95712999991679],[-7.460035500242294,38.95505899962706],[-7.452864999483298,38.96305650015533],[-7.446540999806348,38.965539000482266],[-7.439836000460704,38.959078499921375],[-7.421123499774302,38.9632040001207],[-7.4116519998801005,38.956709000091905],[-7.400152999791979,38.95462000029668],[-7.3962704999340145,38.95966449996227],[-7.398077500431076,38.97062049984004],[-7.379170999945217,38.94901449972446],[-7.371614499438252,38.964161499887986],[-7.365834500098502,38.968872499818644],[-7.358735499558299,38.96875099975911],[-7.341398999888786,38.99616649987036],[-7.304766500421946,38.9683559994847],[-7.289120999609537,38.96489950016903],[-7.276865999555705,38.94855499967787],[-7.276098000413342,38.944553000204],[-7.296234999846561,38.928377000302625],[-7.291070000186375,38.92476250014717],[-7.27570099957229,38.930010000057415],[-7.272199999680886,38.92383949987579],[-7.266163499876451,38.9212120003561],[-7.268235499719897,38.91840500020887],[-7.262374500428184,38.917531500151554],[-7.255683999873207,38.90759100020174],[-7.26787649973404,38.8843989997047],[-7.256941000130707,38.867102500229244],[-7.2589470004610455,38.83945499961834],[-7.259570000100779,38.8373839997114],[-7.272404999377591,38.83678399976059],[-7.280848000532441,38.82758650025142],[-7.294705999907905,38.840557000001645],[-7.297339500336176,38.839875999817274],[-7.30412899943756,38.837365499990405],[-7.302550999919844,38.83360500029262],[-7.306549000403441,38.830492000249315],[-7.325643000183567,38.825192500420684],[-7.321668000429807,38.82325350029368],[-7.325338499595392,38.82060549968605],[-7.319234999557923,38.81330000035623],[-7.325149500374349,38.80998549949207],[-7.3190054997302445,38.80949649964337],[-7.326336500187728,38.804568500102924],[-7.355032499806934,38.79785250023994],[-7.353327499982674,38.8055175000844],[-7.368716500359917,38.80044300006183],[-7.372331000508005,38.79580199978409],[-7.373706500537839,38.7974380002639],[-7.381080000373839,38.78973149999002],[-7.3683565003993925,38.776681499826424],[-7.377970000556363,38.769019000028734],[-7.373172500565144,38.76385449995827],[-7.380287499589981,38.76156150003031],[-7.384608000498465,38.765554499858816],[-7.382942000100835,38.760150000272155],[-7.378905999662334,38.75370550025775],[-7.369855999605088,38.75833949961867],[-7.363523000482278,38.742960999877695],[-7.353948000408682,38.74506600015394],[-7.343311000058561,38.7538960001121],[-7.33381649998548,38.7397535002024],[-7.323665499402047,38.73246149984822],[-7.315733000443168,38.73616899982129],[-7.320452000134074,38.741068000151394],[-7.31078950043975,38.74290300007998],[-7.309592499983751,38.73892650038552],[-7.3024144998984175,38.737792000378256],[-7.305124999714281,38.73479750046631],[-7.296824499828705,38.73427850025894],[-7.296573500002678,38.732202499670315],[-7.280770000155066,38.7477509998026],[-7.283631999661342,38.75110300035056],[-7.275774000147299,38.75808200027548],[-7.273968500195041,38.76403799978791],[-7.26100450027219,38.77406949986415],[-7.2594115004997475,38.77025450000377],[-7.246906499630791,38.77395349964109],[-7.241166500223199,38.762432500346414],[-7.23804899996132,38.76729399961066],[-7.231817000515091,38.763005500364095],[-7.228695999955863,38.76697749968239],[-7.222903499946064,38.76669749993296],[-7.22392850044218,38.762017999737544],[-7.217058500107549,38.764170500204294],[-7.210145000380874,38.75382199980544],[-7.203134999866439,38.75101749995196],[-7.22535300023831,38.737594499652204],[-7.239239999676907,38.73635099983689],[-7.255388499644884,38.7259675004528],[-7.253244500249165,38.717739000114264],[-7.264451000545745,38.703803999880265],[-7.266880500210728,38.69016249952839],[-7.264181999639021,38.68383000011585],[-7.269780499721922,38.63886250048415],[-7.265072999726425,38.62859699981444],[-7.249784999474937,38.62908150008034],[-7.244086000553158,38.62434400018727],[-7.257205499740697,38.61206800013052],[-7.263831499385335,38.58848199984468],[-7.275179999578131,38.57609950003068],[-7.286115500199744,38.57382599981824],[-7.2920200002366435,38.55506499962719],[-7.297146000337205,38.55044000009951],[-7.300724499594112,38.559678499777576],[-7.306352999773741,38.56359149962128],[-7.307230499376833,38.57431249979331],[-7.31586250012343,38.57492599980061],[-7.3177249995705305,38.58045350044183],[-7.327978500208069,38.581239000052285],[-7.350928499896757,38.603244999924605],[-7.360667500244227,38.59787400015122],[-7.36513050045936,38.58657599955321],[-7.371887499899793,38.59030149998781],[-7.379413499780491,38.59004900033352],[-7.382713999741011,38.579825500015076],[-7.393047999414795,38.57451149994615],[-7.383973999772811,38.56484300042297],[-7.397783499737596,38.55849849991264],[-7.390823500456739,38.550709500259934],[-7.397138499935827,38.54331150004969],[-7.385919000282998,38.53305899950698],[-7.387622500432954,38.52959199972741],[-7.377255499447711,38.5159265000284],[-7.37180099978538,38.51375449972506],[-7.377319500121182,38.5118230000791],[-7.372886500564414,38.51066050034605],[-7.372904000285329,38.50612600008536],[-7.3683875001266586,38.504488499611966],[-7.364945499410165,38.50904599972948],[-7.344357500556225,38.48770400021665],[-7.346584000300648,38.479750999936094],[-7.350973000257448,38.47755299979928],[-7.348715499905804,38.47111550001718],[-7.353303500258164,38.46902999962271],[-7.340666999757572,38.4693599998517],[-7.3406469998057045,38.458628000091075],[-7.343156499420472,38.45782749964587],[-7.339544500431797,38.45154799959819],[-7.343560499449683,38.45010549993314],[-7.337860000303627,38.44867399980323],[-7.343457000261714,38.444986000283244],[-7.339403500212087,38.441677000263205],[-7.342887999927828,38.43091250036301],[-7.3282899999213775,38.4388580004665],[-7.3166359997116395,38.439876499725784],[-7.3150289996088285,38.43538700045572],[-7.311281499634127,38.436100500013545],[-7.3071250004067085,38.43090450035407],[-7.303634000038038,38.432087000193384],[-7.2997685001354435,38.425411000400565],[-7.294268500576026,38.428421000320164],[-7.29217350058124,38.42398800033808],[-7.28562149988971,38.42375199978114],[-7.28377450037553,38.4192245003282],[-7.280615000407269,38.42041000012494],[-7.267912000441234,38.39113650017334],[-7.201854999401921,38.32862449993985],[-7.182657999899541,38.29604700004118],[-7.168373500277749,38.28451549989144],[-7.169699999541248,38.279335000424815],[-7.164665999989368,38.281421499628834],[-7.150646000347942,38.27580650029769],[-7.152869499679301,38.2677270001047],[-7.147518499876078,38.26986300001469],[-7.147331000126359,38.26275649959586],[-7.143297999608814,38.26195149986136],[-7.142959999536767,38.24053550046013],[-7.117442000039268,38.21393600030321],[-7.107952500478145,38.188121499851896],[-7.102982499812333,38.18701500001117],[-7.097071499667231,38.17908100045634],[-7.089362499396698,38.17856599983279],[-7.085693000339427,38.16945249950353],[-7.066164000163863,38.17937449983902],[-7.066477000122485,38.186630000043614],[-7.0566800000452945,38.18593600021324],[-7.059228000315253,38.1777685001338],[-7.049167999489153,38.18031299967853],[-7.043324500282171,38.18731300030047],[-7.028655999628162,38.18269349972965],[-7.02266049956855,38.18550500046065],[-7.016658499874486,38.197357000049884],[-7.010157499694613,38.19641499969069],[-7.01129299965169,38.20460900018908],[-6.995441499499186,38.20386499999542],[-6.981485500283959,38.2114715002042],[-6.971928000293432,38.20241949983672],[-6.9562834997587135,38.21704499998029],[-6.947512500449537,38.217429999886576],[-6.949775500354592,38.21240999990673],[-6.946520499652187,38.211944499848386],[-6.937404500308676,38.22052000018935],[-6.938453999683926,38.20761850042792],[-6.931738499572044,38.20837800053484],[-6.935129999813147,38.20036299984934],[-6.956702499904809,38.183269500171356],[-6.968958999650788,38.16624850043101],[-6.968895000136247,38.16002650040996],[-6.962588999800843,38.1546094996277],[-6.957278499854592,38.15618499985457],[-6.952294999847109,38.15240449960985],[-6.958804000220586,38.15042850027963],[-6.961543500131631,38.140358000131776],[-6.957693499958768,38.13729849972508],[-6.960499999490869,38.13307950014299],[-6.966151000390347,38.13382349996069],[-6.964932000518424,38.128173999988334],[-6.975046500175827,38.10484299990274],[-6.987446000301926,38.10395449965384],[-6.990200500126644,38.05549249970042],[-7.000202500318267,38.04943850022052],[-7.002679500120214,38.04262550011428],[-6.999157499768921,38.035064499932766],[-7.003127000135488,38.030143500362556],[-7.002483500457154,38.0227164995306],[-7.007786999951764,38.0210040003659],[-7.024317000210998,38.025115999891234],[-7.044696999487836,38.01428949973378],[-7.052046000174374,38.01893600017963],[-7.059388999579826,38.0174940002709],[-7.063454500232524,38.019760000151635],[-7.062222000450391,38.02692799991884],[-7.066599499993177,38.02741250032682],[-7.067176499834993,38.03352000041233],[-7.082708000508728,38.03389000020379],[-7.098867500374751,38.04389949955795],[-7.108363000152117,38.040984999811364],[-7.110869000372238,38.036304499655465],[-7.114594999897853,38.03715549957517],[-7.116326999519702,38.03189850020191],[-7.128218500588598,38.02992250030511],[-7.124975999829861,38.02511199964499],[-7.131993999992443,38.02152250021124],[-7.127839000247614,38.01992050038],[-7.129150999840233,38.01084149989202],[-7.120896999869522,38.00474549972393],[-7.136942000320534,37.999198999728044],[-7.145500999540835,38.00280749984687],[-7.156109000459127,37.99393099985814],[-7.165140000379244,37.996013999768394],[-7.173166499462435,37.99325199986572],[-7.177506499545944,37.99832199991779],[-7.184033499490057,37.997612000052214],[-7.197826999748715,38.02559150017421],[-7.20478800039007,38.030146499767575],[-7.222156499773781,38.0321869997662],[-7.225638499838393,38.03617400018241],[-7.207301000059292,38.03863750019611],[-7.216235000122581,38.04356500006293],[-7.204835999829455,38.05669800033065],[-7.207747999983741,38.06267849958619],[-7.222660499653602,38.067153999839164],[-7.225692000526998,38.07117199990067],[-7.234303000491159,38.07096499969091],[-7.235735500330801,38.07689800032772],[-7.247165499734261,38.06703600014151],[-7.252772500245438,38.066626500324205],[-7.252868499937966,38.07504049968269],[-7.262794499898838,38.08215000034294],[-7.279927000352614,38.08750700002534],[-7.275856500496373,38.09708150020298],[-7.267176000017259,38.10304649986668],[-7.267644999494675,38.10715050028344],[-7.2699774999532725,38.10460300006254],[-7.274112999796185,38.108512000317454],[-7.279329999813566,38.10797099962688],[-7.28283450024037,38.103207000124456],[-7.2870314996488394,38.10335300009433],[-7.288173999680296,38.0953729996907],[-7.302339999946108,38.08557450032706],[-7.313450500216965,38.098657499941396],[-7.336648500226196,38.07918949967253],[-7.35426250049254,38.062072500256214],[-7.352526499712521,38.04552500023088],[-7.344378000189792,38.040909499726084],[-7.363407999773422,38.02005450024912],[-7.354375500206737,38.008944499684276],[-7.358367499604177,38.00445500024746],[-7.353896999892566,38.00646599995756],[-7.345158500495683,37.99914450004736],[-7.339600000038802,37.98349449993262],[-7.363447500035398,37.95815900042403],[-7.3585204999411475,37.94102099958326],[-7.362688999970718,37.9392594996552],[-7.360457999973372,37.93604400034528],[-7.354427500130937,37.936634999696196],[-7.3503735003767945,37.93155350024608],[-7.3465925001704,37.93168400000606],[-7.342978500384916,37.92381600030562],[-7.342641000366184,37.917528999767974],[-7.3485780003081285,37.91719550002847],[-7.351450499562486,37.91405999991144],[-7.320437000375222,37.825390500169654],[-7.321276499918184,37.81907250023668],[-7.346644499707613,37.80560300048995],[-7.360885500295278,37.7935444997559],[-7.3660429995710865,37.79282399965887],[-7.369138000215084,37.78682699992616],[-7.379180500314173,37.78220350004953],[-7.382235500405595,37.775314500301405],[-7.391798500035921,37.770698499568184],[-7.396856500101233,37.7643205003153],[-7.408364500232026,37.76744850040158],[-7.413239500250026,37.759952499641614],[-7.421202000548778,37.75917800015178],[-7.418886000331743,37.744079499936724],[-7.428058500211203,37.74112699976275]],[[-7.375624500299525,38.35259849976672],[-7.393232000201164,38.365103500024695],[-7.417230500019527,38.35635400025576],[-7.428749499759457,38.34606299976022],[-7.4158804994529195,38.32044600001853],[-7.417448499957166,38.312704499824065],[-7.430356000079764,38.30324549989971],[-7.429846999623992,38.295494500527],[-7.408287499929747,38.27639599979059],[-7.396925999929119,38.290098499828424],[-7.39826999936465,38.29291149976286],[-7.406818000337138,38.29480400007477],[-7.40670599940922,38.29858849978538],[-7.397102500184118,38.29951800017392],[-7.394623000052664,38.294899499928206],[-7.384590000120334,38.30219000038026],[-7.376760499842336,38.29848950006749],[-7.356130499951077,38.299229000328694],[-7.337142999758819,38.321014500047625],[-7.32536950037463,38.31708000015674],[-7.328485999657101,38.33698600001816],[-7.336126000009987,38.34467700032501],[-7.341181500054472,38.33743050018177],[-7.3443680001484815,38.34656400030538],[-7.3510614997183055,38.346351999968384],[-7.350670500182422,38.35144100039957],[-7.36589699981657,38.35733249998137],[-7.375624500299525,38.35259849976672]]]]}},{"type":"Feature","properties":{"slug":"vinho-verde","name":"Vinho Verde","source":"https://doi.org/10.6084/m9.figshare.19312094","sourceIds":["PDO-PT-A1545"],"resolution":"municipality","sourceYear":2022,"labelLonLat":[-8.25636,41.45484],"scope":"Union of the named PDO geographical areas; not planted-vineyard parcels."},"geometry":{"type":"MultiPolygon","coordinates":[[[[-8.590275999435988,41.17987549965657],[-8.604155499649094,41.185935499863646],[-8.631968500162278,41.17924000041322],[-8.642632999982538,41.184318499825615],[-8.657783499974716,41.17743550019697],[-8.666683999612207,41.17910400015468],[-8.678855999889278,41.17149000040572],[-8.690381500130847,41.17349300004572],[-8.697392999535843,41.178959499723724],[-8.701982000076537,41.17658450018732],[-8.704141499819894,41.17672249989365],[-8.697486499473204,41.17941900009997],[-8.706155000302187,41.18628049997072],[-8.710786000354585,41.180936000161644],[-8.708217999894643,41.17258749986253],[-8.712115999951891,41.18157900024234],[-8.706779499858849,41.18694600005435],[-8.707045999567008,41.191821500128675],[-8.716243000654613,41.202824500244205],[-8.71748849952462,41.225941000253606],[-8.722472000375214,41.22831849996861],[-8.7291580001093,41.24264149979684],[-8.724319499513385,41.25818699979598],[-8.742491500066324,41.31007400032083],[-8.740245500134307,41.33422500032155],[-8.746055499841146,41.3396795001894],[-8.749349500301518,41.340012500213085],[-8.74925049952609,41.33746399965552],[-8.74985299972219,41.3365954998487],[-8.755177999565184,41.34253249988827],[-8.75515949979382,41.35489449977257],[-8.762310000378797,41.361176499739656],[-8.761696500476905,41.36788750015573],[-8.767960499788934,41.37201799996266],[-8.763322000159695,41.37241900042468],[-8.768620499694997,41.37392950020462],[-8.771955000105955,41.37059350010692],[-8.769717000247864,41.380031499897676],[-8.775541999816465,41.39208900046786],[-8.780733500445843,41.39522099949685],[-8.77943250003992,41.40283550034565],[-8.78906249955084,41.4159175003694],[-8.778777999542793,41.448137500388825],[-8.776415000066605,41.47799900026243],[-8.791258500411418,41.5013845000274],[-8.78701950040285,41.51409150020514],[-8.79379600042758,41.52441249978973],[-8.790793999466452,41.53315850025135],[-8.793636499944867,41.5501600001868],[-8.805651000183408,41.58401050035629],[-8.808546499497416,41.60623700036201],[-8.81414550020914,41.620675500097924],[-8.82231549947501,41.628844500006174],[-8.81996500010844,41.635418000056575],[-8.827362500117365,41.64973099973801],[-8.825728499838874,41.670131499882594],[-8.830595500390748,41.67781099993929],[-8.83607499992522,41.67991749974524],[-8.837487500000446,41.67769949965988],[-8.839769999707439,41.68370350021255],[-8.846579499494423,41.68166150026576],[-8.844433500036322,41.67396349969464],[-8.846747499929144,41.679939999910665],[-8.848920999906737,41.692684999886936],[-8.856874999734924,41.70005150015976],[-8.871953500233207,41.726604500413664],[-8.880561500305031,41.75031300014253],[-8.871701999830327,41.77825600014973],[-8.875276999510803,41.797674000024365],[-8.86831700034029,41.80349500017059],[-8.86445000031707,41.81280550035015],[-8.870629499573118,41.81340050045474],[-8.876942999916306,41.82993399993795],[-8.876085499689488,41.840367499722255],[-8.867363499714466,41.84925999973124],[-8.871529999680154,41.8639010001139],[-8.839109999927981,41.88637150012686],[-8.8304329995479,41.90070700020475],[-8.787089500132211,41.9175939999706],[-8.757166000288699,41.93350199964037],[-8.748231999855292,41.94193650002456],[-8.745537999864997,41.950973499582815],[-8.747955500248155,41.95973950011085],[-8.74407750022712,41.96528999981172],[-8.718279000396661,41.97834799949468],[-8.699270500004916,41.983390999890354],[-8.68739600043782,41.98986800022159],[-8.68040549975913,41.99008200039618],[-8.663458999661787,42.00223599990171],[-8.658323500371534,42.02958300023939],[-8.645006000271911,42.03749500038333],[-8.63699350048494,42.047092500090855],[-8.594418499811773,42.055168000313394],[-8.556693000087892,42.051425999900985],[-8.52546050019443,42.06450250041634],[-8.528856499789597,42.07395550000068],[-8.523509999892253,42.078472000365885],[-8.443319500382634,42.082954499888025],[-8.428253499851676,42.072253999964495],[-8.419083500290691,42.07311250036641],[-8.40436249971115,42.080459500435616],[-8.39343100004889,42.080509000347014],[-8.390171999592209,42.0754319999838],[-8.381002499612901,42.077293499751725],[-8.370567500468704,42.08894000026674],[-8.363450999690885,42.09026350004564],[-8.353676999936342,42.09044249990838],[-8.343082500516298,42.08533450022089],[-8.331857500186896,42.08422099960224],[-8.325374499612106,42.09019500021593],[-8.322383999629928,42.10196699981975],[-8.300200000203514,42.10556000028754],[-8.274328999565201,42.123309999878614],[-8.25918099990165,42.12103649976883],[-8.256226500001297,42.13515100029632],[-8.246268499808668,42.139190499952576],[-8.2321079993786,42.13322500000346],[-8.223096999699697,42.13337700003997],[-8.218784500420353,42.138141499926114],[-8.207484000266808,42.14090749976356],[-8.199000500416625,42.154418999496116],[-8.192067999503628,42.14289500009439],[-8.188846499821636,42.14373399983814],[-8.193156500101376,42.12782650000854],[-8.185923499735061,42.097057500154584],[-8.184298499525239,42.07864000030127],[-8.187259999976416,42.074642499567055],[-8.182275999864347,42.06687550014178],[-8.171412499981036,42.067745500340784],[-8.149066000194402,42.079887499713784],[-8.137688500350645,42.07609500017357],[-8.124109500503003,42.08316800018036],[-8.118478000491926,42.08212300032825],[-8.096853500239716,42.07182700016197],[-8.084253000264503,42.047389999590806],[-8.085423499624307,42.01699799969401],[-8.114805499604794,42.00462400033268],[-8.127557000301865,42.00543949975847],[-8.140554999791293,41.98880399987189],[-8.163437500715705,41.98272300032526],[-8.163148000134788,41.97558949956997],[-8.169640499674443,41.963260500488154],[-8.176677999592119,41.958854499620216],[-8.175202499436867,41.95508550001247],[-8.198304499876436,41.93976600043718],[-8.216984000079641,41.9136549999602],[-8.214687500503238,41.89790349998478],[-8.205209499633884,41.89352799974745],[-8.197525999707874,41.87993250006841],[-8.199685000657075,41.87404650014189],[-8.192325999588636,41.87686549996561],[-8.18280799998184,41.874907999697115],[-8.170567499696693,41.87907050040495],[-8.166094999662334,41.86214049974961],[-8.161661999951532,41.86067200030467],[-8.165075500514561,41.818301999776224],[-8.15246600025389,41.817733499767286],[-8.12992000048499,41.80895999965867],[-8.105611000550699,41.81256850020004],[-8.093832999791061,41.808978999906174],[-8.086917000348734,41.813102499999566],[-8.084588000143551,41.81120700010954],[-8.064301499419047,41.81748949976342],[-8.057508500232192,41.816196500216435],[-8.053309500077333,41.8211174996996],[-8.045148500399852,41.81041399966608],[-8.045857999969192,41.8015525004367],[-8.057274999876643,41.79811399959709],[-8.060853499769362,41.78724850041784],[-8.064227500225487,41.78613300037084],[-8.060574499397012,41.77759450003499],[-8.0636260000536,41.773741499854125],[-8.06116050049544,41.76248649959273],[-8.077396000411882,41.74904899951788],[-8.076616499710408,41.740694499829345],[-8.087849500189582,41.713157999729326],[-8.094918500330195,41.70675899960777],[-8.109138499582434,41.70317300030007],[-8.119465000646994,41.68923800032316],[-8.112789500253458,41.68767150017483],[-8.10875749983154,41.6909729996161],[-8.104764499974358,41.688909000457386],[-8.074184500020483,41.69559550037772],[-8.06527349994051,41.691801499974595],[-8.04990049959117,41.69226499964504],[-8.037295499975828,41.70075399975352],[-8.024223000575562,41.697863499987804],[-8.018059000258273,41.68916749966205],[-8.009047500264014,41.69056150005559],[-8.003479000258869,41.6866690002145],[-7.997289999976324,41.687832499975],[-7.989141999549603,41.68488349963992],[-7.989202500141874,41.68202849981224],[-7.981536500445194,41.67806349957148],[-7.985841000125479,41.66964950007928],[-7.994735999716473,41.66363800002269],[-7.9989384999540105,41.6533450002681],[-7.994066999628684,41.650345000042485],[-8.00123800004109,41.640899500009716],[-8.00301899993452,41.62088500012589],[-7.999613999448158,41.608098999789284],[-7.996701499728779,41.60314450010555],[-7.986989500218557,41.6007860002212],[-7.96553799983599,41.60383650002556],[-7.953528499991627,41.5931569999096],[-7.946713500077629,41.59608499987157],[-7.930859500414845,41.595186000339254],[-7.914638000072529,41.58788349953612],[-7.904266500318723,41.58689799952036],[-7.891274500622163,41.59337550026259],[-7.8793819996322485,41.588233499774994],[-7.857337499812951,41.601417500239684],[-7.850913000404862,41.61507300021393],[-7.839544499564016,41.610981999839815],[-7.829520999585223,41.602223499696116],[-7.820244499700374,41.587902000076035],[-7.8150924999858615,41.58540049962397],[-7.819763999566119,41.579939000274926],[-7.816227999520335,41.581274999824664],[-7.812149499729685,41.578499000495405],[-7.801900499743446,41.588776500137776],[-7.788017000102897,41.58692049972442],[-7.775170999927219,41.600360000115266],[-7.760712000556755,41.620599499874864],[-7.756708000203067,41.640822500277515],[-7.752159500182855,41.6471089998877],[-7.732227999604658,41.65238550052397],[-7.719328499438578,41.63937099980824],[-7.7131435005878135,41.64054550034335],[-7.704066999591556,41.63164799971633],[-7.704559499480183,41.62609700026634],[-7.717378499589418,41.61921449965883],[-7.718744999533983,41.60690550023431],[-7.733798500173682,41.599485000116374],[-7.729759499608834,41.581353500195846],[-7.722819999469332,41.578854999711105],[-7.733815999699614,41.571255000055906],[-7.735302999618651,41.564747999888304],[-7.750041500248117,41.56556050016277],[-7.74870899996287,41.560849499950855],[-7.754098000596066,41.55823300031896],[-7.750271500113315,41.54571750001313],[-7.738516500056308,41.541229499789864],[-7.732552000066388,41.53461600007437],[-7.722366499596685,41.532439999855164],[-7.705907499793525,41.518761000051846],[-7.713392499452175,41.51485750005542],[-7.717734500358534,41.50657100014502],[-7.742065000096801,41.5190274995326],[-7.7498250002714935,41.512740000091505],[-7.756500999545858,41.497783500199084],[-7.772157000553811,41.49706950016395],[-7.784636499892075,41.48746499968425],[-7.777088500359673,41.47656700035276],[-7.767924499790562,41.47032199988717],[-7.7549754995833045,41.4663239998051],[-7.742831000221518,41.45787400001708],[-7.733696500444946,41.456231499581556],[-7.72650200026366,41.4436665003873],[-7.732973999714012,41.43438799999195],[-7.737074499620404,41.415875499776625],[-7.746259499709895,41.40582700015708],[-7.762862500523895,41.40384850011502],[-7.767304999849509,41.403729999808284],[-7.773234000420027,41.41055650029602],[-7.7886874994715365,41.41141049989159],[-7.794881000067625,41.39989049957457],[-7.8057714996361796,41.39328749966378],[-7.815937000344166,41.39184149971403],[-7.821644499900639,41.37865500046116],[-7.819598000151575,41.364458499726325],[-7.834282999899415,41.34350449976211],[-7.852960499888853,41.327739000266575],[-7.869150500487196,41.32587199969927],[-7.896125499783126,41.315552499974494],[-7.898845000136542,41.30761199992683],[-7.9153914994688135,41.297632500120926],[-7.921289500589063,41.29062250010765],[-7.914134499784653,41.280525000317176],[-7.916211999649358,41.272619500027744],[-7.904553500283152,41.271930000026686],[-7.8963945000150115,41.26753900023524],[-7.89573050003908,41.24892800043507],[-7.883575500479619,41.24780299975223],[-7.875579500613824,41.24204800034502],[-7.8940899999562095,41.20923849958862],[-7.887970499583106,41.1890865004257],[-7.898482000250888,41.17458300037423],[-7.895392000400752,41.16820400020784],[-7.898443000006572,41.16765050030124],[-7.889449500270235,41.16314450023052],[-7.903696999915133,41.15474250044537],[-7.901187000298322,41.14727000010707],[-7.912431499670741,41.13845399962568],[-7.9118640005630665,41.11988950023431],[-7.89978550045178,41.12049799951093],[-7.897386500504531,41.13187950013471],[-7.89318300033956,41.13468399983136],[-7.887529000463176,41.133937499853026],[-7.88513450041305,41.14284199947279],[-7.878173500124661,41.15025500015961],[-7.873334500403545,41.14885799984514],[-7.874736000453978,41.14450349984617],[-7.858879000364038,41.13029999963439],[-7.860852999926937,41.12659850041887],[-7.853694500342036,41.12085849989287],[-7.850699999463305,41.11111100021727],[-7.86944700008329,41.09717350002887],[-7.870530999982398,41.08796899971245],[-7.8835859996617685,41.06544500048623],[-7.906506999393047,41.04438649984725],[-7.914587999970976,41.02092750035195],[-7.926681999620606,41.01588400028755],[-7.936210499983465,41.01750049997726],[-7.94406049988168,41.012417500055044],[-7.951190000310869,40.99929799987951],[-7.950105499722974,40.992010999895086],[-7.967577499784485,40.97644749958693],[-7.966933999925432,40.97347349968732],[-7.970364499688868,40.972169499603766],[-7.974223500494809,40.97614849973274],[-7.981148000660813,40.97584900032965],[-7.990793000357326,40.97315899972104],[-7.9976069997039225,40.967243999610126],[-8.019638000084717,40.96473699971421],[-8.03463499954462,40.976118999662546],[-8.040434499929336,40.98472349968413],[-8.05105250006623,40.986530499735544],[-8.061197999692027,40.98171900046103],[-8.089172000698873,40.98755550030334],[-8.100231999800497,40.980022999783536],[-8.10149649948875,40.97352050000864],[-8.116906999610142,40.96493900045616],[-8.12217500020121,40.954715000043805],[-8.130988999983,40.95116900044403],[-8.130543999748191,40.93603950017001],[-8.120416000325818,40.91793649987913],[-8.127960500299586,40.89814999964912],[-8.115593000346019,40.8903264996216],[-8.110135500256408,40.87360799974075],[-8.103043499863869,40.866870999859955],[-8.10642150021035,40.855165500063926],[-8.133737499605719,40.84920250000085],[-8.167439999538782,40.86618050017348],[-8.190512999517857,40.84612300006826],[-8.205332000255362,40.84808100017526],[-8.23104699997865,40.864682500456574],[-8.255088000117517,40.855842000257944],[-8.236909999787647,40.8253900003701],[-8.243420999961195,40.80726150022992],[-8.25643100036806,40.79968149957394],[-8.254903999870248,40.791716000152164],[-8.25840349959278,40.785623000013004],[-8.268133999975541,40.78054300035887],[-8.265831000225756,40.774818500339975],[-8.273368999941704,40.763173500209156],[-8.285230999551215,40.78476200045415],[-8.296054000581687,40.78303600031426],[-8.30432950056641,40.77653150017384],[-8.313214999964146,40.785729499821265],[-8.322750999699775,40.78629200036026],[-8.329235499807703,40.778625499715524],[-8.338375999728251,40.77639999974773],[-8.357661499998724,40.78792050041373],[-8.367383500408838,40.79992250022614],[-8.38370649981635,40.79862699996622],[-8.386070000314865,40.795892499795215],[-8.394741999825966,40.7991975004479],[-8.398808500185194,40.78804599956826],[-8.417305000412716,40.788391000311954],[-8.433411000360373,40.79872500039296],[-8.430789499545659,40.80297449971885],[-8.439172500252074,40.80035600020741],[-8.445869499580915,40.81299050021411],[-8.449619500192352,40.81083799992736],[-8.451297500291476,40.83437500023203],[-8.448144499682268,40.850799499700315],[-8.439866000102308,40.85085100007051],[-8.424569999869671,40.86360549966266],[-8.424494000052901,40.86725499982895],[-8.414364000159424,40.8691029996821],[-8.414117500248986,40.87410150011403],[-8.403797500029542,40.87076550017419],[-8.399384000589466,40.87295750009322],[-8.394731500338425,40.879869000200046],[-8.401776500561768,40.884513500171515],[-8.401557499471807,40.88957350023893],[-8.394354000289463,40.89801400036458],[-8.38566349998823,40.90225750036011],[-8.386456499719483,40.905767499656655],[-8.395082999428011,40.90610549967135],[-8.396555000325261,40.913736499874545],[-8.408341499916999,40.92766950038773],[-8.431830500292541,40.93569350032338],[-8.428920499352065,40.939545499702476],[-8.432551000278616,40.94371499977508],[-8.427233500600614,40.948212499974225],[-8.434171000193432,40.956079000101006],[-8.428264499767346,40.96204249967625],[-8.427282000338483,40.97219449968516],[-8.41796899952362,40.972041499935635],[-8.410201499443092,40.98263350016074],[-8.397487000021666,40.98985150026069],[-8.38885250029185,41.00453000028067],[-8.396766000132438,41.01244799992323],[-8.41521600006207,41.0150689995296],[-8.42998599994375,41.02245649988695],[-8.43300900029607,41.02926149958706],[-8.42837550013104,41.03659399967464],[-8.458044999850914,41.06116049968002],[-8.468875999600412,41.0745410000069],[-8.477551999827698,41.07561399987765],[-8.504610000516621,41.0703160000541],[-8.515377499556733,41.073722999925465],[-8.528004500192166,41.100544500404204],[-8.549013499669394,41.12213549962303],[-8.568832499659258,41.126192500478595],[-8.575762999674366,41.13995800040338],[-8.568957500131352,41.14736449959405],[-8.56368900021902,41.14636799989369],[-8.554945000119584,41.15294600026677],[-8.55337950022995,41.16005799965811],[-8.558734499671239,41.15614350033781],[-8.566013000041352,41.16137899987919],[-8.566866999356828,41.166863999793726],[-8.570751000369649,41.16813899964596],[-8.566039499653757,41.175812000022475],[-8.569188000166617,41.178234000227064],[-8.576182000371785,41.18095349975724],[-8.590275999435988,41.17987549965657]]],[[[-8.874082999665195,41.85875299977836],[-8.875263500602541,41.86012549998172],[-8.873149499709983,41.860364000477254],[-8.874082999665195,41.85875299977836]]]]}},{"type":"Feature","properties":{"slug":"lisboa","name":"Lisboa","source":"https://doi.org/10.6084/m9.figshare.19312094","sourceIds":["PDO-PT-A1461","PDO-PT-A1462","PDO-PT-A1463","PDO-PT-A1465","PDO-PT-A1468","PDO-PT-A1469","PDO-PT-A1470","PDO-PT-A1471"],"resolution":"municipality","sourceYear":2022,"labelLonLat":[-9.06784,39.37593],"scope":"The eight wine PDOs of the Lisboa wine region (excluding Lourinhã, a spirit denomination). Does not substitute the Lisbon administrative region for the wine region."},"geometry":{"type":"MultiPolygon","coordinates":[[[[-9.071234999526363,38.91937249978972],[-9.07051299952944,38.905254000248505],[-9.074118499635187,38.89804250025343],[-9.117823499444517,38.891405999993175],[-9.101586999500316,38.87406350029176],[-9.098978500155397,38.864995999515],[-9.11639849970096,38.86100549983695],[-9.112507999505032,38.855667999786505],[-9.116005500425393,38.85272299986788],[-9.11414650001693,38.84662850010862],[-9.118703999557171,38.83532350029863],[-9.134969999673212,38.83712700005291],[-9.14469550042278,38.832483999455924],[-9.158056500247813,38.84195900029608],[-9.161621000423022,38.84831550017925],[-9.16455899950517,38.84058700006198],[-9.166397000098415,38.843719500014544],[-9.167882499554228,38.842136000050374],[-9.175563500193205,38.854074499498545],[-9.181854999556755,38.855039000211846],[-9.189040999570233,38.890263000387876],[-9.186580999790772,38.89806799979985],[-9.190908999687274,38.90725249998075],[-9.182205499612442,38.90852200003573],[-9.180059999963921,38.91714650040072],[-9.17111100036467,38.91581550030542],[-9.168346999814267,38.9221080000941],[-9.16302949975975,38.92141549981999],[-9.159432499830569,38.92977600002952],[-9.165127499639395,38.93568500049176],[-9.160584500284157,38.9378309996379],[-9.16389800056955,38.9557615002025],[-9.173412999753854,38.9580829999245],[-9.179869500590781,38.95211950003645],[-9.18840799976194,38.95142600006102],[-9.189016500069766,38.958157000091],[-9.200775999654468,38.95837200015498],[-9.206211999667916,38.95569350027684],[-9.210422499516323,38.957189500087374],[-9.210222500609703,38.95224850018174],[-9.237553999935583,38.947891000160055],[-9.240566000344563,38.9484225003002],[-9.239584999819824,38.950951000201904],[-9.232321999566935,38.95471849999245],[-9.228874000005197,38.953656499820724],[-9.230063999440048,38.96249599984678],[-9.235949499644107,38.96616649971133],[-9.24050750031383,38.96135600008756],[-9.2524550003316,38.96432849978346],[-9.249405500228127,38.958559499555996],[-9.259789000001911,38.95658799976059],[-9.259682500595007,38.94737700011876],[-9.265527999832482,38.94398950031532],[-9.275476999727163,38.96437049975285],[-9.291603500208431,38.97388299981214],[-9.29969550014706,38.96448499984634],[-9.308299500237949,38.96623849974617],[-9.309208499704598,38.97048900013893],[-9.316718000366883,38.97258449988533],[-9.327738999610027,38.9887485002346],[-9.33698749941075,38.9917899998554],[-9.341226500301465,39.00232599951396],[-9.345299000215865,39.00419049986197],[-9.34924500003108,39.00223450010023],[-9.348750000135796,38.99190200011966],[-9.35780699981385,38.98974949994028],[-9.357279500082944,38.9844550001346],[-9.361633000411718,38.98398299989311],[-9.355588499815703,38.97960200024989],[-9.363731999719288,38.974573000036784],[-9.371623999757595,38.977529000437684],[-9.374408500604371,38.971283500144615],[-9.40032149947916,38.990385499674794],[-9.419916999714934,38.9883110000045],[-9.427783000383984,39.00225400006354],[-9.42674999954388,39.008885500130255],[-9.42196400006351,39.01174699954451],[-9.424983499457953,39.019142499848506],[-9.416116500027501,39.04318150006627],[-9.416289499903565,39.06384450001651],[-9.421980000442188,39.074639000148714],[-9.414648000011535,39.08840150012727],[-9.394315999773212,39.11244150042069],[-9.393852999657774,39.121612499775296],[-9.359644499474479,39.1708640001803],[-9.356342999590316,39.17876400023202],[-9.358404000370001,39.181727999963655],[-9.351607499493806,39.19169000019666],[-9.331709499477897,39.19540799981258],[-9.323952999814715,39.18970100016941],[-9.322284000401885,39.176903000336466],[-9.31590650019069,39.17449849982194],[-9.298944999403393,39.182736999877974],[-9.291757000398492,39.179624499626094],[-9.278939499653042,39.19272450009054],[-9.236567000008922,39.19864899996854],[-9.240721000529236,39.21587199995901],[-9.203605999628875,39.21483950052732],[-9.17844050007266,39.197840000190396],[-9.17587049949426,39.200505500091204],[-9.177992999818159,39.21157749970646],[-9.183049499640587,39.21265299963302],[-9.187573500045403,39.218505499864165],[-9.186494500035083,39.22696799979917],[-9.198810500194137,39.234761499928815],[-9.202390000476576,39.247682499886054],[-9.197179500394293,39.24997649973867],[-9.19713300044399,39.258649499801464],[-9.187019999435604,39.26886099967788],[-9.196533500160154,39.28108950015309],[-9.199787500117363,39.29766449992434],[-9.203356000331706,39.30059299996079],[-9.199313000025981,39.3019654998914],[-9.20166399985927,39.31342399983664],[-9.194146999853324,39.314998500407775],[-9.191629999729676,39.32000449972105],[-9.202921500438151,39.32187950008108],[-9.205684500036517,39.31715449957425],[-9.206933999746823,39.3217484996553],[-9.203041999481329,39.32189600010078],[-9.200715999643176,39.32954799996924],[-9.185749500100222,39.33415349976338],[-9.18892999989332,39.34702800036867],[-9.195600999365237,39.35173649981059],[-9.19659149949956,39.36298050012425],[-9.203948999887551,39.377591500291736],[-9.199122000013102,39.39137149962196],[-9.205900000241154,39.39595600020164],[-9.206969500465346,39.401244000010855],[-9.19197649994152,39.404899000079844],[-9.18588650026886,39.40136999974742],[-9.146749500355474,39.394625999965115],[-9.13855249967219,39.38804399972004],[-9.145723000492415,39.42400499990001],[-9.127341999376242,39.42051249973069],[-9.117790000141277,39.44816200001148],[-9.122484999546652,39.45099849967676],[-9.118660000293405,39.45944050022394],[-9.124151499886505,39.47891850001686],[-9.138347000287274,39.48632100025724],[-9.143659499741895,39.49477999981576],[-9.129938499682032,39.495374500285514],[-9.12202149954878,39.503569999739845],[-9.105228499794862,39.5088960002035],[-9.09573600013495,39.51895449985412],[-9.073475499969208,39.511042000413525],[-9.066250999784558,39.514061999979255],[-9.061154000431058,39.52026600014625],[-9.063341000115269,39.5329815000409],[-9.059752500383278,39.532212999880755],[-9.066906499857382,39.5401115004709],[-9.065961000362336,39.55240899979071],[-9.06030500035833,39.55879699947354],[-9.06137249947492,39.5665324998358],[-9.068348999843936,39.57336349997185],[-9.05729999955919,39.57253899965575],[-9.031424999995638,39.57799249977241],[-9.021067500341058,39.57724749950581],[-9.00370849990943,39.57056650045713],[-8.998544499740333,39.572718999812366],[-8.989123499780122,39.58414100016035],[-8.989498000108679,39.59627399971132],[-8.990342500004928,39.59874400031554],[-8.995238500274933,39.59638549993457],[-8.992198500116471,39.60196750021157],[-8.99764449985552,39.607879000240345],[-8.998214500113258,39.61504849956822],[-8.984912500223682,39.610173999784806],[-8.983237499851105,39.62912250031786],[-8.963980999775718,39.651428000290565],[-8.955954000066185,39.652398500053835],[-8.95625550010475,39.648230499781256],[-8.948761499905219,39.65278900032382],[-8.944875499485573,39.648653999916874],[-8.931577499617017,39.650114000149486],[-8.913524500104424,39.640916999562116],[-8.909672499675803,39.64891950047164],[-8.916712499641342,39.65596600052546],[-8.914684500000721,39.66816149980438],[-8.9249310002414,39.66628499977259],[-8.938641499719646,39.672923499641286],[-8.941591499964206,39.67727500002907],[-8.938512999740665,39.68205949975052],[-8.940521500159438,39.68653350038845],[-8.934086500050956,39.68777599987022],[-8.93587050003638,39.69221549960319],[-8.923415999970628,39.69973100024436],[-8.921000500306802,39.703760000054956],[-8.923725499620593,39.71418900024728],[-8.915498999855398,39.714115000330466],[-8.917076499757338,39.72036500025067],[-8.907363999716766,39.72773450046026],[-8.900230499941719,39.723792999973064],[-8.897238500262963,39.72499800037594],[-8.883827499469712,39.738525999963144],[-8.874008999472847,39.74255700009677],[-8.876851999812517,39.752672499810934],[-8.868046499673323,39.77296950011064],[-8.884299499904078,39.78371800032919],[-8.891883500149454,39.782258499691075],[-8.895491499943098,39.78423900044894],[-8.897740000093158,39.78170399956192],[-8.903379500062456,39.7839145002649],[-8.911769499837535,39.80120950022959],[-8.90637850052585,39.80375949999208],[-8.902278999522121,39.8113239999609],[-8.884486500196989,39.81517800029193],[-8.876974499799843,39.82013200027324],[-8.867243500104761,39.81943299999954],[-8.857859999606864,39.82311499966304],[-8.85979500068253,39.83955100030564],[-8.852256499746845,39.852372500402915],[-8.84815350011941,39.852107999973],[-8.844777499583207,39.8641820003739],[-8.83118049944966,39.861489000076354],[-8.8227965002223,39.866902999497455],[-8.810753999723167,39.86816150023608],[-8.80907699960103,39.86409700002772],[-8.79884450057213,39.869691500286784],[-8.755022999915461,39.875083499825784],[-8.767229999901224,39.86131099985336],[-8.769986499389795,39.84952399968044],[-8.767156000472184,39.846614500253615],[-8.771191499535362,39.84520249964428],[-8.775095000115241,39.83052099963751],[-8.769351499967863,39.82965449967226],[-8.770581499964763,39.826297499931826],[-8.755968000028833,39.820016500439934],[-8.751961499618773,39.822822999683765],[-8.745680000485098,39.82238750003702],[-8.745536000059781,39.81997250011983],[-8.72925399965978,39.8220224996402],[-8.729691499880854,39.82834850003019],[-8.724691999533098,39.83267350025445],[-8.72938499942752,39.83929450009008],[-8.726331499873163,39.84153500025222],[-8.725642500497575,39.8525939996845],[-8.716474000090354,39.85391949974756],[-8.711284499773573,39.86732799977855],[-8.694577499946478,39.88100400006853],[-8.690108000102896,39.89057550018898],[-8.70610449979748,39.89206249966229],[-8.723203500509008,39.903323000149456],[-8.718063999474742,39.91547000005685],[-8.707711500143901,39.926126000013035],[-8.710402500515439,39.938528000101485],[-8.68230499970954,39.937098000161505],[-8.673078500334235,39.94592699953328],[-8.673067999919306,39.96192650045984],[-8.644524499963994,39.97617999990772],[-8.64114050049064,39.98180000001237],[-8.643352999580113,39.99067550003977],[-8.618561000300383,39.99145950023061],[-8.616132000568319,39.983507500072754],[-8.599131999337715,39.97772499971123],[-8.59722550066146,39.96932900022868],[-8.571104499841313,39.957319500184795],[-8.560732000279524,39.9393135002318],[-8.550149499539208,39.93012499988803],[-8.540718499854878,39.93039200016361],[-8.542287500384628,39.90549349947719],[-8.5552734993942,39.881115499920845],[-8.547840499729839,39.859261499857915],[-8.532402000469968,39.845970000133825],[-8.523543500074517,39.827798500261615],[-8.517497500044474,39.828050500237076],[-8.506439500441097,39.81504949976342],[-8.501167499946327,39.81791299981797],[-8.500982499876578,39.82399250006262],[-8.493875999542817,39.829837000156516],[-8.486851000017523,39.83073100042583],[-8.477953499463617,39.838728999849046],[-8.474599999705664,39.83485999968503],[-8.474245500201494,39.821029000191906],[-8.467257499990902,39.80694050013384],[-8.462425999623095,39.80431600038901],[-8.465432499952621,39.792757999830265],[-8.462572999882497,39.773206000106704],[-8.450582499885886,39.754591500381956],[-8.455082999697902,39.74407350010492],[-8.45146150032603,39.737025999581334],[-8.453303999482475,39.73181249980696],[-8.438772500270835,39.73949749981948],[-8.431196999891023,39.740667499665534],[-8.42874299961362,39.73748549976729],[-8.432496500441822,39.72496749947677],[-8.427897500155156,39.70141650041047],[-8.431219999705739,39.690626499959436],[-8.423091499486818,39.68039100000362],[-8.430521500134915,39.67350550009642],[-8.434860499805213,39.679577500305385],[-8.438691499544433,39.6775499998273],[-8.438566499924823,39.688080499655904],[-8.462973000342533,39.70767099990908],[-8.466848500467993,39.704012500238356],[-8.476291500258936,39.70310749997752],[-8.481936999712385,39.69912900005289],[-8.48099850055856,39.69278850015894],[-8.494541499835764,39.6912385004778],[-8.50207599972384,39.67762849999294],[-8.503198000574693,39.66192950032497],[-8.512532499467746,39.648162500003856],[-8.50909500042177,39.641493000252844],[-8.501419500451114,39.63895849962268],[-8.503581500444978,39.63210699989128],[-8.543146499647074,39.605864499846135],[-8.569481999942797,39.59576450024668],[-8.57513799952886,39.58129799983864],[-8.585676500284855,39.57613699966496],[-8.586177499933365,39.57171550034328],[-8.60052899975199,39.55797949971618],[-8.62594050034527,39.54079350039136],[-8.636648500197952,39.53581900011927],[-8.657931000501952,39.54996150034619],[-8.66175550048831,39.55746250026088],[-8.67142000049494,39.56218100000084],[-8.688467000028554,39.54977250024105],[-8.69517150013996,39.532347499856975],[-8.705422500198875,39.5295750000428],[-8.714485000603618,39.520784500272626],[-8.733663500362473,39.536188999700805],[-8.73754500007101,39.53695200031445],[-8.746536499928833,39.529049000263896],[-8.743325500468968,39.50968149980332],[-8.736521500270081,39.50023200033191],[-8.732203000134485,39.49910099999718],[-8.735219999865864,39.49781099994087],[-8.734680500161538,39.49254150035349],[-8.729327500412866,39.48002349967797],[-8.738732000347921,39.48063550026233],[-8.741367000480146,39.477669000232694],[-8.7477380004669,39.48017199975465],[-8.759381499985627,39.47574149997142],[-8.802341500000313,39.483009500055424],[-8.84637100034157,39.47253000028743],[-8.86364550001258,39.47546999979654],[-8.881436999686544,39.47435349984961],[-8.892566500446334,39.46525099968923],[-8.903421000079836,39.466007500094406],[-8.932405500142563,39.42324049966909],[-8.945712000445806,39.39103650029951],[-8.968580500374228,39.39429000022385],[-8.991804500361422,39.37575350014641],[-9.001573999445961,39.35463699990086],[-8.999079500027204,39.33320250030932],[-8.986445999537167,39.31876700034032],[-8.994502999500153,39.2966975000788],[-8.98365699963484,39.28690949997424],[-8.975224499805844,39.28713649959659],[-8.983886999904692,39.253523999644145],[-8.981314000421689,39.24938150024974],[-8.988394999670234,39.24088900037382],[-8.987832000208611,39.23067850011971],[-9.00474650015465,39.18639549973307],[-8.99929250011151,39.180363500259126],[-8.990521499714225,39.182376999725356],[-8.971194999785334,39.17876000016495],[-8.968432999913803,39.17491400036096],[-8.970839000234742,39.16261050005198],[-8.958531999997966,39.158248500461795],[-8.947459500127467,39.147143000295884],[-8.936371999645308,39.1550414998441],[-8.93712300014537,39.1343879996966],[-8.92350049971917,39.11947550042525],[-8.923675000209595,39.111978500285204],[-8.919915999997242,39.11101850045992],[-8.918695500071907,39.10605900008919],[-8.955617500364161,39.10985249960165],[-8.953634000410858,39.101953499539775],[-8.94174599956131,39.099487999649305],[-8.946942500043098,39.09759750020332],[-8.940819000435038,39.091380999574376],[-8.939577500369696,39.08394750009089],[-8.946824000323275,39.05076049970089],[-8.95192999985704,39.056225499754824],[-8.950444499423881,39.047902999668686],[-8.95466199980003,39.048418000385176],[-8.955667500013963,39.03960850029604],[-8.959718000000663,39.04137100030464],[-8.960655500345858,39.038312999852714],[-8.945961500375287,39.031990499579166],[-8.935756000491658,39.03543850007734],[-8.930277000337515,39.01802499984894],[-8.941213999942905,38.99897900002498],[-8.94748600048811,38.97764800019137],[-8.95795099979383,38.96575050038008],[-8.969420499876774,38.97612249985408],[-8.979350999543922,38.97635250012188],[-9.00203550054854,38.9891650000414],[-9.004748500520273,38.984447000126956],[-9.011367500331621,38.984243499843245],[-9.009076999664169,38.97845249975755],[-9.01503550028794,38.976344500099685],[-9.022028500167341,38.952567999745135],[-9.017300999777046,38.94111300043056],[-9.010016999548098,38.94022949983159],[-9.00203650029918,38.93268199949374],[-9.014290499823922,38.912859999749955],[-9.019935499522754,38.92138749991041],[-9.01854900000571,38.92503349979012],[-9.035449999766058,38.930112500226976],[-9.042968500416793,38.93684150028397],[-9.053109500300652,38.93295499965859],[-9.05126700044001,38.9283739998469],[-9.057715000010715,38.9293669998039],[-9.059705499828862,38.92570749997432],[-9.061996500099202,38.92741299956272],[-9.064261500241535,38.91913550026109],[-9.071234999526363,38.91937249978972]],[[-9.169781499797702,39.33349399979144],[-9.171311499525904,39.32908750028668],[-9.166832999422587,39.32268549969801],[-9.149891000235568,39.31415149960545],[-9.143957999585604,39.31436699977472],[-9.14659700021893,39.31954149951331],[-9.141913999705453,39.32443900047374],[-9.137440500307365,39.323510499534095],[-9.135875500548465,39.32756850025649],[-9.129179999644238,39.32615999977882],[-9.125945000255872,39.330787499599154],[-9.127867000299542,39.3371504995383],[-9.13373500025991,39.33199299952376],[-9.14554750007595,39.33448800001334],[-9.148694000443308,39.33830449994841],[-9.150881499477599,39.33608349965153],[-9.15769500026581,39.348461500263426],[-9.172315000394548,39.33955550037498],[-9.174116999684541,39.33446800047268],[-9.169781499797702,39.33349399979144]],[[-9.192583499327206,38.99221499971273],[-9.191300499839647,38.99815250003322],[-9.183840000000954,39.00569249960646],[-9.17435850020527,39.0031630001619],[-9.155036000113896,39.00767650035819],[-9.151799500408787,39.01559650015313],[-9.135781500500041,39.02505899994128],[-9.134023500395688,39.03365850001389],[-9.156284999435753,39.03134500003214],[-9.156679000285772,39.02747899970967],[-9.167413499926838,39.02223400013195],[-9.162498999740452,39.01678600050999],[-9.167762999867874,39.01481099980742],[-9.168924499914228,39.010355999967864],[-9.180579999619157,39.01314249988737],[-9.183943500499641,39.008396500060805],[-9.183502999438657,39.01032299984535],[-9.193316500043723,39.011859499825675],[-9.193108000260251,39.00891399956779],[-9.197126000412586,39.00818449949828],[-9.194208499955526,39.008582999725654],[-9.192545999975124,39.00609999990809],[-9.194080500034516,39.00406849971323],[-9.194431000468086,39.00643750019743],[-9.200813999945598,39.005072499553236],[-9.20317199964401,39.014755999743464],[-9.212433999571822,39.01041700048658],[-9.204075999864438,38.993422000444966],[-9.19871200002931,38.99587949989226],[-9.192583499327206,38.99221499971273]]],[[[-9.353419999737532,38.74283750029754],[-9.34886250020812,38.746613500268126],[-9.335926499847234,38.74674199981736],[-9.329816000153928,38.75214300041525],[-9.320640000575947,38.74074500003618],[-9.308545500321255,38.74450599973988],[-9.311084999975307,38.734942499873064],[-9.318870000614698,38.73024850007584],[-9.314850499585807,38.717558500344474],[-9.320028500389665,38.71181400035407],[-9.323033500215073,38.71273000012422],[-9.32009199962558,38.70774749980135],[-9.302714000433076,38.7132794995082],[-9.26987349983366,38.7160305000948],[-9.262096499930037,38.7136190003021],[-9.266816500308465,38.708123999489274],[-9.260034000287652,38.69963799988788],[-9.276052000166626,38.696971999625525],[-9.280908499747504,38.69865200046491],[-9.289240999632847,38.69562750038326],[-9.305279500118546,38.684621499677704],[-9.313880000461289,38.68402200005996],[-9.316463500044708,38.67598149974724],[-9.322761500268376,38.675896499619746],[-9.32381700020483,38.67314949970815],[-9.335712500031,38.67969499972632],[-9.346703999829389,38.68070349960095],[-9.392177499620706,38.70202649962649],[-9.405774999794362,38.703640000317016],[-9.417030499674151,38.70007949973649],[-9.419956000158981,38.69638200025785],[-9.413685999518766,38.69320150004574],[-9.417920999661836,38.689952999813634],[-9.42136450041135,38.691719500080374],[-9.42682800022865,38.6893740002927],[-9.43970000033847,38.69576449949038],[-9.459483999699255,38.69486699966505],[-9.486224000280666,38.708143499990776],[-9.47226799986973,38.736679000345305],[-9.471893000645412,38.74979500022611],[-9.483777500227106,38.757347999787044],[-9.484699999905557,38.76157249971283],[-9.491195499714758,38.76298150022436],[-9.495124499959253,38.76867499984627],[-9.493402999466836,38.775611500105235],[-9.498226999690006,38.77653050039934],[-9.500526500235813,38.78070950005124],[-9.450606499453894,38.860157000072874],[-9.451364500140272,38.86708249994918],[-9.444198500489323,38.874582500253766],[-9.439227000266133,38.89366549980665],[-9.434786999933225,38.89693599986992],[-9.43124299944432,38.91212049969576],[-9.41982699944015,38.93243199985964],[-9.412610500026442,38.92751949997121],[-9.403068000387197,38.93134100002776],[-9.395151499648572,38.93063600044468],[-9.379355000246242,38.91858649954544],[-9.37752600048034,38.91099050018288],[-9.380520499863065,38.91019550020657],[-9.38027700014492,38.905084000228676],[-9.368911999439314,38.90041499971741],[-9.36524950047722,38.90251049993221],[-9.360663999857817,38.89439050035693],[-9.351413499608677,38.8982900005202],[-9.349974499762718,38.8906049998761],[-9.343587500117359,38.88515000002931],[-9.345668999490366,38.883347500012896],[-9.329962499505777,38.88198049974983],[-9.331011000390752,38.871090000138516],[-9.340231999965237,38.85887400038363],[-9.337048000108975,38.85509599977761],[-9.338324999535864,38.84375749971219],[-9.347888000445312,38.825197500062075],[-9.341357499962474,38.82047799973571],[-9.346020499702327,38.8130074998221],[-9.343742500112281,38.80986149993519],[-9.351994999852154,38.81231200009955],[-9.366679999832279,38.80859850001012],[-9.364007500167391,38.80468849993848],[-9.367220500203358,38.79774249982214],[-9.355941500469452,38.79479549967768],[-9.355045499983968,38.78856699957968],[-9.349391499658772,38.785823499700356],[-9.34959349949774,38.7799000001203],[-9.341629500326617,38.7788245000211],[-9.349323499781844,38.7684000003487],[-9.348340000079297,38.76313199995184],[-9.35956900059971,38.7585530002575],[-9.35321499966983,38.75166700010926],[-9.353419999737532,38.74283750029754]]]]}}]}
