{"type":"FeatureCollection","features":[{"type":"Feature","properties":{"slug":"slowakije","name":"Slowakije","source":"https://doi.org/10.6084/m9.figshare.19312094","sourceIds":["PDO-SK-01899","PDO-SK-A0120","PDO-SK-A1354","PDO-SK-A1355","PDO-SK-A1356","PDO-SK-A1357","PDO-SK-A1360","PDO-SK-A1598"],"resolution":"municipality","sourceYear":2022,"labelLonLat":[18.03957,48.30023],"scope":"Union of the named PDO geographical areas; not planted-vineyard parcels."},"geometry":{"type":"MultiPolygon","coordinates":[[[[21.798241499347153,48.74650800012933],[21.807348999612582,48.75124900034867],[21.80794550003153,48.75949700039804],[21.783918999413558,48.7559884996294],[21.766253000440404,48.75657099952318],[21.766342499592735,48.76469050000623],[21.75663400060077,48.769772999972],[21.757542000093608,48.77490350005561],[21.73998799945174,48.774633000161174],[21.74092449951812,48.78046800038131],[21.729778499754143,48.78067899996779],[21.732708999369088,48.78651800017786],[21.72863750016008,48.793403499939],[21.75577499965867,48.79894299989479],[21.759819499777233,48.81373900034106],[21.751765499987822,48.821565000111804],[21.759775500374495,48.82445199992689],[21.75875899976774,48.82716150046092],[21.776533499584136,48.83023600000472],[21.795655000402856,48.82670149999069],[21.797883499291967,48.83203299970155],[21.817134499920183,48.83276499955934],[21.827386000218652,48.83650499999477],[21.834335500199508,48.82719649986298],[21.830436000395807,48.82410999967073],[21.842065499446644,48.82644949993906],[21.838432499661735,48.83013600009602],[21.850135999388755,48.832738499739996],[21.854964499769462,48.828363499623855],[21.85889299944294,48.83191899971882],[21.85366950061708,48.855674000046115],[21.834631000424146,48.85618549978676],[21.830667999483136,48.854808499730375],[21.831109000372056,48.84870399986018],[21.82302499978695,48.85393999978424],[21.801475499457094,48.85096799990679],[21.783408000456628,48.88124899973569],[21.788077999967,48.88226700034463],[21.787016500346283,48.89584549963252],[21.791415000579867,48.893979500098055],[21.799624999675746,48.90137900028416],[21.815676000468805,48.902828500304445],[21.814185999870734,48.90746600028332],[21.824914499619798,48.915312999860895],[21.824507500190958,48.934899500007106],[21.82860100018592,48.93537950042348],[21.83363800034598,48.94376949960856],[21.84599150054808,48.93763150036664],[21.85011249949654,48.93033500010884],[21.865037000031414,48.93108000031756],[21.865044999505443,48.92123049976616],[21.856681000406375,48.91595399961415],[21.86678250058644,48.90635550023341],[21.873842999871297,48.912820499650046],[21.887452500015264,48.91267300038014],[21.892206000278925,48.917616000231845],[21.90221099947906,48.91935300050036],[21.90729299973159,48.91658499974261],[21.90878499967223,48.91923800023764],[21.923929000098603,48.915764500347784],[21.925664999327914,48.9095709998413],[21.91981350040676,48.900985500296535],[21.92681599941027,48.89428749974999],[21.91549900035166,48.88695849999776],[21.91815350044097,48.87729550002869],[21.93126500047831,48.871530499806155],[21.94471600043314,48.86965700040103],[21.960871499611212,48.874232999707736],[21.970139999417373,48.86457099981452],[21.968133000649548,48.85187150002081],[21.972199500000176,48.84896300012082],[21.99119200032207,48.84747700010343],[21.991041500539993,48.83970549979126],[22.02985500008227,48.838710500124904],[22.07164649941904,48.84698800002732],[22.131583000283733,48.844694000190856],[22.13073300017731,48.87016250000302],[22.123732000282835,48.87593500008714],[22.127517000028927,48.88919000008125],[22.15656150030036,48.89351350018517],[22.160195000199423,48.904822499591724],[22.183475000720243,48.91871250016191],[22.18860649963116,48.929150499789884],[22.22912349949692,48.927627500377056],[22.234829500315954,48.91750750002507],[22.23452300003776,48.90683299998775],[22.25536000016885,48.87903649970396],[22.252055500312387,48.87080050033797],[22.257237000678845,48.86736800030142],[22.262077000471773,48.85033150010318],[22.25410300005454,48.8371540003477],[22.270507500161155,48.82382799992364],[22.282913499604767,48.80239400013909],[22.283622500412157,48.79541550007725],[22.2763635001367,48.79354299955351],[22.29813699948961,48.79220199985321],[22.308207999794462,48.79431250017576],[22.320897999488572,48.789298500323625],[22.332734499334048,48.79260399985564],[22.33333250070044,48.79520300035123],[22.364463499726625,48.779972999612475],[22.345930000661344,48.7663470003515],[22.34272500010737,48.75062350005664],[22.34964950032532,48.742944500236426],[22.340792000400786,48.7358959998754],[22.322898499338773,48.72925450002336],[22.30696649932348,48.709736999729785],[22.308096999599666,48.699371999960555],[22.31337349963079,48.69446599982743],[22.313759000494237,48.67920549997061],[22.302518000209695,48.67591850012515],[22.282157999404347,48.66156899973497],[22.250181500478938,48.647059999925844],[22.24388900003362,48.632910500062074],[22.226210500325806,48.627778500284684],[22.20819849956286,48.63296700016556],[22.210383999420316,48.63473500011915],[22.20554099925358,48.63849349972219],[22.196739999864764,48.638344000178165],[22.196163499476626,48.64295600046227],[22.17464400003078,48.6474184998807],[22.174765499509693,48.65380149993021],[22.183650500339017,48.652481000161394],[22.185289000529036,48.660491499778935],[22.181090499578996,48.66475000027057],[22.187654000393337,48.666931500265626],[22.199689999546443,48.68225850034314],[22.198392499851067,48.69915750022903],[22.202318499427296,48.70935250042742],[22.197024499459218,48.70989200021139],[22.199410500621223,48.712563000035324],[22.188009500014736,48.714616499857556],[22.19041249958914,48.71694950005509],[22.184569499535485,48.71813649977272],[22.188233499827938,48.7216539999139],[22.173604000418358,48.7264825001381],[22.155865000337418,48.74033950015227],[22.171312000037517,48.76479600044582],[22.16472749954447,48.765463500354194],[22.162124999462904,48.76287250036797],[22.129585000326607,48.76475600009933],[22.12411300044108,48.76040999986891],[22.107301000243645,48.7638605000298],[22.10392449968703,48.78660749993503],[22.08753299972825,48.78508600037739],[22.09173200003827,48.78901900038957],[22.083603500267063,48.79261049990656],[22.046773500387673,48.79632300013344],[22.04466750005304,48.79281649956287],[21.970215000224208,48.77778000034889],[21.967121000383475,48.770735500100905],[21.96121099986945,48.76852550036642],[21.96338200045288,48.76274800007106],[21.945180499690686,48.75300400003787],[21.95946049972528,48.74671449974804],[21.96088699979214,48.742725999810396],[21.965935000295556,48.7442935001951],[21.97273900040707,48.73858200026265],[21.963745500382874,48.73756950019282],[21.970238499363624,48.73048449988525],[21.977965500524608,48.73135049949698],[21.978216499335577,48.72553599974328],[21.952390000205494,48.717701999546875],[21.93362249943758,48.72203900032604],[21.92837399954591,48.71283099973121],[21.911289999732805,48.70909799976097],[21.903492000479556,48.726775999878114],[21.900005000333227,48.72641600040485],[21.896269999365654,48.73270149970516],[21.888717500411353,48.72926049957666],[21.874688499955646,48.72852999991665],[21.877479999931904,48.71691500043489],[21.87375399991193,48.71872700028692],[21.857838000217463,48.708803499978984],[21.83730200054967,48.709404500283526],[21.834352499301673,48.69701599978761],[21.80471700048991,48.686636499785486],[21.80399449934752,48.6796389997267],[21.781290999955672,48.6757425004071],[21.782378499878117,48.68339099962261],[21.777785499804146,48.68989000010635],[21.786148500552702,48.692033499997166],[21.78308700055019,48.700739000167296],[21.79586649950978,48.70918100004362],[21.793025499420175,48.712712500269184],[21.830973500689357,48.723098500234485],[21.821140999968147,48.73173700029296],[21.819647000270894,48.737690999789685],[21.825934500043015,48.741449999905456],[21.822451000498376,48.745066999708925],[21.798241499347153,48.74650800012933]],[[22.141446000061766,48.81034100033048],[22.15399500055351,48.805370999640694],[22.165734500223344,48.813868500409335],[22.17620550046603,48.83169950035778],[22.176233999573217,48.83607099999716],[22.17079750029679,48.834110000149295],[22.17151250060378,48.84543550019107],[22.150143000674657,48.833019000291664],[22.153774500021026,48.820816999950374],[22.141446000061766,48.81034100033048]],[[21.867815000547075,48.76830650035494],[21.84463300037546,48.78272450035109],[21.817603000167345,48.783470500220375],[21.819057499921325,48.75470200042386],[21.82638250039762,48.76001699952194],[21.83296500066941,48.75883550014746],[21.83729249986936,48.761351500252076],[21.849436999762936,48.756948500360885],[21.857272499994956,48.76182149969589],[21.856063499288755,48.766884999723544],[21.867815000547075,48.76830650035494]]],[[[21.658402499771327,48.48706199976853],[21.683434999712993,48.494949500177896],[21.697665999847352,48.4945575003446],[21.710438499409527,48.48280399972606],[21.729665499405325,48.50134000020007],[21.73067249955574,48.508257499819216],[21.751317999853917,48.50632799973534],[21.75876400066079,48.51284350002061],[21.775620500000255,48.516451999569156],[21.777907999773703,48.52207449982768],[21.767179499907936,48.52455649991261],[21.753909999942824,48.56003849982075],[21.746289000427872,48.5645064999056],[21.73907800013686,48.56403150012834],[21.731295000649588,48.57380350021237],[21.70144300060759,48.569981500387954],[21.699521000088115,48.58165599974781],[21.703545999564334,48.58595199965427],[21.7172805004598,48.58663899994763],[21.728039999926168,48.59144400038071],[21.77468100000611,48.59525499969095],[21.810705499423474,48.5947065001422],[21.80140599933701,48.60628149978326],[21.79420699976969,48.65423050015676],[21.79981950062127,48.64498749980935],[21.815714000693525,48.6502575002034],[21.85536350007977,48.656431999719345],[21.861087499445794,48.64801599963845],[21.858834999594162,48.643354500069066],[21.863119999649907,48.6340739999047],[21.861681999732312,48.62384499963588],[21.855529499621998,48.62211200041985],[21.8568269999335,48.615020000406346],[21.86041099941676,48.61107000031086],[21.87248149957595,48.61295300020945],[21.8785334995822,48.60952700003049],[21.862084500602446,48.59375700024825],[21.87121300015377,48.58291599977067],[21.870700499649175,48.57121100001625],[21.876179000554924,48.56663599996534],[21.871479999439835,48.56609299991509],[21.875759999575685,48.55768899990665],[21.870787500237487,48.556403499756264],[21.866550500655,48.56102000014202],[21.856846499538047,48.56087949973859],[21.837522000662645,48.551211499940756],[21.834226500548013,48.54311750015316],[21.836095000010616,48.53037149960571],[21.830078499483925,48.531977500445215],[21.83193250057826,48.527584000278566],[21.8228104995903,48.522744999968154],[21.83159499955261,48.52471200036029],[21.83169150034802,48.52252400034331],[21.821021999962948,48.516682500367914],[21.81308549964452,48.518775499646026],[21.808314000124096,48.515037500122155],[21.81003100005409,48.50836799971394],[21.826841500515943,48.49042200015536],[21.820970499495385,48.48674650048724],[21.822987500415437,48.480327999687496],[21.81657100054873,48.475886499539236],[21.826430000623844,48.47222800006796],[21.814378999803456,48.47136799969574],[21.813124999810853,48.47523999974779],[21.809662499886688,48.46684950030801],[21.827431999905087,48.46722149956192],[21.822443000765027,48.46374600035476],[21.83097249951706,48.45947950007819],[21.835840000054173,48.460197000256926],[21.832711500383017,48.46341299968572],[21.841121499709928,48.46953999967095],[21.852595500299504,48.46529399987937],[21.863156500721736,48.46681700021785],[21.859094499562094,48.46248700023299],[21.873306999969845,48.45420800023496],[21.878551499858602,48.456925500453096],[21.87454499998873,48.46497449978481],[21.890536000592473,48.46644899964887],[21.89440700038916,48.462454499821305],[21.89264950003872,48.45760449974018],[21.89948550046919,48.45777949970166],[21.922842999648744,48.47237099988057],[21.9195790000309,48.48881549985964],[21.923390000490688,48.49527749951499],[21.919941000604346,48.4962740002966],[21.921252499739598,48.50865349965946],[21.916664500311647,48.52163850027866],[21.928232000419296,48.52228550016351],[21.920447499938142,48.546597000343866],[21.92953300059344,48.55718350014629],[21.934045499983085,48.55799950004913],[21.94508699963357,48.547482499750124],[21.947550499440037,48.54911050018274],[21.952082499587426,48.545617000078096],[21.963918499537762,48.54698299982744],[21.96551850062595,48.54363900024423],[21.97627999923704,48.54746899967285],[21.98596199987578,48.54504899956127],[21.989903500350575,48.54742149966801],[21.988245000026577,48.55050350023968],[22.017726499425258,48.56373499996603],[22.021384500216925,48.56953300031114],[22.01797150064154,48.57449050013509],[22.021463999571655,48.57512500043823],[22.02748849955211,48.56710499972749],[22.032831999275327,48.56731299969018],[22.039482499714804,48.55962799994042],[22.043938499725027,48.56047349986307],[22.052884999467977,48.54711199962584],[22.050255499365292,48.535609499900296],[22.038729499985596,48.531360500272555],[22.0430290003009,48.526720499771976],[22.03363849983982,48.52416249996433],[22.037198999373338,48.511777500246296],[22.039565500339293,48.50834349970737],[22.052539000122557,48.504299000016836],[22.058860499678147,48.49527049968572],[22.070863999485358,48.49278249969893],[22.08741799982883,48.47801500026575],[22.071985500589154,48.449918000003294],[22.055111500623813,48.443662500065095],[22.06469550008491,48.4412140004252],[22.068407999965338,48.435178000073954],[22.074706000611787,48.436758999786555],[22.075296500194003,48.43386499979065],[22.06372900015922,48.43019099998395],[22.063680499570925,48.426948499611335],[22.072873999669284,48.42956449985347],[22.076728999621455,48.426356999654175],[22.050359000382276,48.4209014999565],[22.042983000169464,48.41142599986798],[22.070298999505937,48.41618100007349],[22.074891499932853,48.40885149955714],[22.070387999898887,48.406605499687274],[22.071867999982548,48.403183999720184],[22.098149000044014,48.40774100026951],[22.09661599964832,48.41123349959403],[22.10910950051968,48.41280699952578],[22.11616199945758,48.41918349980091],[22.136401000003197,48.425383000323045],[22.142859999710236,48.40432199998442],[22.155306000080124,48.40339650023377],[22.155113000091017,48.398755500212964],[22.150330500678646,48.395072000127854],[22.131041499425724,48.39122749991903],[22.13589450024186,48.38051399987561],[22.121077500263812,48.37831149972234],[22.110288499891016,48.38117100009117],[22.101534500595587,48.376216500313205],[22.093228999743165,48.378546999878154],[22.08672849967343,48.371558999800186],[22.0844145002258,48.38078299995758],[22.07647199953338,48.38723649975839],[22.072799500650174,48.382007500072575],[22.06154950050956,48.382770999545365],[22.054591500613938,48.37752300035216],[22.042692999716035,48.384762499947904],[22.044533500437684,48.3921994999884],[22.038288500381036,48.40119199981712],[22.045248500318177,48.40752000028834],[22.038714499645224,48.41620900042424],[22.044528499397014,48.42468749996211],[22.031461999583936,48.42714199997812],[22.019212500475934,48.41854100001918],[22.011737999792036,48.419972000295395],[21.997413999649545,48.4166445001373],[22.02123399946036,48.39801799992311],[22.022998999430126,48.3886180003036],[21.994449500538956,48.37731750021945],[21.9890779993943,48.37920349981819],[21.98590599939638,48.375816499988524],[21.983384999362865,48.37953300012116],[21.975360999471846,48.37788899998667],[21.971380999647923,48.38026499994214],[21.961142500029574,48.379587999931644],[21.96103049953498,48.377129499634286],[21.952512999907988,48.379477499783704],[21.946278999817814,48.3749129998155],[21.93922899929799,48.374566499868294],[21.935852000238796,48.379504499700296],[21.93604150031532,48.37409899957872],[21.931483000040014,48.37630550011428],[21.92643899941733,48.37301200041076],[21.92429249964017,48.3773179999409],[21.931485500110135,48.390259500032165],[21.9293535004685,48.395158500218216],[21.93710449970777,48.397560500365294],[21.92826200016687,48.41134850000571],[21.914393499746936,48.411094500410414],[21.909166000448245,48.41377299998217],[21.901124000405886,48.39935750005045],[21.860524500278938,48.40493999952221],[21.867395000382857,48.39690649984402],[21.8671409994264,48.39132649976731],[21.875280999983808,48.392766999852995],[21.87845800004763,48.388912499754234],[21.879630500607878,48.37665100029748],[21.886732000094636,48.36877399972653],[21.883038500173264,48.36434649969789],[21.8881809995276,48.359458000209],[21.88505199993763,48.3563420001246],[21.8809000003703,48.362597999911834],[21.874515999735387,48.36052699976058],[21.875336500549018,48.35584249949658],[21.865098999355254,48.360196499653526],[21.865330499945806,48.355794000364305],[21.861742499468257,48.355497500398606],[21.85427550045599,48.36626400013417],[21.836201500180017,48.36283500016275],[21.83743000032375,48.34263450031326],[21.833552999924258,48.34021950038122],[21.833707999426885,48.33399299990825],[21.817241499323277,48.33283499975033],[21.818472500152414,48.33708799997506],[21.80579099951559,48.338235000489604],[21.79838350054221,48.34248399960183],[21.783006999854802,48.33893849962634],[21.764208000040316,48.338988499762515],[21.74499549942603,48.34872900028411],[21.72398999996945,48.34984499986566],[21.711857999875868,48.357613500056075],[21.714253000692466,48.36630350026687],[21.705353500334088,48.36604999975535],[21.70325200000014,48.369878000257536],[21.725755500700696,48.37898950026888],[21.71907950003196,48.38420200038621],[21.71265499982503,48.379233000051464],[21.704526999993856,48.3800840001654],[21.70600400039732,48.38418000001795],[21.721582500237883,48.38777899986968],[21.721827499916934,48.389933499971576],[21.712668500260865,48.40384950036448],[21.718909999761237,48.41169500044602],[21.70847550007827,48.410736500368415],[21.707410499552186,48.42014799962476],[21.699526500562637,48.41508299948817],[21.680348999506325,48.413068500213114],[21.682361000079446,48.39807549971425],[21.687969499701556,48.39737300001916],[21.684206499880098,48.395563999803414],[21.684665999261135,48.390304999678],[21.66855600050449,48.38921299972916],[21.664548499831806,48.39216050024098],[21.667401999824037,48.398210499720896],[21.663536500307856,48.41795699952842],[21.65955100026284,48.417992000187034],[21.65034550054318,48.43276549990582],[21.652070000350513,48.43604549985349],[21.63967300053638,48.44752149968015],[21.631283499903077,48.44920550022972],[21.628407499777975,48.45662550025588],[21.631479999456428,48.45919750009051],[21.620119999958405,48.46995349968589],[21.624419499626594,48.473014499913305],[21.61830550008908,48.497987999934246],[21.64622499959641,48.500959999590165],[21.653240499451822,48.50435149974082],[21.658402499771327,48.48706199976853]],[[21.94930449976744,48.50267600033875],[21.950785999847373,48.493829000093044],[21.955836500198945,48.49025849994232],[21.94952200019298,48.481278000217074],[21.96145999983044,48.46923049962582],[21.954365000059557,48.461064499869174],[21.959466999884253,48.45763600038834],[21.964281499615755,48.45849899994002],[21.962374000667126,48.46182650017938],[21.97259149942121,48.46972500029151],[21.973471999607195,48.47875500024058],[21.967284500489367,48.48782849982242],[21.974674999945677,48.497578499827306],[21.966140499627485,48.502868999589225],[21.960360999280827,48.502321499686964],[21.961801500547654,48.505631499626496],[21.94930449976744,48.50267600033875]]],[[[22.051934500047743,48.77323250020054],[22.076501000162857,48.7704349996332],[22.07928249971012,48.761353500171914],[22.095465499729094,48.76363449977738],[22.0989869994902,48.75929250030925],[22.05738449944576,48.74963450010586],[22.049556499431894,48.757328499886256],[22.051934500047743,48.77323250020054]]],[[[21.11138449944452,48.515008999916084],[21.103680500318518,48.52322999971194],[21.108116999985956,48.53327600014543],[21.10332200018599,48.544396499787034],[21.09094399986729,48.547646499616256],[21.10116750043262,48.553543499992784],[21.140399000165612,48.563015999828345],[21.149113500349404,48.5702449998179],[21.157891000529556,48.570792000203234],[21.159094499432772,48.57708900044717],[21.196689499844663,48.570423500455014],[21.202643000677053,48.57518950009071],[21.22054600032101,48.570035999581954],[21.240342000551987,48.57732849966874],[21.235258500197652,48.597325000273834],[21.250292500285493,48.600210500049144],[21.253493500133473,48.577149500326165],[21.27134850057612,48.57609549981503],[21.272675999950145,48.57211200042064],[21.285820499929194,48.57572650008551],[21.289389000248796,48.57994099976803],[21.31277549978819,48.576601500324735],[21.3144654996632,48.57993450043879],[21.319387500528585,48.57654900004384],[21.324631499683186,48.57958600030291],[21.333039499471074,48.57905150001718],[21.329047000031213,48.587717000134646],[21.322097000710503,48.58873650011844],[21.321556499944737,48.59177349965236],[21.32662100034596,48.592164500053784],[21.327921999941193,48.59850549982653],[21.333780500121385,48.595870000388324],[21.340413500098986,48.597000999985625],[21.34427899994356,48.60867600010674],[21.346304499989643,48.60548900005635],[21.35707450053065,48.605076000017604],[21.367590499668914,48.61403800035515],[21.368601000518176,48.611453499936616],[21.372589000106,48.61258049975002],[21.377049999843805,48.60250050044762],[21.392972500692455,48.6044645003437],[21.39057500034165,48.60015100021554],[21.376118499467744,48.60024950022334],[21.355752000044372,48.59246849961926],[21.353624499444628,48.57901499984375],[21.36335549940227,48.57886300025913],[21.367351499990153,48.573977500437536],[21.371484999982535,48.57655350032559],[21.39573600003126,48.5634790003895],[21.379608499739913,48.55819049957751],[21.349441500448595,48.56057099979318],[21.323366499628875,48.55769700013316],[21.325881499825627,48.561694500086496],[21.322738999437995,48.56233599980283],[21.3159380004971,48.55542749983652],[21.32619250068643,48.556096500351146],[21.32653250064688,48.55350900027094],[21.31634149963793,48.55280749997682],[21.3131835001,48.549845500348184],[21.321143500639128,48.54722999998047],[21.311653499547017,48.54585200022257],[21.27213149952686,48.55703950007167],[21.213424000023206,48.554588500414795],[21.215636499935982,48.547073500381934],[21.238627499997165,48.54294099969608],[21.23927600027022,48.53967099972343],[21.232913999906625,48.539061000383036],[21.233300499834115,48.53415399966999],[21.22104900039534,48.53749400016609],[21.21654199974165,48.5315234999099],[21.209255000582527,48.53350949999953],[21.209115499889307,48.52737050026331],[21.199034499484462,48.52445299973384],[21.192555999697188,48.526571499881975],[21.191219999417378,48.52264500038604],[21.188004500606088,48.52482550017384],[21.179622999858214,48.5182300003532],[21.17343699998188,48.52193600017913],[21.160864499539365,48.52149600014303],[21.138353000365417,48.50289400009314],[21.123294999666644,48.512762999766615],[21.11138449944452,48.515008999916084]]],[[[21.0062279994129,48.55599899988157],[21.026795000240558,48.55691999967496],[21.03262649977872,48.56074350040629],[21.04760050028313,48.6202384998266],[21.042151500704218,48.62628200028756],[21.043600999548392,48.63223250016826],[21.06555150012109,48.62911400023549],[21.070493499647313,48.6226720002272],[21.094200499407147,48.62395699990537],[21.094449500491645,48.612924500229084],[21.079096999427556,48.573542000125606],[21.067844999714254,48.562336999963286],[21.051970500274763,48.55406149962186],[21.059632999720797,48.54408549990947],[21.058531499488772,48.52765099972946],[21.044130500233177,48.52565749980532],[21.033928500555895,48.52708499950831],[21.030271499351862,48.53076849980204],[21.023255000266268,48.52945500006366],[21.015103000568228,48.532309999630506],[21.0040730004536,48.527344000279925],[20.990576000122022,48.52637500016112],[20.989315999879537,48.52173799991868],[20.981575000222232,48.51776350026801],[20.976091999815385,48.524495999648565],[20.96537999972408,48.52042550008967],[20.956187499388598,48.521663000126885],[20.955870999788427,48.53396050045037],[20.945627500467516,48.536397000222934],[20.94097100006097,48.53453200023873],[20.94171550014976,48.54288949953951],[20.947661999369902,48.54943499973823],[20.943677000372627,48.56561349994852],[20.96441699933776,48.567334499662095],[20.970526499594406,48.57117950043059],[20.974028000103917,48.593493999682664],[20.95950449977275,48.59334950002086],[20.93576950045342,48.58625250006685],[20.934309999681528,48.59056600037594],[20.90971600010298,48.59510599964417],[20.899168500430875,48.592345499652545],[20.881248000634606,48.57681600016725],[20.8669230003814,48.591110000345985],[20.799409000528698,48.57457699993265],[20.733891999675027,48.57008350016278],[20.734736500082832,48.56669099967838],[20.727099999622535,48.564407000378274],[20.726222499995423,48.569607999764905],[20.713120499955913,48.57038999980662],[20.679489500411478,48.559514499992495],[20.671698499789134,48.56252599964116],[20.665589499680117,48.55994099963875],[20.65305650035836,48.56148549972425],[20.64295600016879,48.5569159999262],[20.63575599965355,48.55765849976134],[20.63488499947345,48.56429200015826],[20.626479999909375,48.57060350012453],[20.618837500077102,48.5701624998798],[20.60709649938484,48.57433200004789],[20.595504500094325,48.59442700005319],[20.57500649988975,48.602126500240075],[20.591514999947695,48.608172499815886],[20.614797000066552,48.606084000130515],[20.643999000258244,48.60792649992682],[20.651208000673165,48.614068000214196],[20.662279500510333,48.61696049954058],[20.689139500515154,48.6118855001966],[20.70411549965185,48.612581500089284],[20.70513649950284,48.60742300042662],[20.731127500310603,48.61260799963854],[20.741033999724912,48.6201225002089],[20.760481500294702,48.618072000246514],[20.80623150015808,48.625377000384205],[20.811056500226492,48.624308500406144],[20.81952150035857,48.60961699999996],[20.83479550029898,48.60994850014153],[20.838174499927863,48.60575949966494],[20.84517249932499,48.605245500038606],[20.844888999573914,48.61767850045779],[20.851258999844273,48.61866500036494],[20.875356999565923,48.61090050042568],[20.89420299997027,48.62051300013646],[20.896717500435532,48.62483550033204],[20.892547499657887,48.62510199997102],[20.887028499458662,48.64374500003105],[20.892190000537656,48.64477950000169],[20.89319500009315,48.65442400031448],[20.903136000042622,48.65716850015347],[20.895829499560644,48.66423050013275],[20.930988999517986,48.67050200008069],[20.966105000177752,48.665291500246234],[20.978124499994735,48.66716899958135],[20.98010249995937,48.664455499646266],[20.98387399968391,48.66764200013706],[21.002151000448553,48.653726999835314],[21.007384999371215,48.667414499779966],[21.013630000274432,48.66743650023614],[21.019230999544355,48.671684499895804],[21.035992500032087,48.65847150039834],[21.02222349958498,48.640139999653975],[21.013691000190576,48.6084295001263],[20.99804000056462,48.60233199987109],[21.006147000545578,48.58841849978926],[20.997115999680158,48.55987599979084],[21.0062279994129,48.55599899988157]]],[[[20.374267500268115,48.32699349973653],[20.356393499786222,48.31279849996909],[20.35789750037425,48.30977150036469],[20.337454499991246,48.30167250029615],[20.333380000116854,48.29050849988682],[20.325759999360134,48.295955500150626],[20.323924499543164,48.30270300038459],[20.314444999644685,48.30454000040748],[20.318644000169243,48.31227450036888],[20.322340499551917,48.311638000263265],[20.32753100052232,48.31633900017486],[20.318715000705645,48.317868000170876],[20.32160799996194,48.32329849955659],[20.326141500074304,48.323663000128484],[20.324389999293366,48.32721649969196],[20.327081500551103,48.32663049997174],[20.329169500143195,48.332052000314235],[20.339954000182242,48.33319700019586],[20.355394499718866,48.352692000204556],[20.352487000401894,48.35592100035095],[20.345310000369896,48.352565999910276],[20.32479699990145,48.35369200031977],[20.31538900013028,48.34980550024439],[20.314091000255438,48.35645049973009],[20.299741499658484,48.36560950020659],[20.295413499741326,48.374347500392254],[20.287362499975536,48.380000500044],[20.287701500440996,48.38647100029624],[20.280132500420986,48.39777399989007],[20.287911999570923,48.40610600017098],[20.2839769994369,48.42101200006742],[20.28941649986798,48.42478449981183],[20.288433999538874,48.42835649975911],[20.283579000583146,48.42899450025894],[20.284859000057338,48.431357499574816],[20.274174499511872,48.440344499627294],[20.295680999384793,48.44823400013362],[20.292062999961406,48.45591650043085],[20.298323500207285,48.45869850019989],[20.295951999633065,48.468328499848425],[20.305887000145454,48.474175500163696],[20.30641400016903,48.4796740000639],[20.319931999502526,48.474319000348316],[20.332828499784746,48.47564999986827],[20.332627999540758,48.47358250018325],[20.34159249973877,48.472780000471474],[20.334451999779045,48.46330899982579],[20.340214500091086,48.461228500110956],[20.36217300059938,48.46321650000931],[20.369622500056565,48.46126750030221],[20.380022499855123,48.46816099956243],[20.39095699941506,48.46308950025197],[20.396186999972997,48.45647949991543],[20.413956999747345,48.461149000177684],[20.420266499521773,48.47048800041128],[20.427634000536358,48.467124499783786],[20.433045500275128,48.46926450031479],[20.43739100030884,48.46755849953516],[20.455581500553038,48.473565000388945],[20.4643145002753,48.46839850019635],[20.469899500098375,48.45243999985897],[20.45214500035622,48.448722500350485],[20.4345505006202,48.43011950008805],[20.41695199969991,48.41953799996074],[20.402138999911365,48.419154999947246],[20.393635000502158,48.41552400029792],[20.390429500487336,48.409216000153116],[20.403695999410434,48.404869499664485],[20.397894000542276,48.399514999846915],[20.403780500205976,48.400110000090415],[20.403027000614337,48.397011499855985],[20.409044000195777,48.39734100019139],[20.40682149947446,48.39508849988045],[20.411468500327775,48.393128499683236],[20.40760249986791,48.384692499975735],[20.392277000467804,48.387102000082365],[20.386703999952577,48.38020450009011],[20.376947000591432,48.377406500359385],[20.370357500170467,48.38304549966878],[20.36910349977167,48.392246499796705],[20.36242399965218,48.39337549965336],[20.362117999993117,48.40266699987846],[20.326448499661446,48.39843950021803],[20.326450499911147,48.37977800006968],[20.335791499432208,48.38136399968293],[20.34491099945204,48.37874400009969],[20.340831000173367,48.36955549964069],[20.344368500116623,48.36630600005698],[20.357558999922045,48.36406150018402],[20.37625449940436,48.37658950009002],[20.384423000233483,48.37049300014385],[20.371442500128335,48.36041550034893],[20.372985500013076,48.35493549977715],[20.379584000509805,48.35054900029079],[20.385155000659633,48.350952000380595],[20.38644399990514,48.34766000029018],[20.36761799963872,48.33219049978763],[20.374267500268115,48.32699349973653]]],[[[19.812985500524963,48.22712899984262],[19.836105999365124,48.227003499651424],[19.85153800019334,48.21887649977277],[19.86797799954364,48.220556499905896],[19.861527500517234,48.230988999893036],[19.861965000551834,48.23676599977521],[19.868554999959805,48.242527500297065],[19.86527699986546,48.250884000362056],[19.881378000136184,48.25381599957044],[19.886681500079447,48.25748800009859],[19.89527999966363,48.2554675004098],[19.9088564995929,48.25766449977547],[19.912714000538603,48.26935399999081],[19.90327900019675,48.28147599979983],[19.907223999551242,48.28765550033588],[19.930170499820107,48.29347400013464],[19.94776499961612,48.28971500040248],[19.95717550065625,48.29092950037625],[19.959078500307058,48.28852599986707],[19.973144000103417,48.2954194998171],[19.936325500549277,48.30573150030536],[19.92837650023916,48.31193799981072],[19.929917999416585,48.318825500318255],[19.92473000058523,48.31625500024319],[19.920722999817837,48.31977100009401],[19.92627700023345,48.323497499884695],[19.924559499597,48.32763199980239],[19.93602999961674,48.333477000361555],[19.933310999450917,48.34050950030036],[19.92936500031871,48.34121750014653],[19.960303499802453,48.36467049962102],[19.93336850005215,48.35826549960719],[19.934571499973988,48.355474999813914],[19.926938000553694,48.35090850001713],[19.921345499836367,48.340844999666906],[19.91399799995353,48.343103000427064],[19.907128000520558,48.338807000290096],[19.90249000067571,48.33969700014877],[19.892642500170695,48.3481814996954],[19.88384449945769,48.347542000186145],[19.882498000120584,48.353242499882725],[19.863859500048886,48.356275500167975],[19.85051250043847,48.36251750030981],[19.84694999979496,48.367301499693156],[19.850285500645974,48.373879000276645],[19.84410950044336,48.374910999781754],[19.83452249935674,48.383834999728975],[19.83341149942737,48.391619499889615],[19.83967299992087,48.40063249984559],[19.83534350019375,48.40874399961395],[19.838889999508496,48.41554450049098],[19.84930299931692,48.41243599996811],[19.87025350055459,48.41626949991768],[19.874077499854664,48.42308050030918],[19.883787999915672,48.4242650001072],[19.882847500530655,48.41709300005729],[19.87352800036578,48.405553999852415],[19.88625200002499,48.39369350024091],[19.909062999534836,48.40026399988033],[19.92288050035939,48.395352499582295],[19.934135999549365,48.40189899961361],[19.949450000354403,48.40211549986505],[19.955601999409627,48.406945],[19.96568250004001,48.40435949987729],[19.977636500599345,48.40887900000562],[19.9882890003587,48.40319950011981],[19.994891999768406,48.39283049996786],[19.997382000455925,48.399514500236364],[20.01495899944737,48.405773000144364],[19.995335500280966,48.42556000010977],[20.00027449938385,48.435561499777826],[19.995624500252106,48.44312449970736],[19.99773750034472,48.45435400033395],[20.01016650052051,48.45551350009657],[20.017053500490597,48.44914000030523],[20.01876550042972,48.43668000003951],[20.031411000518176,48.43153900002158],[20.037929999660836,48.424516499888796],[20.040417000377083,48.4197685002464],[20.036832500548254,48.41476449991767],[20.044216000010415,48.410641000093825],[20.047558499985772,48.39682699981129],[20.057323499485324,48.389653499702966],[20.07248099964348,48.391780499713214],[20.07306400052632,48.40573199983236],[20.065478000113803,48.41679650041514],[20.089389499595914,48.42065899973638],[20.100517000547132,48.42575899974298],[20.09845950058012,48.431353499996746],[20.083392999736038,48.43896049976016],[20.082709999576604,48.44824250036512],[20.091335500278024,48.45707599984465],[20.118348999847296,48.46619199986035],[20.12262249980156,48.478094500104696],[20.12710249956035,48.47621400006256],[20.132841999358504,48.48609449964657],[20.14419500046991,48.48781549978943],[20.14564300019457,48.49233049980263],[20.157312999861556,48.49546449974048],[20.209934500144637,48.47760149968545],[20.213177000629962,48.45832499983533],[20.221842999393584,48.45487749985798],[20.224963999965208,48.44830049973776],[20.20021500040333,48.438011500277995],[20.198359500608248,48.43979150005631],[20.186922000230087,48.436545499706725],[20.16093449992127,48.44739200015603],[20.156031000440482,48.44603999971333],[20.151281500070695,48.43884550025609],[20.137139500213486,48.42966600007283],[20.134924500331987,48.433009999870634],[20.132619500055146,48.430736500435295],[20.134682500075186,48.42794799956973],[20.12796849936533,48.42356700011283],[20.1312654993889,48.42078350003675],[20.124039999652737,48.41706300040689],[20.10271150059631,48.41432549984223],[20.097729499353342,48.40608499965943],[20.116186499595337,48.395247499808],[20.145909999530325,48.39518349988508],[20.159944999605898,48.40198700029684],[20.16742550030774,48.391417999761046],[20.16598599951795,48.386539000351654],[20.176662999435415,48.385941999987466],[20.17942099993418,48.38237949964805],[20.198969999414324,48.38980600015848],[20.201738500542202,48.39722299986186],[20.195742000324575,48.40282550020362],[20.211956999758407,48.409776499779404],[20.20644199933926,48.41186249988032],[20.209658000287074,48.4157715001728],[20.204360000273514,48.41654100037699],[20.20207999989666,48.42079400029088],[20.203497499460923,48.427658500220495],[20.216124000379708,48.42959100015451],[20.230797499611146,48.444228999679325],[20.247282000132014,48.441320999789646],[20.24667749958771,48.428482499853565],[20.255586500054548,48.42395149991626],[20.232469499582574,48.402133500336994],[20.221797000293066,48.39947099976194],[20.223536499761227,48.38737150019475],[20.207486499956946,48.378819000168555],[20.211274000321275,48.373579499648535],[20.22716299993854,48.36852100005543],[20.22722949995691,48.36266550023217],[20.220436000205677,48.35768949962792],[20.214924000557495,48.35913450026569],[20.21108900009323,48.355111999859695],[20.208871500026913,48.35910699976301],[20.20280000036857,48.35678049984662],[20.19821900046811,48.362441000008594],[20.17967699980175,48.34877549978956],[20.153672499631995,48.34719299985685],[20.151650499489236,48.33782600049288],[20.13263699944394,48.329482500413434],[20.12929500038302,48.33155749974755],[20.112418999732885,48.31409300032521],[20.114677500068467,48.30591699992647],[20.125803999741795,48.29930650018542],[20.12942399970189,48.28360300041779],[20.13364349979331,48.285958999699595],[20.14336899953035,48.278099999834055],[20.15778399940352,48.27776600029444],[20.179422999560856,48.2929104999074],[20.198603000533478,48.291075999938265],[20.19915549953476,48.26577200014762],[20.191457500166305,48.26418900021168],[20.187280999540363,48.258367000485045],[20.173812000291786,48.25122749974586],[20.153813000511878,48.25026400039918],[20.143439499996706,48.25544650029736],[20.152128499515673,48.26521700005202],[20.147179000281444,48.27291749991038],[20.136657499626626,48.27322349996916],[20.128233999554098,48.26743150010453],[20.124236500556798,48.2701680000932],[20.11710250057386,48.26836349980493],[20.109871500038526,48.264379500311755],[20.110534499820595,48.26024999997686],[20.10144099972547,48.260404499655834],[20.089847500367515,48.249095499892825],[20.05996199951145,48.268022000129996],[20.05266999961713,48.26163049996628],[20.046004500046624,48.261814000162886],[20.048553000219616,48.25640100035192],[20.061865000417967,48.25273099969723],[20.056533499431858,48.2482709997958],[20.059665000030837,48.2423394996268],[20.055345000417812,48.24065050008061],[20.056174500457754,48.235688999998544],[20.042926499502723,48.23116449977767],[20.041899999286944,48.22664999975453],[20.06180349997552,48.22381750035051],[20.06406500038756,48.22073000005026],[20.082831999506205,48.216165499835476],[20.08302450037578,48.209811000339286],[20.095466999656136,48.20400199997859],[20.090754999423524,48.19701300000081],[20.07825149967289,48.196430500315444],[20.067922000236976,48.1895979996338],[20.078429499463667,48.18325099999488],[20.07146850033341,48.179120500384585],[20.061333999505788,48.17836949991092],[20.049443999427304,48.16720399965112],[20.04427150007656,48.167285499675856],[20.042244000667097,48.173625000382096],[20.029032999691957,48.17768899992546],[19.991436000592984,48.16840300014688],[19.988700999388747,48.16217200002922],[19.965785000138386,48.16831499988324],[19.966259999594563,48.170955000476326],[19.95908500037717,48.163317499580565],[19.95325350034864,48.162600499840266],[19.952890500123722,48.15136299977472],[19.93710950027166,48.13724249997091],[19.937378499553343,48.13112199996287],[19.908047499740427,48.12947349958718],[19.900427999876865,48.12413100030329],[19.897953000098827,48.12947500024601],[19.90209950010277,48.13657900012952],[19.910267499645634,48.13971900008509],[19.914531000196188,48.146867999716186],[19.905905499614008,48.15130899964884],[19.89874049941554,48.16631700003095],[19.889069500056017,48.1640915000729],[19.883363000243364,48.16673499952556],[19.89528499934231,48.185416499637185],[19.885277999848736,48.18043550013237],[19.8703379996575,48.18089550038235],[19.841130999648676,48.1938964996015],[19.84344850054907,48.19968749970598],[19.834607999377255,48.207254499914065],[19.834401000509732,48.21175300023956],[19.830808500223355,48.212087500335144],[19.82988550012934,48.207230000408636],[19.82114399938737,48.2035299996085],[19.817627000109603,48.205971999567936],[19.822712500336316,48.21381200033726],[19.818457499402147,48.216925500068506],[19.80865749989126,48.22148849961818],[19.79807600009943,48.22204499988099],[19.79284500000993,48.22808549959175],[19.778336500434218,48.22698500000372],[19.778290499801724,48.23247049974915],[19.772164499419638,48.23345099975078],[19.76957699991121,48.23854149977193],[19.77122700047178,48.24525450013679],[19.758903000277066,48.24331300015781],[19.75293399950112,48.24779050020034],[19.744036999583585,48.248280000122264],[19.75314299975721,48.259292000450316],[19.7524965004371,48.26954350018151],[19.755773500239844,48.268291499662425],[19.764644500688288,48.274405000350626],[19.742475000320198,48.282960000208526],[19.741883999484696,48.28707650013344],[19.753543999682822,48.30043299980715],[19.721503500170133,48.2970130003214],[19.722082000026948,48.31652249967854],[19.735534999830243,48.33159000030444],[19.752154500146247,48.32899500023649],[19.767220499504916,48.33171899959285],[19.770442999663516,48.31982499984383],[19.758730499977766,48.30941250027582],[19.75997350047238,48.300902999562744],[19.77365799992699,48.29864299955767],[19.77710750036468,48.307514000086556],[19.788811499592345,48.31063950006919],[19.787214499971828,48.330563999572206],[19.797930000548916,48.3327784999021],[19.786988500077744,48.35071399990911],[19.771865500343697,48.3471619998569],[19.76553099942015,48.354270999833126],[19.743369999432915,48.350479999691984],[19.730873000410085,48.357783000247075],[19.729458500379774,48.35987849953792],[19.73616050047057,48.362608500171184],[19.725644999860467,48.36888749978435],[19.712954999492997,48.36416700008334],[19.69195550000057,48.36586049978637],[19.684848500273624,48.36011250008686],[19.67387499999782,48.36216749975635],[19.658935499406788,48.37722950010877],[19.64976999981817,48.380123000005064],[19.642978499954825,48.371914999963984],[19.64481300056287,48.36908400016839],[19.636475499484938,48.36362499963714],[19.6500699997726,48.359287000193326],[19.64466949948331,48.35217350016534],[19.633400500561144,48.355258999768395],[19.613118000555893,48.34687000011949],[19.599689999868982,48.35411449995515],[19.595626999640682,48.37103100028636],[19.589906999654392,48.37434600001837],[19.605123499329917,48.387152999893146],[19.613307499748746,48.387647000399056],[19.612721499484163,48.382706999856325],[19.619117499961174,48.38492499983938],[19.62600599935852,48.39620649986953],[19.642923999688772,48.38234799997987],[19.647023999847047,48.39022400019067],[19.64450850008152,48.3962205003274],[19.653518500360597,48.40735949992487],[19.665379499835737,48.40558799965601],[19.671612499964002,48.39979849984391],[19.679361000227665,48.40596549987658],[19.671872500752187,48.416893000374266],[19.647172499367542,48.42870599971872],[19.65146550030957,48.43294600004913],[19.643308500137145,48.43615949989532],[19.64495249958506,48.444426000165365],[19.650937000181663,48.443662500405],[19.648470499565192,48.437780499966394],[19.652287499827835,48.435607999990935],[19.659756499484683,48.43690649995303],[19.65249799994982,48.43937500004917],[19.655291999449126,48.440926999606425],[19.663876000112364,48.43931449958113],[19.670935000448104,48.441415500227365],[19.672894499715632,48.432891500336275],[19.70617749966795,48.42776649983505],[19.711155499533433,48.41706749965548],[19.72586750004195,48.40608750031481],[19.726435000354876,48.40219349983588],[19.73561650035672,48.405882999872844],[19.749372499587228,48.397923000065965],[19.758254999765796,48.40440600034672],[19.76664749978825,48.40202249974804],[19.784759999826566,48.40266150009204],[19.786476500284564,48.38456949979374],[19.780006999482634,48.37999249983906],[19.789525500629097,48.37320800035464],[19.784411999428304,48.36494250001045],[19.79524049957551,48.36024800014569],[19.820728499839603,48.3592789997171],[19.85411399949788,48.347516499851],[19.854429999596455,48.34016200039891],[19.871227499295653,48.323538499755244],[19.874242499791578,48.311448499988686],[19.880655499359527,48.31095149994198],[19.880979500237,48.29494399973919],[19.873837999794482,48.28676700019345],[19.860068500494194,48.281659499933966],[19.85192150032753,48.281696499851066],[19.84468450002381,48.27639150031224],[19.861692499964242,48.25353700020316],[19.850830000623628,48.250804000271586],[19.840292499860098,48.26451199990313],[19.81242350057743,48.24583650031067],[19.805800500419807,48.24271650040328],[19.80036849958564,48.244164999866726],[19.812985500524963,48.22712899984262]],[[19.970268000171444,48.28449999985593],[19.97185049947932,48.270315500061834],[19.967745500022946,48.265515999564755],[19.991607999355665,48.25096199995874],[20.003467499525676,48.25267449972415],[20.00934499982768,48.24659950024553],[20.01617499971738,48.257067000042596],[20.034509500183628,48.25985500015831],[20.027804999653224,48.26367800042495],[20.02777799963836,48.26998200033892],[20.041597499676254,48.27946700046424],[20.042584999805456,48.290776500232845],[20.032553500639086,48.302112500224744],[20.034731499665103,48.313570000083374],[20.02079550016373,48.31483149955949],[20.028521000550654,48.32674150019534],[20.023062499905254,48.343209499709275],[20.009442999325255,48.34015399998638],[19.99891549988214,48.341512500141825],[19.999545999698874,48.335838500409444],[19.97443999967201,48.32763949982915],[19.964639000562762,48.32877750027817],[19.963156000249835,48.325411000129165],[19.953672499753022,48.322375999777925],[19.963722000120175,48.315687500179855],[19.975149500530037,48.31335100002662],[19.993702000614824,48.31157100023436],[20.019576000204754,48.31405849979479],[20.021082999634384,48.3117734996029],[20.022025499691143,48.301031999887755],[20.015181499926165,48.28641199995408],[20.00481299933842,48.2902029997494],[20.000336500199968,48.28850599977031],[20.002556999940605,48.28567500016169],[19.992403499735993,48.28907399968247],[19.980310499448642,48.288562500482314],[19.970268000171444,48.28449999985593]],[[20.00543050019688,48.207786499647526],[20.007321499351686,48.19800200009762],[19.99643650041628,48.19615450007956],[19.993851999460595,48.18754600017433],[19.984487500563066,48.185431500002096],[19.983199500574838,48.182843500395656],[19.988963999586385,48.17836499966259],[19.992589499824206,48.1791129996105],[19.989049000449217,48.18214350038075],[19.993853999994535,48.1863625001822],[20.00723700056293,48.18582199994285],[20.013663000611576,48.18850550005531],[20.013929500172836,48.195174499818954],[20.02371849949751,48.20152250008696],[20.019009499845048,48.2051069998344],[20.020274500505078,48.21076049995285],[20.00543050019688,48.207786499647526]],[[19.915502499541127,48.20303300020318],[19.907009500562904,48.19475550024204],[19.890463499539415,48.19813050016431],[19.9299544995217,48.18098800009925],[19.963190999583272,48.17475949977768],[19.967896999840416,48.18888950021175],[19.948285999753175,48.19363999968786],[19.94872099946434,48.19598299987951],[19.93431049968945,48.19717850007151],[19.924560000610786,48.20217650024336],[19.915502499541127,48.20303300020318]]],[[[19.562987999747925,48.291534500466895],[19.57080400003175,48.29191149970052],[19.572229000319048,48.28341749963467],[19.577929499709697,48.28352199973543],[19.586776500550897,48.27743149962791],[19.60325349949994,48.27238599968941],[19.618361500169936,48.27933900013025],[19.614959999779114,48.28145449969353],[19.620829500214253,48.28411500012157],[19.619969500180986,48.303071500333445],[19.628388499828226,48.304686000323635],[19.63354450002724,48.30075549980161],[19.653339000049613,48.304243999623154],[19.670470499456734,48.29550150017686],[19.676970999609598,48.28862200030435],[19.67786850059064,48.28038649957761],[19.655776500615513,48.277225999720656],[19.65311750025549,48.271440000243814],[19.639989499673806,48.26686550044767],[19.63912899982772,48.2561735000958],[19.634327000703244,48.25190700024288],[19.61856650033254,48.24204250038557],[19.600197499863278,48.23589850029962],[19.584080999968975,48.238521000252895],[19.591230500275827,48.24018450022124],[19.592206999966283,48.242523499843195],[19.566487999756323,48.25918300042611],[19.564439999362538,48.267822999696804],[19.543482000546593,48.282149999514445],[19.547627500281664,48.29521950038452],[19.5625665004993,48.29458899976683],[19.562987999747925,48.291534500466895]]],[[[17.548480999465745,47.91234199995917],[17.554176500231026,47.92122299987699],[17.558415999744838,47.91620449970044],[17.566122500613417,47.917720499677586],[17.571157999479894,47.91509900017082],[17.575426000519233,47.91666049983442],[17.578866000413335,47.91411550002658],[17.594096000312774,47.91371049997402],[17.594484999969357,47.90921500002143],[17.60244350017244,47.909635499585434],[17.609499499622256,47.90201950041125],[17.612444500322503,47.903688499713965],[17.63031850061654,47.894196500293035],[17.643460499735713,47.89462700035619],[17.648632999903395,47.88788200018865],[17.655192000611066,47.88591499997077],[17.651534999831778,47.880500499786606],[17.645258999662236,47.88033200026401],[17.644982500454542,47.877096499723976],[17.637423000573403,47.876124000164005],[17.637217499684834,47.87259249995473],[17.628903000507698,47.87004449983451],[17.634641999937564,47.86883200015796],[17.63952500063003,47.86309050008724],[17.64312349942243,47.864381499838956],[17.646583000391026,47.85954649985888],[17.652011499850047,47.86400699977642],[17.658513500319813,47.86323599982328],[17.663780499863638,47.85316800023627],[17.68460299972701,47.84109300025562],[17.687838000497173,47.835363000045064],[17.681197499718223,47.82853999997079],[17.68342450035379,47.819418000330764],[17.664968000056323,47.814368500376595],[17.658080500391634,47.81844200006354],[17.652715999818415,47.829165000255635],[17.63749650049457,47.83470100030987],[17.63213949973347,47.83981199994209],[17.622423999967474,47.85230700019645],[17.622588500562607,47.86094299954542],[17.617667999891545,47.8569340002054],[17.619224000232528,47.85180000040927],[17.606503500124845,47.85052449961595],[17.59317550045718,47.838950000017036],[17.58422200063904,47.836633999846725],[17.577628499726174,47.83840549988155],[17.57507550028536,47.84472099974823],[17.56724900005381,47.83994249967107],[17.562861499781985,47.84180099977517],[17.560549000175136,47.838154999973],[17.5656210003749,47.83510850038596],[17.56394600020526,47.82175649983772],[17.56082549999777,47.82083899971483],[17.54977699949576,47.83185150034067],[17.542910999838643,47.852615999720484],[17.531420000084648,47.860263000131205],[17.526316500363187,47.869386499710245],[17.538730500001567,47.87948350013624],[17.53432600042828,47.884012499568364],[17.55257399975938,47.893922500415115],[17.555570500648777,47.901341500111116],[17.548480999465745,47.91234199995917]]],[[[17.5510349994537,47.9206619999885],[17.53288099979756,47.91858300029825],[17.529627000450617,47.91976750019162],[17.53163050004759,47.923472000152756],[17.486843500303863,47.935184499977616],[17.486955999830144,47.94377049962652],[17.502836999335017,47.938431999918826],[17.515913999734575,47.95043750036698],[17.522703000077648,47.950535500161166],[17.52131099994902,47.947796999826096],[17.525560000586886,47.94592049994724],[17.540000500252415,47.94846799975899],[17.540643500590853,47.95492749958937],[17.53657700043744,47.95276349986257],[17.528162499653565,47.954626999796844],[17.53695699973294,47.95845749994763],[17.530245499757317,47.95878199966786],[17.532753999582447,47.96367200047603],[17.52733249966497,47.96147399962639],[17.521321500470144,47.96307750022981],[17.54216599990681,47.97371350027964],[17.540712000085463,47.980532999909315],[17.5321655005862,47.97485900034351],[17.524777000313513,47.97733050030821],[17.53474899941989,47.98319399988295],[17.533190500031733,47.992361499870675],[17.517663500294127,47.99431500000623],[17.505733000162643,47.98032199978121],[17.494629000341,47.9776754997039],[17.485193499623755,47.968166000229026],[17.482091000541104,47.958902999995196],[17.49032400000437,47.95157699969987],[17.48696449942151,47.94388250047414],[17.46677149993805,47.96265849965043],[17.446501999910787,47.97118900042763],[17.453158500030543,47.975985500113005],[17.448529500202763,47.98302950013549],[17.453174000112003,47.988859500434515],[17.448376999829062,47.995004999875015],[17.45130000004425,47.99962300015362],[17.46113650044075,47.99876400001544],[17.462483499946902,48.00233100004792],[17.457346499395307,48.0055699997084],[17.461071999424323,48.00990600040224],[17.45856750017502,48.01472350009282],[17.441396499433605,48.03446749994862],[17.43899499958839,48.03185600023599],[17.43202849975458,48.03268249977874],[17.42855150014784,48.02901200035485],[17.409587999867774,48.03391650046028],[17.38173149990238,48.018175999944155],[17.371365999898384,48.02171099955922],[17.362654500219993,48.0143504998083],[17.364530499593897,48.01157850034387],[17.34652549968874,47.98288699986993],[17.330315000503674,47.99443299989264],[17.30336600048798,47.9960539995794],[17.279417500543634,47.99397399990643],[17.24995300040331,48.002254000136496],[17.247427500123226,48.012008999755395],[17.258872000377405,48.02260800027839],[17.25351999963324,48.02891800023868],[17.258918000004492,48.02904200036943],[17.261541499994966,48.02608399994775],[17.26825299941268,48.02830150005713],[17.281734499476055,48.04279300042049],[17.299604999979596,48.04591049990347],[17.29745500032348,48.04934099963443],[17.28069950010678,48.04755049960226],[17.27183749957829,48.05807450025678],[17.25659100042016,48.06796550007614],[17.246433000436333,48.0672640000698],[17.247098999977595,48.07325550000062],[17.24336100038058,48.074665499766304],[17.23296099991936,48.06921100001657],[17.23738750029917,48.06795649971607],[17.235237499429626,48.06634950014944],[17.222251499695453,48.069086499950515],[17.215723499527297,48.06593450036487],[17.216748999719563,48.06323500024275],[17.207109000006973,48.06272099996935],[17.209746500552708,48.057747500189926],[17.194447999770997,48.06389150007591],[17.187391999940683,48.05379350040838],[17.22250649985466,48.039935999856105],[17.241787999572892,48.022465499628055],[17.226647000183142,48.01622900011645],[17.2018024997651,48.020069500076005],[17.160797500302095,48.0066564998072],[17.14384350035608,48.02018799961433],[17.13637349992663,48.02292000029119],[17.12672299978517,48.02093549956947],[17.11005349961666,48.03123300024106],[17.089857499691025,48.019793500281274],[17.06741450028753,48.03143750034661],[17.08778649996295,48.04568450033504],[17.084265999931738,48.050391500276085],[17.06824149941524,48.05540249977117],[17.08678799977362,48.06536600023407],[17.07222950022628,48.07045649976013],[17.078908000267813,48.07824399993332],[17.071551999797965,48.080931000088086],[17.074557499582323,48.08592150009654],[17.09316500022472,48.09142249987709],[17.08776399955611,48.096563499748385],[17.09270700031007,48.099646000116515],[17.077411500037528,48.10595700012611],[17.079074999651457,48.10790100039778],[17.07286899972579,48.11029750043498],[17.077065000333178,48.115105999727355],[17.068558000243108,48.11617300014214],[17.06278000054075,48.12148799986331],[17.068835499734792,48.124120999805974],[17.05718999943702,48.14372899966594],[17.03904149965563,48.13986300009965],[17.027366000284715,48.14074450020488],[17.013250500387933,48.152897999984354],[16.97620300016258,48.17224449986675],[16.97640050018211,48.18949149968287],[16.96183150059009,48.22069149957465],[16.946067999638835,48.23619900017811],[16.95142600061436,48.256719500286565],[16.959846999924338,48.26998800002862],[16.956885999684665,48.2720745000153],[16.9497284998117,48.26820450033778],[16.93064750066109,48.2725465003819],[16.929254500426964,48.28364849975664],[16.94304250014054,48.28849150003298],[16.943009500094806,48.2941730001317],[16.938525500126854,48.29478199999172],[16.933081500021153,48.30611200033262],[16.95656999947888,48.306962000153554],[16.966323499786068,48.30357099984953],[16.962210500411484,48.2893819996979],[16.967633500380757,48.285673000396436],[16.968080500653176,48.29589400000918],[16.980642500558513,48.29593199993684],[16.982148000266555,48.30320800028833],[16.997724000029727,48.29678950029895],[17.00565899958662,48.30001500047426],[17.00698599930982,48.30431249978778],[17.00100650056302,48.30167250009082],[16.999649999689655,48.30453099976584],[17.00482750062118,48.30665949994759],[17.01024699985298,48.32117149991428],[17.00339199996934,48.33677499992971],[17.002770500368154,48.34209550019752],[17.007333999527205,48.34474450002624],[17.003737999989152,48.35372449966019],[17.020034499819015,48.364495000167025],[17.021274999413702,48.35188350031743],[17.043879500137614,48.35035500043375],[17.044525500336835,48.345394499915116],[17.065405500591577,48.34816300040165],[17.063390999540488,48.33706550005542],[17.084425499418007,48.329819499923],[17.11952550059457,48.33086149999549],[17.139925000054355,48.31156299989496],[17.134677999344902,48.30351849965442],[17.15310300060026,48.29355049951046],[17.15097300030299,48.29796750000575],[17.15574550040198,48.309913999880635],[17.160880000569065,48.31398400011155],[17.1736715001138,48.310788500405096],[17.18762400012015,48.32217450035333],[17.181808000296506,48.3340849995438],[17.19734999967801,48.34142750043282],[17.18872999942028,48.35162400023793],[17.198627499571106,48.362607500301685],[17.195393999506315,48.366224999638966],[17.19744050017115,48.37172999993818],[17.20989150032833,48.378972000036164],[17.237173500304593,48.38150749980093],[17.244536000302904,48.377424500351324],[17.24638349947013,48.387582499796764],[17.242232999899063,48.39093400002755],[17.25271099973877,48.396290499674116],[17.25341299987907,48.40266750033111],[17.258546999723173,48.405770500187195],[17.250140999525243,48.41268100010655],[17.256893999385966,48.414966000406466],[17.254819500166356,48.421289500290854],[17.26171600005686,48.42272749976511],[17.259468499632874,48.428620000121924],[17.276978999538553,48.42657200000314],[17.289841999805027,48.43592199975392],[17.295207000657022,48.44720849997204],[17.30366500040526,48.4539930000294],[17.315002499339062,48.45568449975229],[17.31573699972877,48.46051950005861],[17.332827499971852,48.463092500195266],[17.36193949960822,48.45960850020743],[17.3648710002985,48.46680800025561],[17.37192000058347,48.46984599995759],[17.393138499460555,48.47066499958525],[17.397140499430055,48.47730549970874],[17.42747200034778,48.48171300032599],[17.42785100038918,48.48590000032413],[17.411167000570618,48.486706999623635],[17.394936500553126,48.49716200017814],[17.36941649977393,48.49914349984092],[17.35505899987462,48.50658599989475],[17.360519499391636,48.51342849972772],[17.39242200044612,48.51718000009743],[17.395180499379585,48.52359699959678],[17.418884999434354,48.52620049964812],[17.4321109999793,48.523590500075635],[17.44058950021175,48.52976950004203],[17.446338500547757,48.52867600003937],[17.434967499977542,48.545523499887246],[17.42601599975456,48.55159600045436],[17.429248000087064,48.559178500055424],[17.44681999998115,48.5664679999175],[17.4562849998242,48.55957099995593],[17.47195749968418,48.57393499957804],[17.493079999577002,48.56436500028688],[17.497405499772057,48.559508500432],[17.496128000392698,48.55437050004544],[17.507813999648604,48.53542099979911],[17.49951100029924,48.527863499545354],[17.50020499930416,48.51927299960076],[17.514011000493724,48.50464200002099],[17.518316999594774,48.50154199971005],[17.528989000505295,48.50603600028711],[17.549271000363387,48.508537000342635],[17.539656500119648,48.51841849995283],[17.547599999474453,48.52615899960999],[17.544740000638605,48.528302999803536],[17.55715349999105,48.538422499992876],[17.551803000409706,48.54534199993992],[17.533436000270605,48.55390950014368],[17.53607249978981,48.55712700027133],[17.542448000489404,48.55701949984207],[17.535825500244094,48.56361750040419],[17.546136500464243,48.56865849974745],[17.55217450046176,48.56769100024435],[17.57051800065105,48.57533949984392],[17.564197499554457,48.572761000024244],[17.559019499437348,48.574534000401606],[17.556982499532744,48.5816145001977],[17.56544150046257,48.59411200022214],[17.576657999427397,48.59493649987368],[17.574995999408426,48.603903500220824],[17.569791000594876,48.6074895002986],[17.58417699947633,48.61846000037367],[17.575723999485923,48.6261104998027],[17.577886500094326,48.637732500083416],[17.600918499696444,48.641668999761585],[17.603540499887295,48.63801849962505],[17.63131249986529,48.628938000388466],[17.657704500420078,48.61448300023731],[17.669445999927323,48.59854649973771],[17.6663875000327,48.596135999641255],[17.679597000517973,48.586746999957],[17.66549800035501,48.57678049985454],[17.69053349986775,48.55582899969612],[17.68105050025034,48.542085499954574],[17.691148500570442,48.53221099972016],[17.731150500313326,48.52107600008276],[17.752297999848256,48.50863950041858],[17.774216500439476,48.508283999738104],[17.779723999769615,48.512026000092014],[17.7669809996337,48.499615499811874],[17.76593099953488,48.48777999975862],[17.75129650027021,48.485674000065394],[17.74234350064182,48.46087350016133],[17.705105499506214,48.471134000066144],[17.691121499857665,48.48086699967989],[17.684755500241245,48.47687299980957],[17.683163499860328,48.46968399975945],[17.69020000036282,48.45384200042239],[17.683322999867837,48.443808499843314],[17.689841000007583,48.43224649991458],[17.69787900069963,48.42701300018731],[17.722244500418988,48.427479000179844],[17.72325050055979,48.421936499623726],[17.731457499691494,48.41929649959651],[17.741872500125318,48.424925000306644],[17.74730099951248,48.43676849992521],[17.778789999550632,48.43523099967775],[17.778886000482544,48.438388500296995],[17.787042500200844,48.43422500019738],[17.78970549976111,48.44683150006957],[17.79354849951241,48.4456030000454],[17.792167999526644,48.46268899986178],[17.80055049997956,48.47047349961593],[17.79836999941805,48.479648000243564],[17.804006000598466,48.487291999628134],[17.8027979993987,48.4972545000932],[17.82184099959564,48.50367750032198],[17.817674000607507,48.51575099997611],[17.822624000055704,48.51977549987425],[17.820488500525837,48.52416100010071],[17.825758000551627,48.52228299981816],[17.820266000609784,48.52732749962049],[17.82774899939538,48.53214600008095],[17.819355500187257,48.54342700018982],[17.82226200060629,48.547155499630286],[17.804256499448798,48.55116650041651],[17.782547500708468,48.548942500313366],[17.77837050051506,48.55792499996686],[17.775462499389594,48.55751299962636],[17.779702000362814,48.56296150028708],[17.76818950029682,48.56711250017476],[17.768843499702164,48.57264299988014],[17.758229500213275,48.57321999978447],[17.75820599992316,48.58198500036804],[17.769624999969714,48.594236499561596],[17.77497049959554,48.5944194996297],[17.777572499955916,48.600799999637424],[17.743781499928424,48.6015155000028],[17.725620999815664,48.607274999729874],[17.70113000027344,48.58979100000538],[17.694439499965124,48.5931644996843],[17.68649150039037,48.61600699960725],[17.678885499472507,48.623442999672115],[17.684083500239804,48.62457149958458],[17.68723200052085,48.62205250025894],[17.69057699966463,48.624776500178754],[17.690921499751667,48.628352999656855],[17.683206499733764,48.63303000038612],[17.686714000344082,48.638075999964315],[17.705693999381275,48.632332499681844],[17.714625499520178,48.64072549990387],[17.711569999973385,48.64465999956399],[17.716979499364662,48.64796399977458],[17.693295999370644,48.66596100022114],[17.69379250010977,48.6770405004339],[17.701672499611877,48.68251549971647],[17.713751999714074,48.67758799971352],[17.716911499745454,48.68827149961986],[17.73693800006913,48.70182949975329],[17.737626000689854,48.71283750031125],[17.761549000193416,48.719699499829105],[17.761774500065382,48.726097499604855],[17.766677500512305,48.721556999977516],[17.76220700003577,48.73851699956118],[17.766752000552383,48.74859849966755],[17.760570499736357,48.7567574998917],[17.75881999960305,48.751295500026394],[17.751677000162804,48.75822799984307],[17.732045000070322,48.762566999729614],[17.729781500500337,48.76770150036723],[17.735078499609905,48.76836100007202],[17.7382024996519,48.77685850028039],[17.75151949953329,48.78318649967344],[17.746182000342827,48.790065500194586],[17.749094500221727,48.793151500278476],[17.741426499440458,48.79936099985718],[17.737874999344918,48.809216999715474],[17.725510500344722,48.81583749971684],[17.717867500179313,48.834562500378084],[17.70553150013971,48.84104149961231],[17.69614649993237,48.85113000005991],[17.719015999463124,48.87390700029552],[17.73510100038927,48.880088499805986],[17.746257999731828,48.89083200031396],[17.759127499887892,48.87771199973565],[17.773656000068478,48.87154399977261],[17.783165500527556,48.856799999845904],[17.794765500263022,48.85289449953766],[17.810811499599705,48.82910149971485],[17.819780000119874,48.82431750010451],[17.82152099959168,48.818215000242375],[17.81401449981531,48.81056049967995],[17.81387900031059,48.8052634995849],[17.79112250047414,48.79310750012426],[17.79009250068702,48.789491500265285],[17.8073455001155,48.77915899964605],[17.84623599967129,48.791524999833015],[17.863016000304782,48.77917149973174],[17.86348599952848,48.7726405004332],[17.86954450019102,48.7724970003036],[17.860488999829666,48.762830000170354],[17.852403499477976,48.76357400036516],[17.85299299944114,48.766134999900984],[17.84526799978031,48.76122949984018],[17.848137000208983,48.75986550006823],[17.845205500003075,48.75277599982375],[17.851336500257414,48.74702450023426],[17.847187999525644,48.74463950040587],[17.853360500448346,48.73771299984115],[17.85195199939111,48.72540200015846],[17.829279000304567,48.72142999998421],[17.830435999688405,48.71324100032604],[17.822729500404787,48.71203550009426],[17.823381000285966,48.70715249964307],[17.835179500116066,48.7005360001714],[17.828740000133394,48.69643550019551],[17.820398999742043,48.667520499672165],[17.806481499699856,48.66892249981864],[17.789414500577493,48.65860900008781],[17.790755499575077,48.64901199992984],[17.78091849952277,48.64323249987369],[17.782419500006043,48.6385465003434],[17.788724499497647,48.63676349962321],[17.787482000332496,48.632304999601196],[17.773785999937747,48.61065099960163],[17.786714499847644,48.60716699961356],[17.799361499821494,48.60882299961093],[17.804668999777668,48.61388899964113],[17.799588000715044,48.62132600032041],[17.818951499844236,48.62275399983457],[17.81746599993119,48.62485799979639],[17.82744600030964,48.6313714998862],[17.81989249970186,48.63605450025373],[17.82334799996654,48.65327850028651],[17.839375500301312,48.651008499788354],[17.83833399939921,48.64370949979116],[17.850424499467866,48.6355340000635],[17.85614950013935,48.618470500319425],[17.866898499788327,48.613092499902955],[17.881536499726625,48.61101450014021],[17.882987500087534,48.60810399994019],[17.894777999676958,48.60819249958721],[17.915375999950534,48.592000500060955],[17.919379999407788,48.58211449984257],[17.952864999398823,48.583026500008664],[17.949842000510156,48.59055799953311],[17.97439449991239,48.59104100023325],[17.976565499327478,48.59627849993826],[17.983026500503456,48.596422499922554],[17.98548600067361,48.601298000074564],[17.97911299951868,48.612530999892826],[17.989895499905302,48.62062399994419],[17.995904000349924,48.61746599980903],[18.007197499335422,48.62547350005942],[18.003725500397827,48.62922100037085],[18.015854499449656,48.62312999984329],[18.014768999542977,48.63246649972171],[18.022122499572212,48.637558000274915],[18.02648500009317,48.6341245001552],[18.040622000598525,48.63882700037656],[18.045186499771276,48.628731999943426],[18.05475499978191,48.6247194998078],[18.060005500583088,48.62593100033885],[18.071152500088647,48.61993000002641],[18.08866099941968,48.619145499868836],[18.106574499958807,48.60715800015594],[18.107401500242325,48.59998500034958],[18.090048000450953,48.59774400016955],[18.09500700005622,48.589011999567624],[18.082691500351416,48.57347999956373],[18.08719200002723,48.567782999659194],[18.074093500542823,48.56159500032231],[18.069552999571997,48.56357099975224],[18.04934250064502,48.558143499883506],[18.029056500533414,48.5780940002046],[18.020594999504418,48.577346999957726],[18.027130499684265,48.5710550003107],[18.02797849974447,48.56564149983003],[18.022670000549514,48.56125750027173],[18.027068999584777,48.55483000017867],[18.014719500321107,48.55265799990896],[18.002976999509354,48.54576749974473],[17.99874400036074,48.54709999982775],[18.004407500221284,48.53855549994685],[17.990803500315312,48.52901500015765],[17.995497499870357,48.525552000377715],[17.99672900021178,48.5203239995343],[17.9927795000831,48.52025549982845],[17.99682099988921,48.50931050039294],[18.030096499569023,48.511682000053014],[18.032211500053716,48.52230449986435],[18.056795499924956,48.53665349979752],[18.073566999981466,48.537009999959324],[18.075443000031903,48.534897500140104],[18.0818405003411,48.536838999710994],[18.083466499563826,48.543098500190524],[18.0966889996537,48.551791000388825],[18.09899699995052,48.559468000104545],[18.095540500177815,48.562053499630935],[18.111391500234344,48.56870999966119],[18.115828500115022,48.562708999938785],[18.12688700058186,48.566461999960815],[18.13107300028998,48.55881849988669],[18.137677999756246,48.560807499875935],[18.14123850055686,48.547481999823944],[18.166935500429737,48.536169999736664],[18.175464000277064,48.54231049978895],[18.220663500167152,48.509115000057],[18.22598000028644,48.501857000405664],[18.23665850013628,48.49937299962991],[18.240839000323618,48.491060000208144],[18.25576949971527,48.48137350034345],[18.26205050034168,48.48627950004371],[18.282555499991286,48.48778499962684],[18.293683000134585,48.49430799997687],[18.311377000084626,48.49688900033376],[18.337457500180587,48.48988049988622],[18.336980500305756,48.47889750018117],[18.34595849997284,48.46810749978914],[18.34372199973179,48.46057050000538],[18.348836499341164,48.45635349967081],[18.358892499635527,48.43172200007906],[18.36532800061823,48.425687500187415],[18.373361500121767,48.43097850023269],[18.376559500489456,48.42606600027471],[18.385304999817816,48.42435700045557],[18.393596000196897,48.43066300023283],[18.39285699991466,48.44023000023366],[18.39988499981731,48.44082150037532],[18.400814499460136,48.44549850000672],[18.407246500544044,48.442923499911224],[18.40749700047641,48.44736799990388],[18.40194199975022,48.449095999609796],[18.402690499717497,48.45444350031475],[18.392802999427797,48.46560899977577],[18.3792270003785,48.47070249959025],[18.370430499392604,48.47826150029001],[18.36520549977581,48.48868699967063],[18.365826999896786,48.49391699964838],[18.387107000033847,48.50071649981513],[18.390792499529248,48.50449050026129],[18.396635999445625,48.500558499765866],[18.41131799955453,48.47578950036008],[18.417189999777637,48.481226499779645],[18.425840499641513,48.47894250019135],[18.417468500717515,48.47200450037394],[18.41816650063352,48.44829949982765],[18.422366000462738,48.44577499967946],[18.424680000072186,48.43143600018579],[18.427607000006464,48.43799299979952],[18.42746149956939,48.432791499811145],[18.433810000510746,48.43600950006421],[18.442980499717336,48.43471150026421],[18.43510599957938,48.42650000007181],[18.43841700014416,48.422744500362015],[18.43583450068535,48.41791550031958],[18.442440000284453,48.41235550035558],[18.472575999701146,48.4174384998875],[18.48145349962873,48.415947499730635],[18.49137650017191,48.414187000065034],[18.492579000659873,48.40559300030104],[18.500629499385457,48.402339500290864],[18.52481249948687,48.41278399987013],[18.531368000226653,48.41195950037103],[18.53917650030721,48.41748649963721],[18.560655499406348,48.41820499977475],[18.56374499985808,48.412916999947306],[18.572940500413278,48.41457999996],[18.586373499416283,48.40924399991167],[18.591486999798,48.41131350026285],[18.598432000227476,48.40683500019617],[18.604514499578062,48.408446000342494],[18.619443499528135,48.40121250042242],[18.618086499628248,48.398453999931206],[18.627586999353067,48.4036339996839],[18.64131900067707,48.40415900033929],[18.644307500099227,48.400672999930435],[18.638768000007353,48.39574249958465],[18.642100500065116,48.39046350029069],[18.672813500431193,48.38355750020277],[18.680175000610596,48.37323749968489],[18.689121499746843,48.37462999998348],[18.688339000293652,48.381729499649964],[18.702681999618086,48.38974049981324],[18.69989500007806,48.392308499781834],[18.70859999944618,48.39159599971162],[18.710750000580898,48.39388100006364],[18.720031499848822,48.38594399972072],[18.74132050061957,48.38477850034019],[18.751096499436553,48.37549799970015],[18.75880299986058,48.379768999988976],[18.764957999716685,48.37544750027592],[18.76379849933212,48.369259999945314],[18.773992999833023,48.372816999726155],[18.774233000368007,48.37707150003059],[18.787070499360976,48.378431499919785],[18.80013799937157,48.37149300007485],[18.810573499361343,48.37053500022532],[18.81654400027142,48.363061499601535],[18.81981999977119,48.34668299960301],[18.82418349987916,48.34601149989875],[18.824144499973997,48.3326375001588],[18.82937700021197,48.32460050041334],[18.833001500172013,48.321146000328966],[18.8453440006705,48.32060700006778],[18.84780199999177,48.31075999986391],[18.852511500608912,48.30583749966316],[18.85854149997919,48.30498100039209],[18.8715254994786,48.311988000012235],[18.875678499680145,48.30841000032834],[18.880946999453894,48.30855050014189],[18.88514550042483,48.315427499760624],[18.88017399972836,48.32268299997585],[18.885516000368032,48.32138249976612],[18.891549500503903,48.3138854996093],[18.899576500000222,48.316098000091316],[18.903311500425495,48.31016499961951],[18.919290999408158,48.314747000213025],[18.913653000466592,48.32120050032686],[18.92930950024513,48.33341000020179],[18.940459500002234,48.3371845002792],[18.947882500016643,48.33410450043118],[18.954213999648847,48.33717400043767],[18.9734344998299,48.33039999964186],[18.9786720003374,48.327236999906134],[18.977153499458936,48.319014999845905],[18.994233499891884,48.315896999826435],[18.98988399991869,48.329853000018964],[19.00176599940728,48.32994299991403],[19.008282999788666,48.34390300009504],[18.997766000060643,48.34936399961975],[18.995194000280506,48.36281650018458],[18.983315000475944,48.370044499751266],[18.986137500357234,48.37656749986773],[18.99724649998513,48.37750750042196],[19.003299500115723,48.38122650030047],[18.99616499951579,48.3873120000506],[19.002077500409367,48.394706499767224],[18.98437000003124,48.409744499900064],[18.995520000137404,48.42284250032008],[19.012014500401545,48.430564499793704],[19.016344499871217,48.43576249973452],[19.037006999558752,48.440727999991644],[19.048982999380684,48.422378500331185],[19.081270500459112,48.41185500030338],[19.08819649956732,48.41151600035088],[19.09168550018584,48.417013500421135],[19.098776000088446,48.41952949969574],[19.106381999991438,48.419307500218174],[19.111163999581507,48.414443999612324],[19.117460999927093,48.415978500202655],[19.11785249945077,48.40098399962407],[19.12770550057071,48.392016499749666],[19.11997300006015,48.37520199976348],[19.10863049941072,48.365925000144955],[19.10959700017297,48.362477499996714],[19.099690000589856,48.35826300027237],[19.082966999932033,48.342972000225494],[19.079348999834135,48.33096999997673],[19.073023500552704,48.327862999878114],[19.06795000006273,48.32933949960923],[19.06213650011829,48.32038950043135],[19.056806499660347,48.31969699964864],[19.054576499516546,48.31128049973906],[19.046522500105105,48.305810000345815],[19.05176750052373,48.3010964995192],[19.046314000302406,48.29839199994451],[19.047627000333666,48.29206899973217],[19.045005500261798,48.291114999931295],[19.044485499338585,48.2955524997615],[19.0318229994687,48.29976550015644],[19.029869999618576,48.28051349985884],[19.022123500465735,48.2692849995806],[19.010973000423135,48.26238400009141],[18.99139299956765,48.272474999770026],[18.973271500141752,48.27190349974506],[18.974243000620397,48.2573804998573],[18.958559500030148,48.23924449995796],[18.96849150054715,48.23630250010464],[18.978975499617164,48.23772399962822],[18.9877519993164,48.24679199971323],[19.004377000595614,48.25575899984998],[19.007922500124955,48.253498999906604],[19.00454750049656,48.248670499574445],[19.007892500033684,48.23857399970362],[19.01184699965537,48.241944499617496],[19.010990999454517,48.24894899985181],[19.018677999614543,48.25415850025539],[19.03072099928474,48.2472834996208],[19.03715100066941,48.23956750017276],[19.02232650013331,48.2353614996122],[19.035674500056906,48.226930500368496],[19.054042500463403,48.24573799991422],[19.066987500460037,48.248451500157685],[19.083003000541126,48.24065699950373],[19.082493000240223,48.23540250020532],[19.070818500114406,48.226665500436134],[19.066110499471545,48.21660000001263],[19.050139999588374,48.204632500006035],[19.072127999625447,48.194358499588716],[19.062312999601865,48.18836149959983],[19.070554999501056,48.184184000350726],[19.061966000008656,48.181858499566296],[19.05768150047934,48.176829499893834],[19.059137999671293,48.1647859998253],[19.049523500545217,48.16059849952623],[19.060482000080576,48.15020199964572],[19.064735000441193,48.15323549970515],[19.070053500397766,48.15185000041507],[19.08132649965795,48.13997449982165],[19.085438000304485,48.14279949993309],[19.099855500265097,48.137650000364225],[19.1074549995203,48.146120999595624],[19.120765499733235,48.152668499930506],[19.150546000115735,48.1576524997685],[19.164892999931336,48.17700350044318],[19.185376499673662,48.184129999921346],[19.19315600050131,48.201194000133775],[19.185659999952982,48.23175799999644],[19.197389000217886,48.24422699980348],[19.20942450033152,48.24827449961168],[19.215876999999406,48.245979999676486],[19.22211549942825,48.25080800018222],[19.22403699987605,48.259141000302826],[19.241217499563582,48.24593200015094],[19.253039500348265,48.24127000013656],[19.253315000165227,48.23606349988417],[19.26079600067259,48.23184300036446],[19.272059499538717,48.22980349981623],[19.28796499959207,48.23295700037633],[19.284439999694566,48.24328450024278],[19.26585300043552,48.25703699968642],[19.25555500019029,48.27226749953146],[19.27444049961662,48.274170000297005],[19.283726499395375,48.270898500261005],[19.292662499934533,48.274639500430446],[19.29445049993781,48.28354449966154],[19.313397000142118,48.28335100001111],[19.320936500401647,48.26938449953496],[19.324751499429457,48.27180950019046],[19.33914000037434,48.267278999596584],[19.356165499450825,48.24507850015242],[19.35737849966785,48.23856099991133],[19.362945499713643,48.235779999701045],[19.358332000446268,48.23339900036045],[19.361172500236794,48.22678100026975],[19.37082150006578,48.22455400016212],[19.383893499538978,48.21393400038212],[19.377586500099326,48.19790150019873],[19.382335499631452,48.19064750029752],[19.38000950002224,48.18832849989953],[19.397932499905494,48.18591600014083],[19.40125800070876,48.18320000028202],[19.41059599946545,48.18257500046248],[19.416847500323293,48.17807000027194],[19.419524499556196,48.178142000217335],[19.41777099963518,48.18226950027106],[19.426644499890376,48.187601999948825],[19.42549549985697,48.19338250006796],[19.430937999622685,48.197089499770954],[19.43010999936514,48.202265500109775],[19.4411340006086,48.220512499738675],[19.43955199965718,48.2228520003606],[19.435137499882746,48.221951000290574],[19.425765999411396,48.21198650045977],[19.41687300004862,48.212907500049056],[19.41518250030559,48.2210230001395],[19.40927749936151,48.21938999968897],[19.40836400059507,48.21546700011281],[19.400017000084144,48.2138014997778],[19.392331499862483,48.217689499746335],[19.385781999435615,48.2136180001981],[19.38329549961565,48.22266950024763],[19.387995500034435,48.22970600042182],[19.393937499807635,48.23474400023355],[19.406904000648627,48.23829400036122],[19.403229000562263,48.25495949961775],[19.41837899965862,48.25937800023817],[19.426375000281578,48.251106500033586],[19.43791949970744,48.2465355001446],[19.443751999681584,48.248465499845466],[19.450033500670013,48.24181850028904],[19.47011349978556,48.25026199989747],[19.4739074994248,48.25598250042236],[19.47118549995926,48.25902249974145],[19.476447500395427,48.26352750022073],[19.469181499517866,48.27205999962386],[19.45769600056816,48.262717000106136],[19.411592500339022,48.28440849956868],[19.416370999706178,48.28751799981344],[19.413993999502623,48.29501450005882],[19.4366294997255,48.30037499975426],[19.43887449968538,48.3046514996269],[19.432431499456793,48.30982850000456],[19.436126000473678,48.31220349956605],[19.434131999620398,48.31741149979612],[19.440688499771696,48.32026949976791],[19.44970049945414,48.31749250006557],[19.45496750018525,48.30690249991071],[19.469687000709705,48.2965600003278],[19.47270750042094,48.29894849955116],[19.46654699955359,48.303257500210066],[19.468809499504626,48.31074800004184],[19.46435650030028,48.31944150032253],[19.467201500526738,48.325048999850424],[19.47219800006646,48.32624099964907],[19.47617299954709,48.31817500045],[19.486590500503016,48.31616949956643],[19.485866499464887,48.31234750037397],[19.4999824993926,48.30384799993355],[19.499112999943954,48.29618850039276],[19.506645999293468,48.277422999838095],[19.520234500176336,48.275469999612625],[19.509182499512775,48.26699300018059],[19.51123599980826,48.26237499980169],[19.501508999798773,48.26043149972562],[19.5044834995615,48.25488300007042],[19.511362500344156,48.24882550018727],[19.533709500064926,48.23905199974101],[19.525680500363286,48.23134600034775],[19.49995800002684,48.21787800013244],[19.50924599976244,48.20967650022865],[19.505552999347934,48.203917500098946],[19.506357500511523,48.18531599972355],[19.51279249960832,48.18208650012557],[19.511772500154166,48.17755349992545],[19.507391999515978,48.1781839996933],[19.50963599936118,48.17498249998244],[19.504478999344784,48.17318999967537],[19.509764999841035,48.16886350036965],[19.512817000336042,48.15466700018392],[19.508146499767026,48.1475890004587],[19.492371999495113,48.13966850017853],[19.49650300058387,48.13520049955085],[19.49404750020185,48.12712850018086],[19.497072499748153,48.12477699958008],[19.4919605004784,48.11792149984198],[19.49470500039998,48.11471350001328],[19.49091899946174,48.11228050026767],[19.494414499924858,48.10991050029268],[19.48463699960631,48.1051969995996],[19.487210999611044,48.09954549964021],[19.468308500637765,48.0920419998459],[19.467650000062648,48.08401999990268],[19.461298999692694,48.08320150003498],[19.460907499856734,48.086696000032795],[19.45179100003206,48.09173400017923],[19.45163700025649,48.096676999755985],[19.456988500184764,48.097826500203674],[19.454048499987792,48.101439999584926],[19.43530149977012,48.09958350024066],[19.42520900019199,48.0887855003073],[19.40911250055157,48.088957499959285],[19.40001299956779,48.08230799975885],[19.394962999416848,48.086631999832164],[19.389805499464952,48.08633700038777],[19.391926500149186,48.087826500333804],[19.386591999826233,48.091919000346216],[19.371640500042158,48.089682499947195],[19.373547999936182,48.08726500018905],[19.369602000321994,48.08591700011629],[19.355842999365848,48.09076449986101],[19.35153450049741,48.08867450040703],[19.3031069999153,48.08871550029399],[19.283851999337553,48.08208050002176],[19.276731500503622,48.07395250029281],[19.25577799946977,48.07156000003098],[19.248268499452987,48.05817149985887],[19.24088649941696,48.05363999984892],[19.212819499428562,48.064366499837284],[19.181168999808943,48.061274499690605],[19.150225999936097,48.06696450020297],[19.135286499419635,48.074150999783754],[19.127641500450782,48.07372799973587],[19.118959499597846,48.06646300045275],[19.107823500136,48.0655999995428],[19.084359500008716,48.07278599955386],[19.078462500213828,48.06743250000521],[19.065465000273118,48.064653499888564],[19.05852299930427,48.05735899976275],[19.046233499807027,48.06649100026942],[19.03330599934497,48.06446350007476],[19.032482499339075,48.06833049975801],[19.02381100056007,48.07299550026555],[19.020304999554654,48.07111300019248],[19.020970999879033,48.074112500250536],[19.014779000461942,48.075697999827796],[19.01820049983236,48.07786899963657],[19.014862999752093,48.07818450007333],[19.011580500422095,48.0749659997838],[19.008887499699,48.07619500022865],[19.012737000643437,48.073352999978255],[19.00775700003604,48.07369799956293],[19.00890299984393,48.07004899987487],[18.99590500012201,48.068028999597516],[18.99129149968405,48.05782650014904],[18.9816089993993,48.053607000417735],[18.9683499993818,48.058383999637705],[18.943904499684002,48.058871500412],[18.908983000071085,48.05114450025875],[18.891661499647633,48.05411999983351],[18.886675500495038,48.05868799956421],[18.88524149967909,48.05031899998341],[18.87476750058551,48.04682899973162],[18.86008249996759,48.05007550002947],[18.85391750024315,48.0479140002771],[18.845586999625638,48.0525785002106],[18.837924500171635,48.04669549990249],[18.833270499538948,48.0482450000147],[18.82920699976935,48.04150600044401],[18.822880000115692,48.04313049970942],[18.820000499516635,48.03968150000385],[18.826595500401158,48.03166900003653],[18.81556950010451,48.02142900037107],[18.821276999951518,48.00630549962593],[18.815987999615345,47.99368649959237],[18.800015500672114,47.98520350014896],[18.768479500594893,47.98511549983219],[18.75499399938892,47.97584599967586],[18.756418500052476,47.971127500341225],[18.772187499350068,47.962310000067006],[18.776757500502807,47.95524049988306],[18.771702999639803,47.949046999600405],[18.77405149932742,47.93235499969083],[18.757726499447095,47.919627000455655],[18.76267699992549,47.90956449969054],[18.75872049945682,47.905139499951915],[18.762865500605816,47.90370050006011],[18.756833000329475,47.89697099968624],[18.76085050055452,47.895240999962326],[18.76453900023436,47.88166499989557],[18.763432000609317,47.87169800003494],[18.76898750005601,47.871825499957055],[18.769856499871576,47.868409999921994],[18.778083999444824,47.86959999965267],[18.782213999838557,47.86524350009316],[18.792741000157985,47.86531349971458],[18.79592100036387,47.85841600039017],[18.81357799953146,47.85555900047462],[18.822267499549476,47.84998550048513],[18.828017500217797,47.83429999957004],[18.840800500458098,47.82880699990766],[18.851541500473378,47.82985649984978],[18.85587900013648,47.82608599968685],[18.848020000519508,47.81593499971041],[18.795202999689632,47.82276400000598],[18.74762949960857,47.81508399987854],[18.73757550055693,47.81976149989404],[18.726378999805508,47.813468999758896],[18.724496499931597,47.81684200039044],[18.670430499826768,47.79755800005793],[18.670453999707565,47.78848800012467],[18.696571500348085,47.77433199963641],[18.660843000314628,47.76078399985942],[18.616866499599652,47.75735799999109],[18.566021499892035,47.76610350036331],[18.53781150059365,47.764326000094364],[18.520556500695804,47.75681850017747],[18.49247599989006,47.75262100013766],[18.47245850042492,47.76171250016017],[18.45298850061965,47.76514800028422],[18.42995599983151,47.755790500284135],[18.39310149989292,47.75136899980493],[18.37228450057974,47.744580499660486],[18.290115999814194,47.731189999716214],[18.263624999520115,47.73782400037401],[18.226298999889607,47.741774500040975],[18.175192500448592,47.740793499803836],[18.08774999948137,47.75646450021147],[18.035455500419953,47.75648650004648],[18.002285499354162,47.7471709999652],[17.970686999632342,47.75687749963472],[17.944433999672718,47.744585000444054],[17.913567499583586,47.74348349967564],[17.91465850026266,47.74752400030513],[17.910274499896857,47.74638800033908],[17.90503699943234,47.752607999931165],[17.912459500221395,47.754119500265496],[17.915190500334653,47.760747499687994],[17.928429000038058,47.770764500154044],[17.92388649933774,47.77026749990992],[17.92368200035127,47.773917000055555],[17.908856500462072,47.778978499563635],[17.897437999642882,47.78740249988036],[17.902674000375477,47.79250000014676],[17.879504500423135,47.79563450032241],[17.880082500428664,47.786366499718156],[17.863806000173913,47.783105499867744],[17.839308500014827,47.78644250011048],[17.83254500020591,47.7792734998014],[17.820098499466066,47.79421250031222],[17.811790999778285,47.79205150006031],[17.806863500122354,47.7958100002164],[17.80160050013829,47.79276450029185],[17.79613400065123,47.79613150003854],[17.79213499947131,47.78885549964211],[17.78462849944194,47.78883649977755],[17.777003000617118,47.77636699998088],[17.78709800034813,47.7645285003045],[17.776671499569375,47.75309900029196],[17.7460574998564,47.75907650023038],[17.74397850006289,47.76384599985282],[17.732909499841814,47.76040849980616],[17.743264000536,47.75075150024509],[17.709930500036148,47.7560885000583],[17.70543649991499,47.758992499675806],[17.730067499930943,47.77577699976297],[17.72456150048396,47.7842925002185],[17.731017500111808,47.78505349991151],[17.726855000078984,47.788158000324074],[17.73486350025128,47.791330000021105],[17.72642700025104,47.79382550028307],[17.72971749990856,47.804759999844066],[17.740409500167146,47.81084649974246],[17.744994000003853,47.820110499681604],[17.733793500361994,47.82095150033936],[17.73172199974319,47.826061000104005],[17.74159350014827,47.828641499860865],[17.732397499443014,47.82968099965483],[17.731154500187234,47.84171800027725],[17.72292400031122,47.845146999743804],[17.721454999992535,47.84969750040233],[17.713216500585148,47.85189700031523],[17.71210500002109,47.85880549957412],[17.705151499329652,47.85549599970295],[17.700274500017116,47.860313000423865],[17.69657950029621,47.85943650037793],[17.695015000585705,47.86563549964716],[17.688651999857157,47.86892300003554],[17.69603200057693,47.87485699982983],[17.686236999788097,47.874293500143914],[17.685483000299243,47.88327750010666],[17.69411500012358,47.883915000020274],[17.709832499988064,47.900978000418384],[17.71688400011255,47.903097999546944],[17.718616499270347,47.90926749961721],[17.711037999829028,47.91870899982826],[17.70448350038225,47.91794649971909],[17.701199500639614,47.91425350026465],[17.69427550003829,47.91703999978953],[17.70170050001915,47.9204009997605],[17.69586600037453,47.9278379995887],[17.700592999753244,47.92832250036896],[17.699161499994986,47.93161900011703],[17.70288150057525,47.93325849975122],[17.70107000009581,47.9412739999607],[17.682235499752554,47.941952999788796],[17.68603799949587,47.94599699978076],[17.697459000074886,47.943896500036956],[17.707194500332367,47.94942599984459],[17.70891600009306,47.955207500128815],[17.71397599944842,47.956956500228166],[17.70848850064055,47.95940900013688],[17.717634999436733,47.96418300036765],[17.742840500468617,47.95719399971481],[17.755355999819464,47.96065450042366],[17.760526500029858,47.954387499661344],[17.768917999968654,47.95545750042972],[17.771757000553826,47.94873750020036],[17.783987999810467,47.94898300015398],[17.796273499718623,47.944701999740474],[17.795549499469747,47.93604150042721],[17.788552999922423,47.931041499588545],[17.825181499515,47.93951349997286],[17.860934499657006,47.9608329999769],[17.8673854994285,47.95773099973939],[17.87984799958586,47.9590054999433],[17.884793500386404,47.95436549973914],[17.886005499606018,47.94269449998649],[17.871432000172348,47.9279095003818],[17.890714999469207,47.91785550019426],[17.90282499974202,47.91576299974033],[17.905839999406194,47.90900450009162],[17.916870000058193,47.90568049959618],[17.905417000044494,47.89967749966905],[17.904190499622935,47.89569000013353],[17.892841500093752,47.8917359996946],[17.87080250040078,47.86705349955567],[17.841188500629656,47.84229749995176],[17.82687600003999,47.84268099970194],[17.798075000434224,47.857222000031996],[17.795459999821748,47.84986900014919],[17.800221000070522,47.83090900003734],[17.791120500254042,47.81630999959046],[17.809164499419484,47.806413500255104],[17.816498999894904,47.80708999981686],[17.828147499963894,47.82172250045311],[17.83681249977179,47.82403499991643],[17.84402600050795,47.81995799951875],[17.847881500353832,47.80879299996873],[17.85604349937648,47.80681950031075],[17.85923399952211,47.815173500390934],[17.84902100044926,47.82080150004872],[17.89030750035516,47.854891500131544],[17.908593999427037,47.863600500000224],[17.901115499844646,47.87543499968295],[17.905456000401095,47.88176399973386],[17.911990499449434,47.88365950024514],[17.911033000307626,47.88696249999384],[17.917830500493956,47.88720550038214],[17.926111500382014,47.89843099961554],[17.940363000507745,47.88701899986569],[17.941121000230375,47.88215599988045],[17.96728399945302,47.87436350031936],[18.004567999441925,47.857362999802206],[18.00810400037896,47.86025900031606],[18.006129500164963,47.867628999968076],[18.013348499684426,47.86900999996264],[18.010835000510646,47.873117500100484],[18.020398000266333,47.86906500027505],[18.028696000171056,47.87251100000758],[18.03383149956781,47.851197999773035],[18.041663499906015,47.83982700040248],[18.054567999713672,47.83136300014041],[18.055643499749326,47.82347150038165],[18.06021650067297,47.82581700016042],[18.063766500479588,47.82102549986285],[18.074073500368627,47.82235900006017],[18.08624350050336,47.82984699993087],[18.09511000052758,47.83124499992873],[18.100401999893233,47.8392170003622],[18.094706499850453,47.84928300025862],[18.085006500553074,47.846365500334386],[18.07839350017099,47.84836199997555],[18.057575500050987,47.88096150009923],[18.056636999725427,47.89533749993652],[18.05132949964713,47.89805849979335],[18.047536500159772,47.89574249986301],[18.043193999957214,47.878967999866695],[18.03089350001872,47.88295450003207],[18.02845099960564,47.89919499989087],[18.04438099992834,47.909236000200394],[18.04831750034048,47.917046000339504],[18.062257499446417,47.92868549982261],[18.066844000578666,47.93116250001151],[18.073404000123503,47.93008399990627],[18.07981149987973,47.93406749978634],[18.06759800015178,47.94314350014327],[18.072340499823035,47.94904500016407],[18.069524499477858,47.97297849997094],[18.060846499632937,47.9706069997517],[18.03787950049304,47.984566000078715],[18.031193999858736,47.981315000326525],[18.025549000529107,47.98265099951825],[18.018040999503338,47.97241400024403],[18.00941049960234,47.98130900045238],[18.008890000394466,47.97684200035335],[18.002317999943706,47.97378000032418],[18.005936999838823,47.970755499939855],[17.98724049966538,47.970991500346976],[17.970459499883344,47.96294649995828],[17.934167000493463,47.97356499995283],[17.920878000426324,47.9805064998017],[17.901372999331834,47.97837149989657],[17.880306000602406,47.98627799998546],[17.86963799937098,48.005476000002375],[17.874126499836063,48.01835850026576],[17.855972000095896,48.02883149958399],[17.84496650047972,48.02833499963676],[17.84957300056897,48.01178899988431],[17.840407500411168,48.010611000381964],[17.851256500226697,48.00743550008804],[17.844601000636263,48.007203499909764],[17.846676000335385,48.00370599982058],[17.857777500254272,48.00290050036918],[17.85853450029495,48.000653000244505],[17.865968499827506,48.00619100029174],[17.868029499810582,48.002002499804476],[17.860809000351065,48.001470500380115],[17.86083850052388,47.99750199989293],[17.84091100035049,47.99399199985208],[17.830464499823933,47.98820050004878],[17.81434899939172,48.006251000385305],[17.804911500285886,48.00580149966867],[17.795270499859875,48.01770099958637],[17.78162350027769,48.0203019997016],[17.78068049988608,48.024088999607976],[17.792838999974624,48.032763999611355],[17.772196499455422,48.04193799965575],[17.769720000600763,48.05296799960689],[17.76451099980373,48.05596150043728],[17.773046999949756,48.06424449966824],[17.779635999660982,48.060177999932066],[17.782861999698316,48.064144999893614],[17.789432999290117,48.0635364996964],[17.791209000117906,48.05869550016353],[17.80049349979701,48.06312149985842],[17.802306500245752,48.058964500350264],[17.80637750006089,48.059663499581774],[17.806966500232505,48.065000499658325],[17.816475500314233,48.06385549959063],[17.816418499754196,48.06810499978698],[17.80563099977333,48.07061500015618],[17.807324499320462,48.072921499678365],[17.80280400033009,48.07621249957633],[17.820115499702315,48.10575699971842],[17.814254999544435,48.10690700010371],[17.813177500492344,48.11373150025221],[17.787245500072935,48.131159999861886],[17.770574999274785,48.11084749964144],[17.776081500330495,48.10156649956929],[17.782936999364033,48.10109750004229],[17.778284000432226,48.09759849998497],[17.784550499604425,48.09410350024502],[17.77935600023146,48.09120250005851],[17.783730499980884,48.08886650006843],[17.775756499465835,48.08244700029863],[17.77623399940351,48.077903500402485],[17.771725499763065,48.07833449971133],[17.759641500323504,48.071660000322815],[17.743528999712932,48.07546499969933],[17.746281000049066,48.07914050010897],[17.743601499442438,48.08227099977757],[17.73013200033488,48.08006250004196],[17.73185950054563,48.094631499952236],[17.71063999958807,48.11267949996109],[17.702876499454383,48.11543800039065],[17.70013450038754,48.11364000014045],[17.6879620004168,48.11713699966816],[17.685284500372983,48.114612000123124],[17.677362000369094,48.115531999796076],[17.671454500528224,48.10960450030243],[17.671461999932234,48.10037850015401],[17.669564499866585,48.102622500007676],[17.661636999439548,48.09996149963741],[17.65703400030857,48.093526499875445],[17.658750499642636,48.089996999923855],[17.669633000584103,48.08617249999008],[17.668150000179267,48.076498999735435],[17.680725499403877,48.074761000364425],[17.679372499776267,48.06567900030408],[17.690748499870082,48.066293000170724],[17.700816500067543,48.05976950002471],[17.716102499615346,48.06155499984263],[17.74744050043905,48.053008500032625],[17.756174999992282,48.05426300029782],[17.7612984996461,48.04487950002701],[17.76882950036842,48.0407964995387],[17.75422950034078,48.02933750002584],[17.753653000353037,48.038007000279435],[17.74162900009455,48.04080749999914],[17.738809499997096,48.03382500024503],[17.732530000107086,48.032023500139985],[17.73343899992974,48.037757000082266],[17.725515500641208,48.04114900030398],[17.7243390004409,48.03442400030111],[17.707917999381177,48.02761649979029],[17.682099500669565,48.004338500373805],[17.674864000462325,47.991453999566374],[17.696320500011353,47.977526499596685],[17.702416999543562,47.97827899980062],[17.693404000462944,47.969130999763884],[17.683021499981947,47.972148500281406],[17.668261499364874,47.96431299992191],[17.68464199967942,47.95532699978768],[17.685053500422306,47.95238249998278],[17.67658799959456,47.950465500264315],[17.66938050037695,47.95299550015557],[17.664278499944917,47.95754099964042],[17.66493700063719,47.96216099985517],[17.635842000641976,47.98260199986549],[17.633650500573374,47.97762199962082],[17.624353000054615,47.97936000035934],[17.617528499782445,47.976653499845554],[17.61166950060993,47.9632360002699],[17.61526549986377,47.95641700045141],[17.591629500232905,47.95976999962843],[17.576073999472356,47.9546850004386],[17.570610999831576,47.943664500397304],[17.559302499437983,47.94018949979674],[17.55236399945049,47.93334300042526],[17.556710999564523,47.92686000043568],[17.5510349994537,47.9206619999885]],[[19.25088000062377,48.08161000038317],[19.261325499334365,48.08186699986354],[19.263933500337664,48.08625799990474],[19.261066499863226,48.0924289998602],[19.252675999495235,48.096794999997456],[19.264677000375844,48.11219499991915],[19.245936499588886,48.11861450020337],[19.229193000260395,48.13040050005906],[19.218023000051684,48.121234499800245],[19.222845000289993,48.11673500006412],[19.219143499555944,48.108331500358226],[19.210302500033812,48.10437249967412],[19.239797499711987,48.09150400009452],[19.25088000062377,48.08161000038317]],[[18.80737849939541,48.24567599971053],[18.815616499884488,48.241408000231914],[18.822264999911603,48.24447499988409],[18.82800799947859,48.242038500093294],[18.829725499400723,48.23364549968208],[18.83567450050159,48.236311500050896],[18.84736000016489,48.23175149970809],[18.849861499359683,48.218456500069415],[18.872457500356692,48.22113200007464],[18.883291499697975,48.21869000000438],[18.893933499535557,48.22916449970919],[18.89829800043759,48.22906049987354],[18.892474499325463,48.241498499955966],[18.90115600064186,48.24452100039961],[18.91443149971179,48.24153200010859],[18.923794999976675,48.24865499963919],[18.92394150060842,48.25460700022343],[18.931051500346133,48.258046000253465],[18.92322999936397,48.26319600017379],[18.911694000003212,48.25893449965789],[18.89801799984668,48.259119499726175],[18.88946849969318,48.26339799996092],[18.860965000285788,48.25745700004518],[18.840585500266357,48.26807300031122],[18.826633999490237,48.26556249983079],[18.814207499657133,48.25851799986561],[18.80737849939541,48.24567599971053]],[[18.5378224997609,47.932024000312154],[18.554884000460504,47.92360050015173],[18.546848500001435,47.910733499754215],[18.55075749957043,47.902547499718786],[18.577532500367223,47.88631100035016],[18.580739999812472,47.87968700044775],[18.589198999579793,47.88285500037504],[18.59311099933623,47.88806649986382],[18.590692500250473,47.90239350018658],[18.601554000614254,47.916325500324035],[18.641595499445064,47.90225599993698],[18.644727499361558,47.897597000176106],[18.658750499699533,47.89902800041033],[18.665159499868018,47.91160399971541],[18.672258000020495,47.9157695003506],[18.688550499996108,47.90944950036053],[18.702629999832098,47.91012250020782],[18.672257999658324,47.919318499801264],[18.673323000479773,47.9229139997833],[18.668259999980457,47.92347350022761],[18.665098000490598,47.93043600020884],[18.667262499625316,47.93883199970872],[18.687954000137466,47.95087999993572],[18.68297500067841,47.97243350020993],[18.66118000027513,47.97094200001012],[18.648351999683896,47.961937000341436],[18.610312500551913,47.971332000140585],[18.603494500286256,47.958089499884615],[18.618511500124153,47.95116600023302],[18.615113500587732,47.950305000370214],[18.617420500224004,47.947449500093036],[18.598739500523383,47.93668999977121],[18.58310300024695,47.942185499804715],[18.561898499851612,47.94331200024062],[18.555721000544015,47.94669500017413],[18.5378224997609,47.932024000312154]],[[18.56193599956071,48.2231639997539],[18.545244000075105,48.21945000009873],[18.538838500222248,48.21976099995781],[18.536292999881496,48.22463200023912],[18.51293100016766,48.224579000167026],[18.51432350048821,48.21724649973167],[18.482975000408757,48.2092709996893],[18.48160400067594,48.20706800012004],[18.48998199950684,48.200332000480536],[18.485983500190002,48.19217549986909],[18.50162799975854,48.18335350020949],[18.503293999893973,48.17172049964215],[18.509177500606135,48.16547900009768],[18.499867499740084,48.15741649998015],[18.481829500376183,48.160745499745786],[18.477174500326832,48.15744050037841],[18.471344499810726,48.149880999677414],[18.479319000330968,48.14549750025511],[18.47449350011882,48.136863999861674],[18.488024499588413,48.1316710002979],[18.484721000034437,48.128007000057536],[18.512055500275963,48.111892999704416],[18.516768499447227,48.11120900022796],[18.53690449956797,48.12390650005803],[18.549662000536554,48.117369999782085],[18.562150000399164,48.128637499543075],[18.575226499500857,48.12213600007901],[18.573190500104584,48.115915500239296],[18.57994250023722,48.10977049986877],[18.613338499936656,48.12796699992242],[18.612844999955424,48.12394099964143],[18.619621000110712,48.12385200008884],[18.631759999683407,48.11678950030972],[18.635869999878626,48.118798500320764],[18.64710699947053,48.115249999929134],[18.655981000688147,48.11016500033518],[18.66063299966671,48.11536500031689],[18.658309499873916,48.12126299967476],[18.6661729999125,48.1243635004508],[18.664077499880158,48.13628950034619],[18.659501500376447,48.140123999520036],[18.660906500106524,48.14560049967518],[18.65206200028152,48.14690249955986],[18.646775999381983,48.15736150001996],[18.633397999731173,48.1616995000689],[18.618228999895088,48.178007000455935],[18.605321999375352,48.1724225002196],[18.600045500535728,48.176103499820435],[18.603281999448946,48.1791474997227],[18.60124199981318,48.18465100000459],[18.58870849961188,48.19105299987428],[18.582509500628642,48.200808000136554],[18.57927249963367,48.20322500045832],[18.570938000014646,48.19954999955737],[18.561019999552887,48.21357600047623],[18.56458850052868,48.22084349992641],[18.56193599956071,48.2231639997539]],[[18.584423500334125,48.27451250042221],[18.57480449954895,48.27715400010559],[18.567797499683714,48.2697634997703],[18.560926500069932,48.27297450018824],[18.556760000574418,48.269695999632305],[18.548899999380954,48.28167700000892],[18.525710499856746,48.27703499982629],[18.524783499778707,48.26973649999091],[18.53085849957815,48.265097999679504],[18.524402500558097,48.25405549958152],[18.534964500337708,48.257334000313115],[18.539092499751362,48.25297050023008],[18.54878250005186,48.25443999985024],[18.563660500645977,48.26601500010102],[18.57544200015017,48.25707899998122],[18.584755999461496,48.26062200006269],[18.592269999507607,48.25543999991382],[18.601883000238793,48.260168499692945],[18.616868999697605,48.262325499880944],[18.613874000612434,48.27661800025671],[18.591273000140557,48.27777799972871],[18.584423500334125,48.27451250042221]],[[18.439958499421724,47.775273500163436],[18.486136000544317,47.79572150013255],[18.495799499419782,47.79219349979338],[18.512255999774354,47.792003499983906],[18.534640000379344,47.78376250032662],[18.526480500144512,47.800062500154866],[18.528482999873077,47.81530049973229],[18.502356499315113,47.817184499920316],[18.47877950034729,47.83318649992333],[18.440742000708298,47.81774600034931],[18.436915499555262,47.813479500073086],[18.43349199984132,47.8158344996833],[18.408452999312043,47.7957254998878],[18.42573549954897,47.78165949965462],[18.439958499421724,47.775273500163436]],[[18.39673349999749,48.28239750011163],[18.40565150060646,48.266259999615805],[18.413315999414092,48.26676550029902],[18.416370999924947,48.25920950045198],[18.426413999542532,48.25197949999631],[18.430419999354207,48.252335999776236],[18.438619499670267,48.23874400032192],[18.444204500579573,48.23775600000305],[18.444736499766744,48.239984500111575],[18.4610134999432,48.24275699983361],[18.45783700069817,48.26324200019354],[18.464885000269117,48.273682500283826],[18.456650500090667,48.27916700039489],[18.433431500481213,48.29172300021872],[18.421139999606442,48.29223799964194],[18.41775849978125,48.28853299972431],[18.413421499737915,48.28932000010583],[18.412657000370423,48.28586399957313],[18.39673349999749,48.28239750011163]],[[18.391070500078055,48.165936000106],[18.402036000444724,48.1585939995688],[18.40662850028161,48.16066399978936],[18.41526300060041,48.15160650008005],[18.42554749954424,48.156677999819735],[18.427592499951313,48.155193499905074],[18.431172499469874,48.164308500111495],[18.416857500525907,48.167606500099474],[18.40382050054687,48.176255999994225],[18.40322299972007,48.17163699982041],[18.391070500078055,48.165936000106]],[[18.366196499971032,48.40533850040523],[18.341713500335764,48.40510000037484],[18.352809499564415,48.37753850017387],[18.362701500650353,48.38041500021803],[18.367689000551128,48.39834199963551],[18.366196499971032,48.40533850040523]],[[18.310103499970975,48.36241549968001],[18.305450000567014,48.35668850010236],[18.311098500650402,48.35671800031248],[18.31157600048409,48.350748500194754],[18.316346499759035,48.35241200039872],[18.31840799975897,48.350459000177146],[18.32175349938337,48.3407559998719],[18.339220500380403,48.346526499699266],[18.339319000223785,48.36495350022828],[18.312986500125202,48.36358399967937],[18.31094849991801,48.366257000390235],[18.306848500179473,48.36300150006743],[18.310103499970975,48.36241549968001]],[[18.225210999389564,48.11645500024472],[18.219818000593623,48.093102000181624],[18.22971149957234,48.086755999921174],[18.23895249943762,48.089417000245106],[18.241005999933545,48.0980955004205],[18.248631000234372,48.09672250037672],[18.252506499625937,48.09952950016727],[18.250552000087232,48.110830500341116],[18.257752999751748,48.1118844997192],[18.266102500128113,48.1196930000452],[18.249045999584794,48.127169999996404],[18.239278499422,48.12161099988656],[18.21860800043672,48.12564300014009],[18.225210999389564,48.11645500024472]],[[18.14087650047498,48.11259149979136],[18.190283000049533,48.105635499911685],[18.196372999745837,48.09819649977334],[18.211035499804407,48.096874000318806],[18.2150979998752,48.10250850023201],[18.211649999806962,48.10627200034411],[18.203308500573307,48.11034300019651],[18.200101499390662,48.10656849975959],[18.19280800049601,48.106171000216186],[18.207894999660695,48.12200450003194],[18.20174499971494,48.12265149991329],[18.20918549970725,48.13140150036274],[18.193229000706754,48.13511700034875],[18.189378499543366,48.12780749989112],[18.17974900023424,48.130737499565925],[18.160603499750234,48.12605299967694],[18.127747500600755,48.12534000018456],[18.116026500360213,48.12230449957843],[18.121224499396916,48.11720199976712],[18.14087650047498,48.11259149979136]],[[18.187851500464237,48.34100650018041],[18.214369000425894,48.3205209996843],[18.232067999821126,48.33302099980721],[18.226649000592783,48.33979399989598],[18.213757499526217,48.339596500428215],[18.201010499552925,48.34653149981743],[18.187851500464237,48.34100650018041]],[[18.10400499951675,48.40554949969108],[18.101884000400535,48.39741250017839],[18.14172300043403,48.38902099967975],[18.16085799947597,48.399630999728494],[18.16848699951578,48.398993500437875],[18.166362999441528,48.401780000162915],[18.150665999804396,48.4001725003927],[18.13151499983814,48.4039730003136],[18.118676999606716,48.40166950039559],[18.118177000534224,48.404811999765805],[18.11041350015303,48.402759000047716],[18.10400499951675,48.40554949969108]],[[18.014445500101278,48.15653650012914],[18.01865749956814,48.15320549994199],[18.02681950004944,48.1541530001496],[18.038696000122513,48.14129999974012],[18.0731384999946,48.161789499867865],[18.13392199944531,48.18981200006904],[18.125157500534645,48.20335199993384],[18.127512999784997,48.20451599988447],[18.113963000309393,48.215148999925155],[18.102440999729655,48.21145900028053],[18.09186350045086,48.20205000002842],[18.097748499658625,48.19659650041026],[18.071922499709274,48.18273800023502],[18.06208350058578,48.182713499838854],[18.04331450002122,48.169809500111334],[18.039518500143984,48.17207249975358],[18.014445500101278,48.15653650012914]],[[18.146487499797527,48.51077200029906],[18.15594450044045,48.51705100014584],[18.154438500140323,48.522683499546915],[18.16279349958851,48.52491049995148],[18.158304999547948,48.528249500158836],[18.159695499918097,48.533120000433975],[18.142732499744096,48.54175800021972],[18.133258000431486,48.53460599966954],[18.125905999642377,48.53481700016106],[18.13001200036932,48.52880149979012],[18.11557900013083,48.524919499571915],[18.11984000006437,48.51428699984102],[18.124319999476977,48.51331800028286],[18.127485999545687,48.51866400027065],[18.13099399933168,48.51735449961243],[18.127616000644995,48.51176250029965],[18.131874999593318,48.50808300018185],[18.123639499815607,48.50148450011621],[18.129189000505267,48.50009649976455],[18.138401500553616,48.509502999921295],[18.146487499797527,48.51077200029906]],[[18.077699999792134,48.494321999915634],[18.1093039998895,48.48666550010119],[18.127979499383347,48.474443000232945],[18.133198000670763,48.48232250011924],[18.137915999763255,48.48245650001484],[18.132941999951825,48.485187999927746],[18.13243499991169,48.490170499872605],[18.1154079996283,48.491905500163746],[18.08482149933134,48.50225549983269],[18.077699999792134,48.494321999915634]],[[17.885525000245128,48.50403999970342],[17.897167000220115,48.498380499856644],[17.908652999689558,48.48727149971956],[17.888178000374953,48.479896999785474],[17.89041900025215,48.47602199965472],[17.882614500144427,48.46977799975393],[17.903881499339374,48.462427500056016],[17.910728000516023,48.45771999970111],[17.90646300045119,48.45488049954061],[17.91181899939599,48.45197099959283],[17.91584050067282,48.45295050015979],[17.933640000097004,48.44513400024017],[17.94366450054928,48.45012200030145],[17.94696249999209,48.44667899965549],[17.95549750010772,48.447123499658886],[17.955566000312135,48.443146499904806],[17.950253500308857,48.441888500011245],[17.956726000161854,48.432722000186054],[17.981706000130774,48.430986000403585],[17.98085399962508,48.42427750041025],[18.006653999686222,48.4271110001334],[18.007918000350386,48.42925549982604],[18.000171999318603,48.44630949986684],[18.005425500296226,48.457426500030515],[18.00381400004115,48.46354100023511],[18.017552000346612,48.46472849994061],[18.027962499305573,48.45982599969975],[18.03957200039684,48.460051500139166],[18.038570500577105,48.45640999963815],[18.040542999700584,48.453598000371656],[18.04293600020663,48.4648180002883],[18.05334050019562,48.467233000370626],[18.06593900036149,48.4683934999209],[18.063783999348257,48.46474399960151],[18.06857950026544,48.462671000207045],[18.09883100048945,48.45867049963744],[18.119766000066342,48.45881899976303],[18.125374500479975,48.46249100012566],[18.12060499980905,48.46642099983005],[18.12704700021925,48.47226049998354],[18.08532299992923,48.479406999765104],[18.06901800018815,48.48555149974789],[18.06759149957061,48.478363000107215],[18.039952499511696,48.485703999838044],[18.034792500549425,48.479067499715256],[18.018065000022176,48.490137500038465],[18.007899999410903,48.488963500461615],[18.004032500557674,48.484902000255616],[18.001127000125813,48.465483000441125],[17.981916000233436,48.46554000001791],[17.977561500243652,48.46973650005143],[17.96237099976758,48.46505150013568],[17.933741499933312,48.478904499675956],[17.909432000062342,48.49629700032794],[17.889651000549854,48.504983999849145],[17.885525000245128,48.50403999970342]],[[18.11842750033688,48.433385500368125],[18.102864499644152,48.44446500033309],[18.065121999839516,48.448033500047686],[18.06424450007792,48.44400100008483],[18.056492000462242,48.44305599966567],[18.0506275000867,48.43613000020607],[18.063810499844042,48.43060400016128],[18.11210399964154,48.4205169999869],[18.113045499699844,48.428862999574314],[18.11842750033688,48.433385500368125]],[[17.928756000130768,47.88444050043453],[17.920662000427374,47.87930000037437],[17.927047000148665,47.8752414998866],[17.912603000230096,47.86849300003637],[17.925533000467947,47.85843749983565],[17.934793999719258,47.8585129999504],[17.9416035000858,47.84354300016816],[17.957207500228108,47.83913649970924],[17.954636500239367,47.8305169999569],[17.943797499846614,47.823862000308885],[17.956405000167372,47.813927499596275],[17.962507499928826,47.813264999968865],[17.969579499844023,47.80058849979956],[17.970968999326644,47.80629549965915],[17.975531500274258,47.807542500054254],[17.989674000153286,47.80785849973984],[17.99296950050705,47.80286600017111],[18.000247999598315,47.80795950021221],[18.003412499705146,47.80610250038362],[18.00928899979274,47.809350000050735],[18.004902499605993,47.812755500040055],[18.01265350032929,47.8184949999008],[18.012219500213615,47.82322349960366],[17.990983500454668,47.84214949979911],[17.942090000130715,47.863015000215015],[17.930657000358238,47.890052499850945],[17.928756000130768,47.88444050043453]],[[18.09674849999827,48.3937409997108],[18.057129000287166,48.403981999700086],[18.045768999843364,48.410550999671464],[18.04238500045917,48.38776550031481],[18.03503149973651,48.37779200044845],[18.05330600007432,48.37267400036129],[18.064358499624756,48.3652980001727],[18.073639499648802,48.367528499705166],[18.076971000102546,48.37346400009641],[18.081964500415044,48.37180100035393],[18.084311000515417,48.376842499995945],[18.088650500597748,48.377460500020604],[18.084438999640078,48.37788250039724],[18.08739150022407,48.38081649989913],[18.084369500559493,48.38569500002663],[18.08951000047688,48.38641699974463],[18.09674849999827,48.3937409997108]],[[18.047144500339126,48.35487050017493],[18.025425999772395,48.36005449991632],[18.008291499514044,48.35235649986064],[18.01360899994477,48.339870000434686],[17.998242000274278,48.32930249971568],[18.007443499455302,48.31410699999624],[18.02430449955562,48.317752500263566],[18.05529050011939,48.33446099954306],[18.04710699970141,48.3364885000678],[18.047144500339126,48.35487050017493]],[[17.977926500338594,48.3855679999513],[17.99268299976118,48.384954000287564],[17.995291999718674,48.38890300013747],[18.004056500619324,48.3851305003057],[18.020356000056026,48.39226250025713],[18.008791000475544,48.414527500092085],[17.976197499932542,48.406796000252896],[17.98031300020701,48.40183699988399],[17.964533999597265,48.39204999965272],[17.968053499815696,48.38948700013964],[17.975053000473928,48.39152349976454],[17.977926500338594,48.3855679999513]],[[17.880841999768595,48.569799500320464],[17.87190950052742,48.558618999616826],[17.877090000325463,48.55751650027137],[17.899285499462916,48.534211000411084],[17.91908850020279,48.5280919995355],[17.926289999494593,48.53455399996838],[17.907790499613522,48.544449999696226],[17.91061650038897,48.547886499559404],[17.89861850056334,48.56035999989254],[17.884093999413192,48.563615499641955],[17.880841999768595,48.569799500320464]],[[17.865736500626628,48.53851750012273],[17.86381650014417,48.53128449994741],[17.85570650042011,48.524510499565594],[17.84554449964568,48.52156599993489],[17.84460449958438,48.517253999685266],[17.846513499365564,48.514076999987665],[17.852948000662312,48.51480499991485],[17.860966000409245,48.5092889995468],[17.872024500064096,48.507204499614446],[17.88735999968171,48.51225799963844],[17.89291449955768,48.51873300036024],[17.885401000555408,48.53022949999546],[17.865736500626628,48.53851750012273]],[[17.620804999576688,48.26500600042323],[17.61865800014762,48.263115000078734],[17.6414209994078,48.251501999727616],[17.667961500514327,48.255693500351626],[17.666826500143497,48.25110950038257],[17.67231849959088,48.249743000173375],[17.66123700008884,48.24071949993247],[17.641935000084903,48.24118200042417],[17.635995999994318,48.23535850028698],[17.631149999465094,48.23671649985231],[17.625797499415683,48.23381050021892],[17.62701650025226,48.23070299985183],[17.61528350010521,48.22248200029181],[17.62275250021471,48.21733499990895],[17.646232999376,48.2145704999453],[17.645097000219582,48.218549999749314],[17.671173500049505,48.22873049976334],[17.67743549980402,48.217900500135364],[17.681576999591062,48.21927900028445],[17.688560000179535,48.21431050015048],[17.7034525003654,48.22032750035007],[17.69795950008839,48.22611549973924],[17.693933000081906,48.22432450018891],[17.695639000184812,48.229395999621744],[17.72182849952103,48.24655599976923],[17.74649999974387,48.234935000006764],[17.754715500232837,48.23626399975612],[17.760876000448953,48.22404600041519],[17.79114000014654,48.199056499555525],[17.781938500386765,48.19615250035923],[17.763867999373105,48.197448499999766],[17.747600999756774,48.19109450013944],[17.77152299966104,48.18480400028023],[17.77886450004953,48.17994150001453],[17.80031699972776,48.17892599977284],[17.820721999519577,48.16511400025143],[17.8289754997484,48.16718999975465],[17.800576000544627,48.18573999990872],[17.801025500699527,48.191411500315475],[17.82048799946175,48.201052500392024],[17.806495500562185,48.235410499850374],[17.806443500386358,48.25385399984934],[17.800294999511042,48.262008000299154],[17.791564499330107,48.259739999832945],[17.78608949968631,48.26141199989295],[17.78516900013621,48.27032100033032],[17.77128900049178,48.267876999974305],[17.74804650053265,48.279311000374584],[17.71560900028414,48.25435400003007],[17.70308849968966,48.260768000375236],[17.693226000376175,48.259702500209954],[17.695743000411117,48.26523449963866],[17.68821349961949,48.26425749981443],[17.686395500548553,48.268553500211155],[17.683768000474572,48.26694050009907],[17.678704999602814,48.270187999745914],[17.661526999967354,48.25910099988379],[17.652049999430748,48.26478400021973],[17.652693999637382,48.26932199986624],[17.62079549955026,48.268442999790174],[17.616821999569655,48.266677499972474],[17.620804999576688,48.26500600042323]],[[17.725330499645743,48.15235550047282],[17.743987000618024,48.14706649978325],[17.744234499547982,48.14366299983556],[17.75310149947056,48.143111500079414],[17.75947650015149,48.14599850031548],[17.754777499631867,48.148334999731446],[17.778272499760337,48.158112500089835],[17.774709500562878,48.161978500073786],[17.779712499951223,48.16166050027577],[17.789283500308215,48.167524999702245],[17.77476499957597,48.17155049985854],[17.7570364993751,48.170956499986545],[17.7441960000648,48.18361250038207],[17.737765499843526,48.180605499888195],[17.729577000400692,48.183495499559484],[17.72811600001939,48.17184500044752],[17.72319249994158,48.17208600036139],[17.721296999896513,48.16767400036578],[17.724954499390602,48.16520600042896],[17.725330499645743,48.15235550047282]],[[17.74622350051302,48.37366399971532],[17.75739849985678,48.3681669999168],[17.762455000420314,48.377372000389805],[17.776862999688213,48.38439599996343],[17.76078350007306,48.389587499629336],[17.744032000332293,48.40163249987782],[17.727053500566115,48.40682050000213],[17.72528149963606,48.404645000229436],[17.731966999473887,48.4006774997004],[17.73570900060781,48.389238499934045],[17.731445999517153,48.387264000100146],[17.740774499567152,48.37762599973659],[17.737904500701884,48.37366650035805],[17.74622350051302,48.37366399971532]],[[17.64303400040214,48.02407150005493],[17.632781500473516,48.00552400018479],[17.633441000445373,48.00195999955916],[17.644348499545895,47.99886550040897],[17.659310999831042,48.017999000081126],[17.68452450001582,48.03721399964756],[17.6689784995543,48.04212700005736],[17.64303400040214,48.02407150005493]],[[17.66436150060342,48.165505999951264],[17.657562500292485,48.1542449995679],[17.650242500652492,48.15873300017251],[17.628899500083797,48.14998149964188],[17.622442500447644,48.152350000075344],[17.626365500379677,48.15965100006668],[17.616926500425084,48.16199050023274],[17.617963999569923,48.16476749983355],[17.61387750034247,48.163980500182866],[17.611360500233065,48.15936949959843],[17.616909500246937,48.14251150033393],[17.632712500132573,48.141167000339735],[17.65456399966219,48.132752500381244],[17.65460700042277,48.14317900012414],[17.658659499765534,48.14599499978993],[17.6647599997524,48.143909000151254],[17.700114999877062,48.159847500120186],[17.686374500322835,48.17394999988414],[17.66436150060342,48.165505999951264]],[[17.651779500124196,48.0839549997347],[17.647476999638023,48.08997299994823],[17.6491949997678,48.08582399979643],[17.646266999344174,48.088006999980436],[17.55859100054315,48.02949549975751],[17.553130500197735,48.01997700006757],[17.559759999660514,48.00108350034069],[17.579479500443647,47.99862499996229],[17.590688500232428,48.00652800011566],[17.594655499557035,48.01275599992793],[17.57620199946566,48.01475850048455],[17.583639500171802,48.02534500039295],[17.66301850014955,48.08688200035308],[17.651779500124196,48.0839549997347]],[[17.702823499662472,48.366668999652774],[17.674075999968224,48.369807500289554],[17.659117999720237,48.380432499895704],[17.650969499813346,48.37812899995442],[17.636695500175712,48.38568849972993],[17.63410549990154,48.38379799973241],[17.652907999846516,48.368551999651864],[17.671729999590774,48.358646500358056],[17.701838500496013,48.35656650041498],[17.702823499662472,48.366668999652774]],[[17.694469499855643,48.30792150036017],[17.680564000354757,48.31570000028232],[17.67726400062293,48.32138250038144],[17.683376000604785,48.32055850011165],[17.669693999782556,48.33238299984496],[17.673338000629567,48.33423899998903],[17.640890999767045,48.3476395004308],[17.63202200005392,48.33320999964106],[17.645157000310785,48.316393500256666],[17.687879000179368,48.304345999785255],[17.694469499855643,48.30792150036017]],[[17.492784000534648,48.08659749961061],[17.503342999926343,48.085038500281335],[17.50984250034271,48.080633999892946],[17.494451500599872,48.06911699991372],[17.497784000716205,48.06549750036157],[17.50904049996529,48.07583599976802],[17.524196000099394,48.07371250015463],[17.546207999462027,48.079206500097165],[17.555928000023755,48.08480599963567],[17.572729999469107,48.07302300033943],[17.605127499878467,48.091583499943276],[17.61031249943321,48.091006499766756],[17.609596999999575,48.100093000197525],[17.59642950058234,48.09840449972797],[17.603786999368214,48.10390999986298],[17.604406000255928,48.11009999998278],[17.611874000573078,48.11128650023871],[17.618225000502854,48.10119449975293],[17.622985999556402,48.11362699999875],[17.63588249995106,48.119311499698426],[17.629262000567742,48.12270749955452],[17.626690500297055,48.11823049963278],[17.62198399966477,48.120709500218936],[17.618260999931714,48.11663850002841],[17.61485199970868,48.11816149988295],[17.617890000300434,48.12093049957331],[17.611069499577873,48.12439500002946],[17.608050000631874,48.12125399985742],[17.607369499500532,48.125039500341046],[17.602031999386195,48.12639449963724],[17.596438000390982,48.10680449997686],[17.588225999746204,48.09990049961086],[17.580517000507676,48.10796149963838],[17.572555999416732,48.102366000410214],[17.567342500187202,48.10324350033145],[17.57253249982001,48.11094949993772],[17.569008499581294,48.11406199982457],[17.559135500100638,48.10821700035107],[17.54184200041537,48.10565049978071],[17.537019000320672,48.10820150026297],[17.546930000131308,48.11523350041066],[17.54390249941011,48.12207749993909],[17.53349249988651,48.12212600042288],[17.52953149940494,48.11480499969349],[17.522953999845324,48.113993999749496],[17.514181000449625,48.118400500232134],[17.513621000393954,48.12223999981077],[17.502681999352205,48.12155099964078],[17.49773449961855,48.12538549959743],[17.49077050010108,48.125757500264896],[17.48392950064796,48.135853000229744],[17.484552500385874,48.14373099954369],[17.470113499510134,48.141606999813554],[17.477606499902137,48.132652500215464],[17.47216550008556,48.13111749955081],[17.46726750002512,48.1332045000971],[17.462024999900116,48.129380999635835],[17.447952500216932,48.13120999962385],[17.42791299981224,48.114196500016405],[17.438614000047295,48.10766399981976],[17.466520000083406,48.10089350034503],[17.492784000534648,48.08659749961061]],[[17.61255849960661,48.315702999636045],[17.629424499559747,48.306942000456864],[17.633197499320914,48.29184499978125],[17.639675500520227,48.29302450014392],[17.64770299949818,48.290138999971724],[17.661017000529604,48.29361949982704],[17.621901500393097,48.32282050024774],[17.621199500392173,48.31930050022014],[17.61255849960661,48.315702999636045]],[[17.60948849971997,48.17895649999326],[17.610423999517348,48.16702849988034],[17.616039000600328,48.165951999883916],[17.618261500430016,48.174551999957174],[17.641074499990296,48.18125400022908],[17.6345330001907,48.188960000190654],[17.60948849971997,48.17895649999326]],[[17.66065750055504,48.546268999690774],[17.648840000270084,48.54100000013836],[17.632507000269012,48.52417749975769],[17.641180500027946,48.51645200037458],[17.62306650050377,48.50634300006606],[17.63078599996477,48.49443100010039],[17.643350499713307,48.486161999899146],[17.662583999910826,48.4917865001772],[17.673543000541144,48.498575999715065],[17.662130999865553,48.51316500024835],[17.677037000111984,48.52441799992118],[17.670918000669314,48.52816650017869],[17.67477199951007,48.53729300046184],[17.66065750055504,48.546268999690774]],[[17.56148049937811,48.23976349985171],[17.58315549949465,48.25087350031545],[17.597084000222175,48.264464500205015],[17.581483500499665,48.276967000365175],[17.574845000604366,48.27035250018937],[17.564768500632017,48.26821100024648],[17.54520649974017,48.254889999969436],[17.56148049937811,48.23976349985171]],[[17.578183000635562,48.42159899983293],[17.57020099963482,48.42831150042188],[17.568909999859514,48.43458399984923],[17.552930500463273,48.446069000405124],[17.55789200008297,48.450487499807494],[17.54096900017739,48.460804499670154],[17.517988499496404,48.446573000114455],[17.53128900006046,48.43466350042454],[17.538769499841557,48.433226000098706],[17.539749000041347,48.42460249994614],[17.553599500236462,48.41266899955023],[17.554974500394902,48.406433999574666],[17.578183000635562,48.42159899983293]],[[17.475644999968925,48.16257100012453],[17.480392500671563,48.16087300033823],[17.482805499414795,48.16389799999536],[17.479695999990057,48.16555299959322],[17.48225399968718,48.17106750043069],[17.50016250010605,48.16833699994259],[17.50869799940523,48.17682600033954],[17.516425000255524,48.170687499882476],[17.519099500370203,48.17447649978894],[17.524215000062107,48.17114299970025],[17.535753500343443,48.176075000084744],[17.542030000221217,48.17418299983205],[17.542667500640384,48.18305099992055],[17.53298749956956,48.18981399962459],[17.533045500663196,48.19635300022696],[17.52508799937281,48.19725000019265],[17.521166499952997,48.20310049990808],[17.516169000421513,48.19924750034641],[17.505348000031805,48.20017750028025],[17.50069899974635,48.205285500174476],[17.520570000045723,48.22554850019121],[17.487083499434274,48.2323129999857],[17.47156950062957,48.220611499927415],[17.476969499931073,48.21816649981156],[17.47143949993302,48.209293000301564],[17.465295000664216,48.21175500039735],[17.42445999985543,48.20776149982608],[17.419874999970816,48.2026069998331],[17.421051499387676,48.19439100034939],[17.414869499986494,48.19523199956885],[17.40974749980933,48.20273349996198],[17.40360850053034,48.20051949989182],[17.408027999822703,48.19071600034017],[17.399093999437092,48.19638449980002],[17.392028500274424,48.19483649982912],[17.374637999859452,48.19998699989451],[17.37822150000816,48.18562049965686],[17.37376900049737,48.18019599993799],[17.377693999456376,48.17806650002526],[17.37345350050039,48.168361000378624],[17.37955650047212,48.16542850031117],[17.380083000366728,48.1700715003149],[17.394523500267987,48.16892599997785],[17.396472499951606,48.16526299974605],[17.38516799953662,48.153640999591055],[17.37727700038784,48.15101300003453],[17.374082500716487,48.1546210003587],[17.381295999394993,48.157677500387905],[17.367307499827103,48.167610499989834],[17.361480000200267,48.16617499976562],[17.35599250055739,48.16228650000543],[17.35657799976281,48.15183850014039],[17.352298499589377,48.1468824996265],[17.366127999553257,48.14136400042339],[17.3744900004158,48.147755499547024],[17.378454999472172,48.14739799995042],[17.390407999600352,48.14171200024904],[17.379050000666567,48.130530500129204],[17.366759999782726,48.13369300012448],[17.361097999643107,48.12707950013356],[17.340483500601387,48.11844499955241],[17.35793150026227,48.10214350026546],[17.381896499450814,48.09859149973675],[17.400275499888505,48.11123850009374],[17.401881499474737,48.1217210003894],[17.435207500479752,48.14409600003614],[17.420799499314402,48.15280299981553],[17.427348999727286,48.154166999615],[17.425851499857135,48.161710499566375],[17.442344500603973,48.163177999827994],[17.441933499536056,48.167675500228896],[17.448621999534254,48.16811850041771],[17.469292000501035,48.16241499976211],[17.46346149972252,48.154995999857135],[17.4674314995542,48.15231749960345],[17.475644999968925,48.16257100012453]],[[17.528374499578053,48.26973199971203],[17.555976500196145,48.29365100006098],[17.54888099941746,48.2965715004734],[17.553574999512463,48.29981800026279],[17.54226749983883,48.31177950037934],[17.548739000155813,48.31575749973684],[17.51392950031578,48.34634649954228],[17.506145999464575,48.33947199996335],[17.477536999419236,48.35257850006036],[17.462134000577347,48.32512900007236],[17.456531500154952,48.32722099960507],[17.449279000303253,48.319612499694486],[17.46026800023375,48.31257049982657],[17.459710499738165,48.30581200034996],[17.466318999452596,48.30981750000252],[17.472523499754974,48.29992800000047],[17.495752499677838,48.2874400004731],[17.50078049977359,48.28962150040611],[17.528374499578053,48.26973199971203]],[[17.518945499649757,48.35522400036765],[17.53942849970558,48.36654149985402],[17.543074000329288,48.371908500088196],[17.528623999543147,48.376299500454586],[17.524192000644238,48.37507500009235],[17.527619499689948,48.37192100007685],[17.514239000104872,48.36322700002667],[17.518945499649757,48.35522400036765]],[[17.424366999817146,48.248853499701305],[17.41147200051777,48.22457599956294],[17.425831499591997,48.221674999580664],[17.436411499579908,48.23680999970591],[17.44951900062342,48.23822900004261],[17.45389950056961,48.24608199954583],[17.43216850054848,48.24593650002107],[17.424366999817146,48.248853499701305]],[[17.31117199941902,48.057081999873674],[17.33608949959768,48.03509100039478],[17.341205000677306,48.035986000394985],[17.356428499535884,48.046956999908026],[17.361489500227812,48.04407500016479],[17.36968049989257,48.046777999887745],[17.365873500143937,48.04863549965854],[17.384314499719583,48.06872249967521],[17.377040999711433,48.06721149980145],[17.37935849943851,48.0695650001651],[17.372874999322775,48.07153749995614],[17.382404999916325,48.080431999791394],[17.37057849962061,48.0856059999927],[17.341347999860727,48.084528500017356],[17.333848499917547,48.08132849980091],[17.331655000290862,48.06917850021162],[17.32401849956933,48.07082849973183],[17.31117199941902,48.057081999873674]],[[17.260362000157333,48.167661000310986],[17.2640179993122,48.16627849971523],[17.259854000221925,48.15556850037753],[17.26457400029103,48.15903300024368],[17.27293450030415,48.14744499988209],[17.280521000185495,48.146493500310164],[17.285488000034455,48.151800499958696],[17.28120649979147,48.16198449976568],[17.285571500005364,48.16677449976825],[17.297038000444978,48.16937000037367],[17.29824299989522,48.18002549972349],[17.284514499747566,48.178413500051356],[17.280423500022856,48.18119749994245],[17.280416500322254,48.17776400024448],[17.274033000220847,48.17788899971982],[17.260362000157333,48.167661000310986]],[[17.064802499755928,48.259100499992066],[17.091066499608015,48.24669049987794],[17.099370000373856,48.24937250037181],[17.120518000516142,48.244369499608084],[17.129283499421145,48.24796050004611],[17.139581500410618,48.24754699952525],[17.153247000598146,48.26056749951441],[17.154742000565477,48.26850049978241],[17.1627295003108,48.277454499653345],[17.15008899996565,48.28017999973007],[17.139395999707425,48.27777400009664],[17.126149500230476,48.281160499862715],[17.120050999817433,48.27753950008839],[17.121758000139376,48.267449999973344],[17.110903000525745,48.25248499967624],[17.09609449941019,48.25974650047016],[17.095499499562912,48.26785450012777],[17.07430850029023,48.269275499761065],[17.071206500446955,48.27526499991505],[17.062339000060323,48.279920499715814],[17.058753499666963,48.27765400040874],[17.070141999790973,48.266236999909765],[17.06274950056654,48.265229000159415],[17.064802499755928,48.259100499992066]],[[17.04446099983621,48.25034850045876],[17.04718849989521,48.245504999826245],[17.067377499308662,48.24215299985758],[17.06984800052773,48.23721899979903],[17.07668900066969,48.23591300020605],[17.080892000547692,48.24971850027201],[17.051845999603874,48.255093000232975],[17.04446099983621,48.25034850045876]]],[[[18.406794000315617,48.68900850031683],[18.417762500229482,48.673459499778],[18.40914449988773,48.66405150030719],[18.39394799941308,48.65768250036348],[18.39533549939301,48.648880499984294],[18.391816000359483,48.65093450026587],[18.378658999754197,48.64892549959163],[18.376626999396834,48.65213849964752],[18.359416499383205,48.655105499679145],[18.35126099980122,48.66108399986221],[18.34342450037883,48.657990000350715],[18.344442499532676,48.681387500172086],[18.36109649948151,48.674321000042845],[18.380017500477976,48.67227249996654],[18.383746499811974,48.68829599975874],[18.390323500277514,48.69427899973232],[18.402895999367903,48.69610750013862],[18.40923250041972,48.69278700028476],[18.406794000315617,48.68900850031683]]],[[[18.33852099948247,48.6929749997731],[18.34354749945782,48.68109900020357],[18.33399500020454,48.68174600013695],[18.326601499816835,48.67506249999167],[18.30821900012186,48.67428899959542],[18.309808499317903,48.69255149996149],[18.33852099948247,48.6929749997731]]],[[[18.308663500568503,48.66599999978746],[18.311873000622874,48.66307449983046],[18.3092280003273,48.657434499567806],[18.317467499431302,48.65794600036939],[18.324364000473306,48.64858249952197],[18.3138620002165,48.64507500030091],[18.309547999891123,48.638988500080146],[18.293417999337372,48.640170499809194],[18.289895000403337,48.63272600038479],[18.273958999609135,48.63481350043352],[18.270494499844514,48.62795649965779],[18.264650000067608,48.631237500409846],[18.268198500613845,48.63480199975102],[18.264262999965442,48.64619499979073],[18.25761650048605,48.64900099964408],[18.272715999841203,48.65439550043061],[18.28126049941802,48.666815500476254],[18.296064500008747,48.662041999603225],[18.308663500568503,48.66599999978746]]],[[[18.041938500060184,49.00678850021227],[18.057953999500036,49.00360750012903],[18.063045000610355,48.997784500016394],[18.092010999991242,48.98188950024721],[18.099800500427573,48.98394950003527],[18.10143800062081,48.97968600007944],[18.10544750027634,48.986922000180144],[18.118677500375853,48.987654999532005],[18.123915499851556,48.979081500135045],[18.135663500074152,48.97195549998789],[18.14777299987602,48.970753500151694],[18.13316350031903,48.95587099986354],[18.12167899958651,48.95038800019268],[18.11678649989114,48.95270099975578],[18.102958000161628,48.94893599961962],[18.093374500614946,48.94124349987172],[18.066802000542694,48.95060500039129],[18.05549150061669,48.95888599966274],[18.057383500384233,48.966266499888555],[18.036916000618778,48.98103500020422],[18.03552549952622,48.989704999927554],[18.01784499940051,48.997697999955435],[18.02343000012475,49.002054499694424],[18.016978500568452,49.00480549971143],[18.021284999618718,49.00735900007225],[18.00702299929273,49.009611999780226],[18.006193000411837,49.016413000083524],[18.017318999335437,49.021130999934456],[18.041938500060184,49.00678850021227]]],[[[17.936502500316298,48.77503000041641],[17.936914999629053,48.77886099965593],[17.938387999380204,48.77526599971099],[17.943875500056848,48.777373000095565],[17.94986100060547,48.77402849953966],[17.943205500025112,48.76792350016147],[17.96640400034306,48.77615449989902],[17.983657500469196,48.75037049974045],[17.9936694994638,48.75383750004775],[18.002310500193506,48.749398999711666],[17.99822349985548,48.722807500134785],[17.97715949930332,48.719361999693085],[17.970694499940763,48.71924799965646],[17.965192000085192,48.72291449981363],[17.959805999617377,48.720918500373635],[17.948288500054428,48.731304500147125],[17.937956499617446,48.73569899972504],[17.932901999997465,48.74830750017888],[17.92626950033359,48.750462999793385],[17.92795000055147,48.745883500019495],[17.91857250015995,48.7556710000201],[17.912570499933135,48.75607850028214],[17.90980249955369,48.76485300034139],[17.914199999483355,48.77435600001586],[17.930919000519943,48.78021499995916],[17.936502500316298,48.77503000041641]]],[[[17.040597999911434,48.56673900012021],[17.090818500132393,48.558442000177884],[17.099282500529476,48.560719999711665],[17.09737600020107,48.56222999988346],[17.10644100009351,48.56264799959121],[17.11300099960239,48.57371400020043],[17.125626499707504,48.57646349968377],[17.121433000078625,48.59098899978411],[17.103794999456046,48.60085550042321],[17.10774749968273,48.611099500319035],[17.118256000482493,48.615640999620936],[17.113908500094684,48.633428500425126],[17.099775499902456,48.64129850019214],[17.098909999649294,48.64514099990621],[17.089318499381285,48.64589899972678],[17.104378999443266,48.649671500225764],[17.104004999846676,48.65458300002741],[17.11549550013954,48.662998000427145],[17.10815899999457,48.670753000110366],[17.066644000019963,48.68309449989129],[17.06048250059958,48.704131000147996],[17.027705999864995,48.71842550025156],[17.011614999740306,48.717167500230104],[17.013971999409325,48.727999500210906],[17.02628149981107,48.73923899973575],[17.02937450019132,48.746901499744055],[17.046509499706822,48.75809949995269],[17.054984999498217,48.75492250019443],[17.058854999415416,48.75864650011245],[17.045943500038273,48.76617649983796],[17.05820750051683,48.77027600004055],[17.069236499904598,48.77972399981979],[17.088872999802913,48.78567349996369],[17.091075000654545,48.79663700040324],[17.10587650064083,48.807572000336336],[17.105133500259633,48.82369050034769],[17.110455999693528,48.83095050044395],[17.15491799940448,48.84484950025165],[17.155565000535546,48.84251150000362],[17.14958150011668,48.84063000016456],[17.158581500344262,48.83599350033793],[17.154993499978623,48.83188199965825],[17.163125500383618,48.83034950039993],[17.161533000170905,48.82789149971456],[17.17230849992506,48.8212244998473],[17.18061100026277,48.82551900012297],[17.18644599930069,48.82476299984894],[17.183031999764147,48.8356634998527],[17.17229300033421,48.8381290000018],[17.178517999506052,48.843577500179094],[17.155721000321787,48.84622800023548],[17.19194700029487,48.87446350026335],[17.20166250035116,48.87802899983803],[17.218778499634453,48.87050899979747],[17.245419000327658,48.867680499904395],[17.26017500060875,48.860497500308426],[17.27705150072154,48.86051200035738],[17.281734999774475,48.85443250012532],[17.298514499473225,48.84930199975654],[17.305078499671996,48.84399899995338],[17.320850999426767,48.8453364998234],[17.324557500562822,48.8365860003527],[17.354261499844473,48.8218764997576],[17.36130499934474,48.81370299976741],[17.37835899970908,48.81906049986171],[17.396725500517064,48.81334999993707],[17.399425500668134,48.809100999955355],[17.390715499926166,48.80123350008001],[17.391752499557043,48.794935000152726],[17.38784499985983,48.79251299957187],[17.383143000087188,48.79392100005844],[17.360666999790663,48.78163250041214],[17.355982000523905,48.7822565002243],[17.344688000520698,48.77098799956205],[17.339384999884164,48.75272500012],[17.323346999651086,48.74019900025939],[17.320561499718504,48.74593150003689],[17.31378050039002,48.745185499984075],[17.31214450017932,48.75106300016294],[17.302225499682773,48.75526200002821],[17.296093999490488,48.74921199962261],[17.292522000380245,48.75484899960955],[17.288706500087972,48.752164499859134],[17.291532999579083,48.734944000084155],[17.312990500230917,48.736530499684555],[17.319378999631823,48.724423500382194],[17.32036199951086,48.71054800047668],[17.314038999437585,48.71240849971035],[17.304271500559594,48.710639500262495],[17.301325499967685,48.68294449959521],[17.28187749970984,48.685323499800646],[17.269794500439968,48.697039499604436],[17.269180000370365,48.70573200030684],[17.24157700002523,48.7046019996347],[17.225952999430152,48.70752350019467],[17.219537999988958,48.704125499632156],[17.22427250033756,48.69455750008383],[17.221286999349562,48.688410999696885],[17.22666499936743,48.66857600023393],[17.230961000321358,48.66844749970483],[17.23592100010419,48.66258850003164],[17.243742000236498,48.66285499961053],[17.251329499891504,48.654438499880854],[17.264066000320483,48.651577499916506],[17.27692199980671,48.63527199992894],[17.310412500008105,48.63011850027403],[17.267970999442703,48.5993855003463],[17.26574900046627,48.58949799964202],[17.234505000131055,48.58075250002191],[17.235799000554863,48.567409500009795],[17.220909999704343,48.568370999807904],[17.20548799976268,48.56222149961903],[17.202406499904438,48.56459349995615],[17.196617499451857,48.560850499694226],[17.170357500562023,48.55703799957483],[17.157032999804947,48.55137150018421],[17.11777249981292,48.54544350039845],[17.08360200066518,48.52855100015461],[17.034671499991287,48.532723499821394],[17.019348000004708,48.5308169998528],[16.986975500145366,48.537177500249044],[16.96010849933813,48.53814500010304],[16.94977799988476,48.53579199988143],[16.95378500040057,48.54471350015371],[16.942807499834473,48.55222199972859],[16.944664000043232,48.56003400019413],[16.93543249952009,48.57315849981924],[16.939162000127364,48.58328850019429],[16.93368949980149,48.60135049989927],[16.94202350045672,48.606233499985954],[16.94027800018433,48.61724549974885],[16.95600450030856,48.62327749995676],[16.96226849938627,48.632276499826126],[16.97539599957619,48.633282500264485],[16.976688499755124,48.62954949970084],[16.99609849974458,48.62378750011955],[17.002741999561696,48.62715749965055],[17.00803500031671,48.62601600017497],[17.042221000045075,48.59858499984157],[17.045251499803467,48.588447500052965],[17.042543500313556,48.58584000006878],[17.04607649942366,48.582999000203806],[17.043159000005517,48.58333899970002],[17.04372200050209,48.57691599979657],[17.038470499672645,48.57093150027618],[17.040597999911434,48.56673900012021]],[[17.362124500471765,48.81261950030757],[17.34182899959452,48.80478699959774],[17.330454499346324,48.807361999871375],[17.315428000295785,48.80527350004003],[17.30539899937492,48.80810550033],[17.296402500503298,48.79390349980777],[17.28318750067396,48.785633500088124],[17.291101999484482,48.78413449993861],[17.29214549981109,48.780482500235614],[17.308804000609236,48.78037099980145],[17.33576700037093,48.79258050040914],[17.350992000569775,48.80561949990809],[17.356021500095984,48.80459649997189],[17.3679115004652,48.80891100012894],[17.362124500471765,48.81261950030757]],[[17.1747475001045,48.685055000349905],[17.17951099950922,48.69651599992968],[17.201180499947053,48.70396850010085],[17.202380499612612,48.70900199989593],[17.183538499747304,48.722075000262535],[17.169061999556973,48.724510499635755],[17.166232500259667,48.72093449980657],[17.17180850043759,48.69502849952529],[17.1687365005599,48.68700450037722],[17.1747475001045,48.685055000349905]]],[[[16.954062000487607,48.52888799955891],[16.968958000600633,48.5279290002064],[16.984647000443097,48.51589099957349],[16.99041399932854,48.496574999987786],[16.98385650036402,48.48297000036486],[16.987971500619746,48.47581500001982],[16.969580999531704,48.479455500377966],[16.953850500422444,48.48647999976079],[16.95319900042631,48.49046100038423],[16.941611499936634,48.4868819998412],[16.9359990002107,48.49320450015467],[16.93122200055593,48.4917309998044],[16.925216999776364,48.49930049962278],[16.916973999694303,48.497907999677686],[16.91440250057029,48.49987999960859],[16.913011000635706,48.510173000064185],[16.92221300026928,48.513544499916186],[16.92017699960666,48.51953599998291],[16.942031500013076,48.52102149968147],[16.9432254999013,48.53033999959135],[16.948020000193427,48.526160500333575],[16.954062000487607,48.52888799955891]]]]}}]}
